name,company,city,state,country,address,state_clean
Silicon Valley Data Center,Fibernet,San,California,United States,250 Stockton Ave 95126-2761 San Jose USA,CA
1 First avenue,Cyxtera,Waltham,Massachusetts,United States,1st Ave 1 02451 Waltham United States,MA
1 Summer St.,Zayo Group LLC,Boston,Massachusetts,United States,"1 Summer St, 7th Floor 02110 Boston USA",MA
10 South Canal St.,Brookfield Infrastructure Partners LP,Chicago,Illinois,United States,10 S Canal St 60606-3739 Chicago USA,IL
100 Delawanna Avenue,Digital Realty Trust,Clifton,New Jersey,United States,100 Delawanna Ave 07014 Clifton USA,NJ
1001 Windward Concourse,Mapletree Redwood Data Centre Trust (MRDCT),Alpharetta,Georgia,United States,1001 Windward Concourse 30005-4154 Alpharetta USA,GA
101 Aquila Way,Digital Realty Trust,Austell,Georgia,United States,101 Aquila Way 30168 Austell United States,GA
102 S. Tejon,Data102,Colorado,Colorado,United States,102 S. Tejon 80903 Colorado Springs United States,CO
11 North Pearl,The Heights Real Estate Company,Albany,New York,United States,11 N Pearl St 12207 Albany USA,NY
1100 Empire Central Place,Zayo Group LLC,Dallas,Texas,United States,1100 Empire Central Pl 75247-4306 Dallas USA,TX
1100 White St. SW,Zayo Group LLC,Atlanta,Georgia,United States,1100 White St SW 30310-2636 Atlanta USA,GA
1102 Grand,Netrality,Kansas,Missouri,United States,1102 Grand Blvd 64106 Kansas City USA,MO
11085 Sun Center Drive,Carter Validus Mission Critical REIT,Rancho,California,United States,Sun Center Dr 11085 95670 Rancho Cordova United States,CA
111 8th Avenue,Zayo Group LLC,New,New York,United States,111 8th Avenue 10011 New York United States,NY
111 8th Avenue,Digital Realty Trust,New,New York,United States,"111 8th Ave, Suite 307 10011 New York USA",NY
111 8th Avenue,Equinix,New,New York,United States,111 8th Ave 10011 New York USA,NY
111 Town Square Place,Atlas Communications Ltd.,City,New Jersey,United States,111 Town Square Pl NJ 07310 Jersey City United States,NJ
11191 Victoria Drive,CBRE,Chaska,Minnesota,United States,11191 Victoria Drive 55318 Chaska United States,MN
1122 Third Ave.,Brookfield Infrastructure Partners LP,Seattle,Washington,United States,1122 3rd Ave 98101 Seattle USA,WA
1124 Hardy Rd,CenturyLink,Houston,Texas,United States,1124 Hardy Rd 77020 Houston United States,TX
1125 Energy Park Drive,Digital Realty Trust,Drive,Minnesota,United States,1125 Energy Park Drive MN 55108 St. Paul United States,MN
113 N Myers,Digital Realty Trust,Myers,North Carolina,United States,113 N Myers NC 28202 Charlotte United States,NC
115 Second Avenue,Digital Realty Trust,Avenue,Massachusetts,United States,115 Second Avenue MA 02451 Waltham United States,MA
1150 White Street SW,Zayo Group LLC,Atlanta,Georgia,United States,1150 White St SW 30310 Atlanta USA,GA
11500 NW 25th Street,Cable&Wireless Worldwide,6/7,Florida,United States,"11500 NW 25th Street, NW 117th Avenue, Building 6/7 FL 33172 Miami United States",FL
11525 Main Street,Lincoln Rackhouse,Broomfield,Colorado,United States,11525 Main St 80020 Broomfield USA,CO
11751 Meadowville Road,Global Securitization Services,Chester,Virginia,United States,11751 Meadowville Ln 23836-6315 Chester USA,VA
11830 Webb Chapel Road,Digital Realty Trust,Road,Texas,United States,11830 Webb Chapel Road TX 75234 Dallas United States,TX
11900 E Cornell Ave,Digital Realty Trust,Aurora,Colorado,United States,E Cornell Ave 11900 80014 Aurora United States,CO
120 E. Van Buren,Digital Realty Trust,Phoenix,Arizona,United States,120 E. Van Buren 85004 Phoenix United States,AZ
12001-12245 North Freeway,Digital Realty Trust,Freeway,Texas,United States,12001-12245 North Freeway TX 77060 Houston United States,TX
1201 Comstock,Digital Realty Trust,Santa,California,United States,1201 Comstock 95054 Santa Clara United States,CA
1210 Integrity Drive,Digital Realty Trust,Richardson,Texas,United States,1210 Integrity Dr 75081 Richardson USA,TX
1215 Integrity Drive,Digital Realty Trust,Richardson,Texas,United States,1215 Integrity Dr 75081 Richardson USA,TX
1221 Coit Road,Mapletree Redwood Data Centre Trust (MRDCT),Plano,Texas,United States,1221 Coit Rd 75075-7761 Plano USA,TX
12270 World Trade Drive,redIT,World,New York,United States,12270 World Trade Drive San Diego United States,NY
12270 World Trade Drive,Zayo Group LLC,San,California,United States,12270 World Trade Dr 92128-3765 San Diego USA,CA
1232 Alma Road,Digital Realty Trust,Road,Texas,United States,1232 Alma Road TX 75081 Richardson United States,TX
125 North Myers Street,Digital Realty Trust,Street,North Carolina,United States,125 North Myers Street NC 28202 Charlotte United States,NC
128 First Ave,Digital Realty Trust,Needham,Massachusetts,United States,128 1st Ave 02494 Needham USA,MA
1300 Federal Boulevard,Goldman Sachs,Boulevard,New Jersey,United States,1300 Federal Boulevard NJ Carteret United States,NJ
1301 Fannin,Netrality,Houston,Texas,United States,1301 Fannin St 77002 Houston USA,TX
1320 Kifer Rd,Cyxtera,Sunnyvale,California,United States,1320 Kifer Rd 94086 Sunnyvale USA,CA
1331 E Business Center Dr.,Unclaimed,Chicago,Illinois,United States,1331 E Business Center Dr. 60056 Chicago United States,IL
1350 Duane Avenue,Digital Realty Trust,Santa,California,United States,1350 Duane Avenue 95054 Santa Clara United States,CA
1400 Federal Boulevard,NASDAQ,Boulevard,New Jersey,United States,1400 Federal Boulevard NJ Carteret United States,NJ
1400 Kifer Rd,Cyxtera,Sunnyvale,California,United States,1400 Kifer Rd 94086-5306 Sunnyvale USA,CA
1420 E Devon Ave,Digital Realty Trust,Elk,Illinois,United States,1420 E Devon Ave 60007 Elk Grove Village USA,IL
14520 NE 87th St,Griffin Capital Net Lease REIT,Redmond,Nebraska,United States,14520 NE 87th St WA 98052 Redmond United States,NE
14901 FAA Blvd.,Cyxtera,Blvd.,Texas,United States,14901 FAA Blvd.  TX 76155 Fort Worth United States,TX
"14901 FAA Blvd., Building 2",Cyxtera,Worth,Texas,United States,"14901 FAA Blvd., Building 2 TX 76155 Fort Worth United States",TX
1500 Champa Street,Zayo Group LLC,Street,Colorado,United States,1500 Champa Street CO 80202 Denver United States,CO
1500 Towerview Road,Digital Realty Trust,Road,Minnesota,United States,1500 Towerview Road MN 55121 Eagan United States,MN
1506 Moran Road,Digital Realty Trust,Sterling,District of Columbia,United States,1506 Moran Rd 20166-9306 Sterling USA,DC
1525 Comstock Street,Digital Realty Trust,Santa,California,United States,1525 Comstock Street 95054 Santa Clara United States,CA
1525 Rockwell Ave,Zayo Group LLC,Cleveland,Ohio,United States,1525 Rockwell Ave. 44114 Cleveland United States,OH
1623 Farnam,Nebraska Data Centers,Omaha,Nebraska,United States,1623 Farnam Rd. 68102 Omaha United States,NE
165 Halsey,Zayo Group LLC,Newark,New Jersey,United States,165 Halsey St 07102 Newark United States,NJ
165 Halsey Meet-Me Room,Tishman Real Estate Services,Newark,New Jersey,United States,"165 Halsey St, 9th floor meet-me room 07102-2834 Newark United States",NJ
17201 Waterview Pkwy,Digital Realty Trust,Dallas,Texas,United States,17201 Waterview Pkwy 75252 Dallas USA,TX
17222 Von Karman Ave,Zayo Group LLC,Irvine,California,United States,17222 Von Karman Ave 92614-6202 Irvine USA,CA
1725 Comstock Street,Digital Realty Trust,Santa,California,United States,1725 Comstock Street 95054 Santa Clara United States,CA
17400 Von Karman Ave,Zayo Group LLC,Irvine,California,United States,17400 Von Karman Ave 92614-6206 Irvine USA,CA
1780 Business Center Drive,Digital Realty Trust,Reston,District of Columbia,United States,1780 Business Center Dr 20190-5318 Reston USA,DC
17836 Gilette Avenue,Cyxtera,Avenue,California,United States,17836 Gilette Avenue CA 92614 Irvine United States,CA
180 E Broad Street (Continental Plaza Building),Continental Realty,Columbus,Ohio,United States,180 E Broad Street 43215 Columbus United States,OH
180 Peachtree,Mapletree Redwood Data Centre Trust (MRDCT),Atlanta,Georgia,United States,180 Peachtree St NW 30303 Atlanta USA,GA
1805 Center Park Drive,Mapletree Redwood Data Centre Trust (MRDCT),Charlotte,North Carolina,United States,1805 Center Park Dr 28217-2900 Charlotte USA,NC
1808 Swift Dr.,Zayo Group LLC,Oak,Illinois,United States,1808 Swift Dr 60523 Oak Brook USA,IL
190 Park Center Plaza San Jose,Telepacific,San,California,United States,190 Park Center Plaza 95113 San Jose United States,CA
1900 S. Price Road,Digital Realty Trust,Chandler,Arizona,United States,S Price Rd 1900 85286 Chandler United States,AZ
1918 Wake Forest Rd,CenturyLink,Raleigh,North Carolina,United States,1918 Wake Forest Rd 27606 Raleigh United States,NC
1919 w Lone Cactus Dr,CyberTrails,Phoenix,Arizona,United States,1919 w Lone Cactus Dr 85027 Phoenix United States,AZ
19675 W Ten Mile Road,Mapletree Redwood Data Centre Trust (MRDCT),Southfield,Michigan,United States,19675 W 10 Mile Rd 48075 Southfield USA,MI
2 Christie Heights,Mapletree Redwood Data Centre Trust (MRDCT),Leonia,New Jersey,United States,2 Christie Heights St 07605 Leonia USA,NJ
2 Peekay Drive,Digital Realty Trust,Clifton,New Jersey,United States,Peekay Dr 2 07014 Clifton United States,NJ
2 Peekay Drive,CBRE,Clifton,New Jersey,United States,2 Peekay Dr 07014 Clifton USA,NJ
200 N. LaSalle,CenturyLink,Chicago,Illinois,United States,200 N LaSalle St 60601 Chicago United States,IL
200 North Nash Street,Digital Realty Trust,Street,California,United States,200 North Nash Street CA 90245 El Segundo United States,CA
200 Paul Avenue 1-4,Digital Realty Trust,San,California,United States,200 Paul Avenue 1-4 94110 San Francisco United States,CA
200 South 10th Street,CBRE,McAllen,Texas,United States,200 South 10th Street 78501 McAllen United States,TX
200 Technology Center,Transwestern,Miami,Florida,United States,200 SE 1st Street 33131 Miami United States,FL
2000 Kubach Road,Mapletree Redwood Data Centre Trust (MRDCT),Philadelphia,Pennsylvania,United States,2000 Kubach Rd 19116 Philadelphia USA,PA
2001 Sixth Avenue,Digital Realty Trust,Seattle,Washington,United States,2001 Sixth Avenue 98121 Seattle United States,WA
2010 East Centennial Circle,Digital Realty Trust,Tempe,Arizona,United States,2010 East Centennial Circle 85280 Tempe United States,AZ
2020 Live Oak,MCFMAX,Dallas,Texas,United States,2020 Live Oak 75201 Dallas United States,TX
2045 & 2055 LaFayette Street,Digital Realty Trust,Santa,California,United States,2045 & 2055 LaFayette Street 90210 Santa Clara United States,CA
2055 E Technology Circle,Digital Realty Trust,Tempe,Arizona,United States,2055 E Technology Circle 85284 Tempe United States,AZ
209 10th Ave South,Zayo Group LLC,Nashville,Tennessee,United States,209 10th Ave South 37203 Nashville United States,TN
210 Hudson Street,Cyxtera,Jersey,New Jersey,United States,"210 Hudson St, Suite 802 07302 Jersey City United States",NJ
210 N. Tucker Blvd,Cybercon,St.,Missouri,United States,"210 N. Tucker Blvd., Suite 700 63101 St. Louis United States",MO
210 North Tucker,Netrality,St.,Missouri,United States,210 N Tucker Blvd 63101 St. Louis USA,MO
21110 Ridgetop Circle,Digital Realty Trust,Circle,Virginia,United States,21110 Ridgetop Circle VA Sterling United States,VA
2121 S. Price Road,Digital Realty Trust,Road,Arizona,United States,2121 S. Price Road AZ 85286 Chandler United States,AZ
21551 Beaumeade Cir,Digital Realty Trust,Ashburn,District of Columbia,United States,21551 Beaumeade Cir 20147 Ashburn United States,DC
21561-21571 Beaumeade Cir,Digital Realty Trust,Ashburn,District of Columbia,United States,21561-21571 Beaumeade Cir 20147 Ashburn United States,DC
216 West Jackson Boulevard,ANET Internet Solutions,Chicago,Illinois,United States,216 West Jackson Boulevard 60606 Chicago United States,IL
21625 Gresham Drive,Digital Realty Trust,Ashburn,District of Columbia,United States,21625 Gresham Dr 20147 Ashburn USA,DC
21635 Red Rum Dr,Zayo Group LLC,Ashburn,District of Columbia,United States,21635 Red Rum Dr 20147 Ashburn USA,DC
21745 Sir Timothy Drive,Digital Realty Trust,Ashburn,District of Columbia,United States,21745 Sir Timothy Drive 20147 Ashburn USA,DC
2200 Busse Road,Digital Realty Trust,Elk,Illinois,United States,2200 Busse Rd 60007-6020 Elk Grove Village USA,IL
2220 De La Cruz Boulevard,Digital Realty Trust,Santa,California,United States,2220 De La Cruz Blvd 95050 Santa Clara USA,CA
2260 East El Segundo Blvd,Digital Realty Trust,Segundo,California,United States,2260 East El Segundo Boulevard 90245 El Segundo United States,CA
22810 International Dr,Cyxtera,Sterling,District of Columbia,United States,22810 International Dr 20166 Sterling USA,DC
22860 International Drive,Cyxtera,Drive,Virginia,United States,22860 International Drive VA 20166 Sterling United States,VA
2299 Busse Road,Digital Realty Trust,Elk,Illinois,United States,2299 Busse Rd 60007 Elk Grove Village USA,IL
22995 Wilder Court,Cyxtera,Court,Virginia,United States,22995 Wilder Court VA 20166 Sterling United States,VA
2300 NW 89th Pl,Digital Realty Trust,Miami,,United States,2300 NW 89th Pl Miami United States,FL
2323 Bryan Street,Digital Realty Trust,Street,Texas,United States,2323 Bryan Street TX 75201 Dallas United States,TX
2401 Holly Kansas City,"Wholesale Internet, Inc.",Kansas,Missouri,United States,2401 Holly St 64108 Kansas City United States,MO
2440 Marsh Lane,Digital Realty Trust,Lane,Texas,United States,2440 Marsh Lane TX 75006 Carrollton United States,TX
250 Williams Atlanta Data Center,Carter Validus Mission Critical REIT,Atlanta,Georgia,United States,250 Williams St NW 30303 Atlanta USA,GA
250 Williams Street NW,Digital Realty Trust,Atlanta,Georgia,United States,Williams St NW 250 30303 Atlanta United States,GA
251 Exchange Place,Lincoln Rackhouse,Herndon,District of Columbia,United States,251 Exchange Pl 20170-4822 Herndon USA,DC
2701 Devils Glen Road,ColoHub LLC,Bettendorf,Iowa,United States,2701 Devils Glen Road 52722 Bettendorf United States,IA
274 Brannan Street,The Swig Company,San,California,United States,274 Brannan Street 94107 San Francisco United States,CA
2775 Northwoods Parkway,Mapletree Redwood Data Centre Trust (MRDCT),Norcross,Georgia,United States,2775 Northwoods Pkwy 30071-1533 Norcross USA,GA
2805 Lafayette Street,Digital Realty Trust,Santa,California,United States,2805 Lafayette Street 95050 Santa Clara United States,CA
2820 Northwestern Parkway,Digital Realty Trust,Pkwy,California,United States,2820 Northwestern Pkwy CA 95051 Santa Clara United States,CA
3 Corporate Place,Digital Realty Trust,Piscataway,New Jersey,United States,3 Corporate Place 08854 Piscataway United States,NJ
30 E St. SW,Verizon,Washington,District of Columbia,United States,30 E St SW 20024-3224 Washington USA,DC
300 Boulevard East,Cyxtera,East,New Jersey,United States,300 Boulevard East NJ 07086 Weehawken United States,NJ
300 JFK Boulevard East,Digital Realty Trust,Weehawken,New Jersey,United States,300 JFK Boulevard East 07086 Weehawken United States,NJ
3015 Winona Avenue,Digital Realty Trust,Avenue,California,United States,3015 Winona Avenue CA 91504 Burbank United States,CA
3065 Gold Camp Drive,Carter Validus Mission Critical REIT,Rancho,California,United States,3065 Gold Camp Drive 95670 Rancho Cordova United States,CA
3080 Raymond Street,Digital Realty Trust,Street,California,United States,3080 Raymond Street CA 95054 Santa Clara United States,CA
3105 Alfred Street,Digital Realty Trust,Santa,California,United States,3105 Alfred Street 95054 Santa Clara United States,CA
3110 N. Central Ave.,Zayo Group LLC,Phoenix,Arizona,United States,3110 N Central Ave 85012 Phoenix USA,AZ
3110 North Central Avenue,Unknown,Phoenix,Arizona,United States,3110 North Central Avenue 85012 Phoenix United States,AZ
32 Avenue of the Americas,Digital Realty Trust,New,New York,United States,32 6th Ave 10013-2473 New York USA,NY
3205 Alfred Street,Digital Realty Trust,Santa,California,United States,3205 Alfred St 95054 Santa Clara USA,CA
324 E Wisconsin,Towne Investments,Milwaukee,Wisconsin,United States,324 E. Wisconsin Ave 53202 Milwaukee United States,WI
325 Hudson Street,Netrality,New,New York,United States,325 Hudson St 10013-1005 New York USA,NY
3300 Essex Drive,Mapletree Redwood Data Centre Trust (MRDCT),Richardson,Texas,United States,3300 Essex Dr 75082-9708 Richardson USA,TX
3311 S. 120th,Zayo Group LLC,Tukwila,Washington,United States,3311 S 120th Pl 98168 Tukwila USA,WA
34 St. Martin,Lincoln Rackhouse,Marlborough,Massachusetts,United States,34 St Martin Dr 01752-3021 Marlborough USA,MA
34 St. Martin Drive,RREEF,Marlborough,Massachusetts,United States,34 St. Martin Drive 01752 Marlborough United States,MA
3433 S. 120th Place,Digital Realty Trust,Tukwila,Washington,United States,3433 S 120th Pl 98168-5101 Tukwila USA,WA
"350 E Cermak Rd, Chicago",Steadfast Networks,Chicago,Illinois,United States,350 East Cermak Road 60623 Chicago United States,IL
350 E Cermak Rd. Chicago,Digital Realty Trust,Rd.,Illinois,United States,350 E Cermak Rd. IL 60623 Chicago United States,IL
"350 East Cermak, 4th floor",Cyxtera,floor,Illinois,United States,"350 East Cermak, 4th floor IL 60616 Chicago United States",IL
"350 East Cermak, 7th floor",Cyxtera,floor,Illinois,United States,"350 East Cermak, 7th floor IL 60616 Chicago United States",IL
3500 NW,Real Effects,Boca,Florida,United States,3500 NW 2nd Ave 33431 Boca Raton United States,FL
36 NE 2nd St,Digital Realty Trust,Miami,Nebraska,United States,36 NE 2nd St FL 33132 Miami United States,NE
36 NE 2nd St.,Zayo Group LLC,Miami,Nebraska,United States,36 NE 2nd St 33132 Miami USA,NE
360 Spear Street,Digital Realty Trust,San,California,United States,360 Spear St 94105-1638 San Francisco USA,CA
360TCS,360TCS,Lombard,Illinois,United States,360 E. 22nd St. 60148 Lombard United States,IL
365 Main Street,Fastmetrics,San,California,United States,365 Main Street 94105 San Francisco United States,CA
365 Main Street,Digital Realty Trust,San,California,United States,365 Main Street 94105 San Francisco United States,CA
365 S Randolphville,Digital Realty Trust,Piscataway,New Jersey,United States,365 S Randolphville 08854 Piscataway United States,NJ
365 S Randolphville Rd,Cyxtera,Piscataway,New Jersey,United States,365 S Randolphville Rd 08854 Piscataway Township USA,NJ
3705 Raymond Street,Syptec,San,California,United States,3705 Raymond Street 95054 San Jose United States,CA
375 Riverside Parkway,Cyxtera,Parkway,Georgia,United States,375 Riverside Parkway GA 30122 Lithia Springs United States,GA
375 Riverside Parkway,Digital Realty Trust,Lithia,Georgia,United States,Riverside Parkway 375 30122 Lithia Springs United States,GA
3825 NW Aloclek Place,Digital Realty Trust,Hillsboro,Oregon,United States,3825 NW Aloclek Place 97124 Hillsboro United States,OR
393 Inverness Pkwy,Zayo Group LLC,Englewood,Colorado,United States,393 Inverness Pkwy 80112-5816 Englewood USA,CO
40 Perimeter Center East,Lincoln Rackhouse,Atlanta,Georgia,United States,40 Perimeter Center E 30346 Atlanta USA,GA
400 S Akard Street,Digital Realty Trust,St.,Texas,United States,400 S Akard St. TX 75202 Dallas United States,TX
400 Tijeras Ave NW,Cyxtera,Albuquerque,New Mexico,United States,400 Tijeras Ave NW 87102 Albuquerque USA,NM
4003 East Speedway Boulevard,Unknown,Tucson,Arizona,United States,4003 East Speedway Boulevard 85712 Tucson United States,AZ
401 North Broad,Netrality,Philadelphia,Pennsylvania,United States,401 N Broad St 19108 Philadelphia USA,PA
402 Franklin Road,Mapletree Redwood Data Centre Trust (MRDCT),Brentwood,Tennessee,United States,402 Franklin Rd 37027 Brentwood USA,TN
4025 Midway Rd,Digital Realty Trust,Carrollton,Texas,United States,4025 Midway Rd TX 75007 Carrollton United States,TX
4030 Lafayette Center Drive,Digital Realty Trust,Chantilly,District of Columbia,United States,4030 Lafayette Center Drive 20151 Chantilly United States,DC
4040 Lafayette Center,Digital Realty Trust,Chantilly,District of Columbia,United States,4040 Lafayette Center 20151 Chantilly United States,DC
4050 Lafayette Center Drive,Digital Realty Trust,Chantilly,District of Columbia,United States,4050 Lafayette Center Drive 20151 Chantilly United States,DC
4100 W 190th St,Unclaimed,Torrance,California,United States,4100 W 190th St 90504 Torrance USA,CA
420 South Grand Ave.,Brookfield Infrastructure Partners LP,Los,California,United States,420 S Grand Ave 90071-1902 Los Angeles USA,CA
421 West Church Street,421 West Church Street,Jacksonville,Pennsylvania,United States,32202 Jacksonville United States 19043556474,PA
4211 Bryan St.,Brookfield Infrastructure Partners LP,Dallas,Texas,United States,4211 Bryan St 75204 Dallas USA,TX
4316 Bryan,XC Networks,Dallas,Texas,United States,4316 Bryan St 75204 Dallas USA,TX
43790 Devin Shafron Dr,Digital Realty Trust,Ashburn,District of Columbia,United States,43790 Devin Shafron Dr 20147 Ashburn United States,DC
43791 Devin Shafron Dr,Digital Realty Trust,Ashburn,District of Columbia,United States,43791 Devin Shafron Dr 20147 Ashburn United States,DC
43830 Devin Shafron Dr,Digital Realty Trust,Ashburn,District of Columbia,United States,43830 Devin Shafron Dr 20147 Ashburn United States,DC
43881 Devin Shafron Dr,Digital Realty Trust,Ashburn,District of Columbia,United States,43881 Devin Shafron Dr 20147 Ashburn United States,DC
43915 Devin Shafron Dr,Digital Realty Trust,Ashburn,District of Columbia,United States,43915 Devin Shafron Dr 20147 Ashburn United States,DC
43940 Digital Loudoun Plaza,Digital Realty Trust,Ashburn,District of Columbia,United States,43940 Digital Loudoun Plaza 20147 Ashburn United States,DC
44060 Digital Loudoun Plaza,Digital Realty Trust,Ashburn,District of Columbia,United States,44060 Digital Loudoun Plz 20147 Ashburn United States,DC
44100 Digital Loudoun Plaza,Digital Realty Trust,Ashburn,District of Columbia,United States,44100 Digital Loudoun Plz 20147 Ashburn United States,DC
44461 Chilum Place,Digital Realty Trust,Ashburn,District of Columbia,United States,44461 Chilum Pl 20147 Ashburn USA,DC
44470 Chillum Place,Digital Realty Trust,Ashburn,District of Columbia,United States,44470 Chillum Place 20147 Ashburn United States,DC
44480 Hastings Drive,Digital Realty Trust,Ashburn,District of Columbia,United States,44480 Hastings Dr 20147 Ashburn USA,DC
44480 Hastings Road,Digital Realty Trust,Ashburn,District of Columbia,United States,44480 Hastings Dr 20147 Ashburn USA,DC
44490 Chilum Place,Digital Realty Trust,Ashburn,District of Columbia,United States,44490 Chilum Pl 20147 Ashburn USA,DC
4450 Dean Lakes Blvd,Cyxtera,Shakopee,Minnesota,United States,4450 Dean Lakes Blvd 55379 Shakopee USA,MN
44520 Hastings Drive,Digital Realty Trust,Ashburn,District of Columbia,United States,44520 Hastings Dr 20147-6037 Ashburn USA,DC
449 Route,Gotham Bus,Mt.,New York,United States,449 Route 25A - Suite 116 11766 Mt. Sinai United States,NY
45845 Nokes Blvd,Cyxtera,Sterling,District of Columbia,United States,45845 Nokes Blvd 20166-6574 Sterling USA,DC
45901 Nokes Blvd,Digital Realty Trust,Sterling,District of Columbia,United States,45901 Nokes Blvd 20166-6516 Sterling USA,DC
4640 Admiralty Way,Unclaimed,Marina,California,United States,4640 Admiralty Way 90292 Marina Del Rey USA,CA
4650 Old Ironsides Drive,Cyxtera,Drive,California,United States,4650 Old Ironsides Drive CA 95054 Santa Clara United States,CA
4664 Campus Drive,Weidenhammer,Drive,Michigan,United States,4664 Campus Drive MI Kalamazoo United States,MI
470 Exchange,470 exchange,Atlanta,Georgia,United States,470 East Paces Ferry Road 30327 Atlanta United States,GA
4700 Old Ironsides Drive,Cyxtera,Drive,California,United States,4700 Old Ironsides Drive CA 95054 Santa Clara United States,CA
4849 Alpha Road,Digital Realty Trust,Road,Texas,United States,4849 Alpha Road TX 75214 Dallas United States,TX
4949 Randolph Rd NE,Cyxtera,Lake,Nebraska,United States,4949 Randolph Rd NE 98837 Moses Lake USA,NE
5000 Bowen,Mapletree Redwood Data Centre Trust (MRDCT),Arlington,Texas,United States,5000 S Bowen Rd 76017-2616 Arlington USA,TX
505 N Railroad Ave,Digital Realty Trust,Northlake,Illinois,United States,505 N Railroad Ave 60164 Northlake USA,IL
51 Peachtree Center Ave. NE,Brookfield Infrastructure Partners LP,Ave,Nebraska,United States,51 Peachtree Center Ave NE 30303-2513 Atlanta USA,NE
5101 Lafayette St.,Zayo Group LLC,Santa,California,United States,5101 Lafayette St 95054-1010 Santa Clara USA,CA
511 Building - Minnesota Technology Center,511 Building,Minneapolis,Minnesota,United States,511 11th Ave S 55415 Minneapolis United States,MN
5150 McCrimmon Parkway,Mapletree Redwood Data Centre Trust (MRDCT),Morrisville,North Carolina,United States,5150 McCrimmon Pkwy 27560 Morrisville USA,NC
5200 Rogers Road,Microsoft,San,Texas,United States,5200 Rogers Rd 78251 San Antonio USA,TX
545 Washington Boulevard,Knight Capital Group,Boulevard,New Jersey,United States,545 Washington Boulevard NJ Jersey City United States,NJ
55 Marietta,Bank Building Limited Partnership,Atlanta,Georgia,United States,55 Marietta 30303 Atlanta United States,GA
55 Middlesex Turnpike,Digital Realty Trust,Turnpike,Massachusetts,United States,55 Middlesex Turnpike MA 01730 Bedford United States,MA
56 Marietta Street,Digital Realty Trust,Atlanta,Georgia,United States,56 Marietta St NW 30303 Atlanta USA,GA
587 McDonnell Blvd.,Cyxtera,Blvd.,Missouri,United States,587 McDonnell Blvd. MO 63042 Hazelwood United States,MO
60 Hudson Street,Digital Realty Trust,New,New York,United States,"60 Hudson St, Floor 5 10013 New York USA",NY
600 Albany Post Road,Lincoln Rackhouse,Briarcliff,New York,United States,600 Albany Post Rd 10510-2427 Briarcliff Manor USA,NY
600 S Federal St.,Zayo Group LLC,Chicago,Illinois,United States,600 S Federal St 60605 Chicago USA,IL
600 Winter St,Digital Realty Trust,Boston,Massachusetts,United States,600 Winter St MA 02451 Boston United States,MA
611 Folsom St.,Brookfield Infrastructure Partners LP,San,California,United States,611 Folsom St 94107-1304 San Francisco USA,CA
615 N 48th St,Cyxtera,Phoenix,Arizona,United States,615 N 48th St 85008-6608 Phoenix USA,AZ
650 Townsend St,Virtustream,Francisco,California,United States,650 Townsend st CA 94013 San Francisco United States,CA
6606 LBJ Fwy,Zayo Group LLC,Dallas,Texas,United States,6606 Lyndon B Johnson Fwy 75240 Dallas USA,TX
6715 Pinecrest Drive,Lincoln Rackhouse,Plano,Texas,United States,6715 Pinecrest Dr 75024 Plano USA,TX
6900 S Peoria St,Zayo Group LLC,Centennial,Colorado,United States,6900 S Peoria St 80112-4137 Centennial USA,CO
700 Austin Ave,Zayo Group LLC,Waco,Texas,United States,700 Austin Ave 76701-2020 Waco USA,TX
701 East Trade Street,Lincoln Rackhouse,Charlotte,North Carolina,United States,701 E Trade St 28202 Charlotte USA,NC
701-703 S Lasalle St.,Vinakom,Chicago,Illinois,United States,701 S Lasalle St. 60605 Chicago United States,IL
707 Wilshire Blvd.,Zayo Group LLC,Los,California,United States,707 Wilshire Blvd 90017 Los Angeles USA,CA
710 Tucker St Louis,Hostirian,St.,Missouri,United States,710 North Tucker 63101 St. Louis United States,MO
717 Leonard Street,Digital Realty Trust,Dallas,Texas,United States,Leonard St 717 75201 Dallas United States,TX
717 North Harwood Street,Crown Castle,Dallas,Texas,United States,717 N Harwood St 75201 Dallas USA,TX
717 South Wells,Netrality,Chicago,Illinois,United States,717 S Wells St 60607 Chicago USA,IL
7185 Pollock Drive,Zayo Group LLC,Las,Nevada,United States,7185 Pollock Dr 89119-4415 Las Vegas USA,NV
720 Second Street,Digital Realty Trust,Oakland,California,United States,720 Second Street 94607 Oakland United States,CA
7218 McNeil Drive,Zayo Group LLC,Austin,Texas,United States,7218 McNeil Dr 78729-7617 Austin USA,TX
"725 S. Wells Street, Chicago ",Steadfast Networks,Chicago,Illinois,United States,"725 S. Wells St., 8th Floor 60607 Chicago United States",IL
731 E Trade St,Digital Realty Trust,Charlotte,North Carolina,United States,731 E Trade St NC 28202 Charlotte United States,NC
7337 Trade Street,Mapletree Redwood Data Centre Trust (MRDCT),San,California,United States,7337 Trade St 92121 San Diego USA,CA
739 Welch Drive,Data Center West,Medford,Oregon,United States,739 Welch Drive 97501 Medford United States,OR
7401 E. Ben White Boulevard,Digital Realty Trust,Austin,Texas,United States,E Ben White Blvd 7401 78744 Austin United States,TX
7500 Metro Center Dr,Digital Realty Trust,Austin,Texas,United States,7500 Metro Center Dr 78704 Austin United States,TX
7505 John W. Carpenter Freeway,CoreSpace,Freeway,Texas,United States,7505 John W. Carpenter Freeway TX 75247 Dallas United States,TX
7505 Mason King Court,Digital Realty Trust,Manassas,District of Columbia,United States,7505 Mason King Court 20109 Manassas United States,DC
7579 W 103rd Ave,Zayo Group LLC,Westminster,Colorado,United States,7579 W 103rd Ave 80021-4071 Westminster USA,CO
760 Doug Davis Dr,Digital Realty Trust,Atlanta,Georgia,United States,Doug Davis Dr 760 30354 Atlanta United States,GA
7620 Appling Center Dr,Zayo Group LLC,Memphis,Tennessee,United States,7620 Appling Center Drive 38133 Memphis United States,TN
7620 Metro Center Drive,Digital Realty Trust,Austin,Texas,United States,7620 Metro Center Drive 78704 Austin United States,TX
7th St.,CyrusOne,Cincinnati,Ohio,United States,West 7th Street 229 45202 Cincinnati United States,OH
80 Merritt Blvd,Digital Realty Trust,Trumbull,Connecticut,United States,80 Merritt Blvd 06611-5436 Trumbull USA,CT
800 E Business Center Dr.,Zayo Group LLC,Prospect,Illinois,United States,800 E Business Center Dr 60056-2178 Mt Prospect USA,IL
800 South Hope,Thomas Properties Group,Los,California,United States,800 South Hope Street 90017 Los Angeles United States,CA
801 Main Street NW,Dacentec,Lenoir,North Carolina,United States,801 Main Street NW NC 28645 Lenoir United States,NC
8029 Corporate Drive,Lincoln Rackhouse,Nottingham,Maryland,United States,8029 Corporate Dr 21236 Nottingham USA,MD
8100 Boone Boulevard,Digital Realty Trust,Vienna,Virginia,United States,8100 Boone Boulevard 22182 Vienna United States,VA
811 10th Ave,Brookfield Infrastructure Partners LP,New,New York,United States,811 10th Avenue 10019 New York United States,NY
8180 Green Meadows Dr,Cyxtera,Lewis,Ohio,United States,8180 Green Meadows Dr N 43035-9605 Lewis Center USA,OH
"8201 E. Riverside Drive, Building 4-6",Digital Realty Trust,Austin,Texas,United States,"E Riverside Dr 8201, Building 4-6 78744 Austin United States",TX
8217 Linton Hall Road,Digital Realty Trust,Gainesville,District of Columbia,United States,8217 Linton Hall Rd 20155 Gainesville USA,DC
840 S Canal St,Zayo Group LLC,Chicago,Illinois,United States,840 Canal St 60607 Chicago USA,IL
840 South Canal Street,Red Sea Group,Street,Illinois,United States,840 South Canal Street IL 60607 Chicago United States,IL
8435 N. Stemmons Freeway,Digital Realty Trust,Dallas,Texas,United States,N Stemmons Fwy 8435 75247 Dallas United States,TX
850 E. Collins Blvd,Digital Realty Trust,Blvd,Texas,United States,850 E. Collins Blvd TX 75081 Richardson United States,TX
8521 E Princess Dr,Cyxtera,Scottsdale,Arizona,United States,8521 E Princess Dr 85255 Scottsdale USA,AZ
8534 Concord Center Dr,Digital Realty Trust,Englewood,Colorado,United States,8534 Concord Center Dr CO 80112 Englewood United States,CO
8600 Harry Hines Blvd.,Zayo Group LLC,Dallas,Texas,United States,8600 Harry Hines Blvd 75235-3015 Dallas USA,TX
8619 Westwood Center Drive,Virtustream,Drive,Virginia,United States,8619 Westwood Center Drive VA 22182 Vienna United States,VA
900 Quality Way,Digital Realty Trust,Way,Texas,United States,900 Quality Way TX 75081 Richardson United States,TX
900 Walnut,Netrality,St.,Missouri,United States,900 Walnut St 63102 St. Louis USA,MO
904 Quality Way,Digital Realty Trust,Way,Texas,United States,904 Quality Way TX 75081 Richardson United States,TX
907 Security Row,Digital Realty Trust,Richardson,Texas,United States,Security Row 907 75081 Richardson United States,TX
908 Quality Way,Digital Realty Trust,Way,Texas,United States,908 Quality Way TX 75081 Richardson United States,TX
910Telecom,910Telecom,St.,Colorado,United States,910 15th St. CO 80202 Denver United States,CO
9110 Commerce Center Circle,Cyxtera,Littleton,Colorado,United States,Commerce Center Cir 9110 80129 Littleton United States,CO
9180 Commerce Center Circle,Cyxtera,Littleton,Colorado,United States,Commerce Center Cir 9180 80129 Littleton United States,CO
9310 Florida Palm Dr,Cyxtera,Tampa,Florida,United States,9310 Florida Palm Dr 33619 Tampa USA,FL
"9333, 9355 & 9377 Grand Ave.",Digital Realty Trust,Ave.,Illinois,United States,"9333, 9355 & 9377 Grand Ave. IL 60131 Franklin Park United States",IL
950 E. Collins Blvd,Digital Realty Trust,Blvd,Texas,United States,950 E. Collins Blvd TX 75081 Richardson United States,TX
9606 Aero Drive,redIT,Drive,California,United States,9606 Aero Drive CA 92123 San Diego United States,CA
9606 Aero Drive,Zayo Group LLC,San,California,United States,9606 Aero Dr 92123 San Diego USA,CA
9706 E. Easter Avenue,Unknown,Englewood,Colorado,United States,9706 E. Easter Avenue 80112 Englewood United States,CO
Atlanta/Smyrna,XO Communications,Smyrna,Georgia,United States,"4000 Highland Parkway SE, 1st floor 30082 Smyrna United States",GA
Austin (2100 S. IH-35),XO Communications,Austin,Texas,United States,2100 So. I H 35 78704 Austin United States,TX
Baltimore (S. Charles),XO Communications,Baltimore,Maryland,United States,100 S. Charles St. 21201 Baltimore United States,MD
Boston,XO Communications,Boston,Massachusetts,United States,"451 D Street, 3rd floor 02210 Boston United States",MA
"Cambridge (89 Fulkerson, 1st Floor",XO Communications,Cambridge,Massachusetts,United States,"89 Fulkerson St, 1st floor 02141 Cambridge United States",MA
Chicago (S. Dearborn),XO Communications,Chicago,Illinois,United States,"140 S. Dearborn St., Suite 220 60603 Chicago United States",IL
Columbus,XO Communications,Columbus,Ohio,United States,545 Scherers Court 43085 Columbus United States,OH
Dallas (Mockingbird Ln.),XO Communications,Dallas,Texas,United States,1300 W. MockingBird Lane 75247 Dallas United States,TX
Denver/Englewood (E. Easter),XO Communications,Englewood,Colorado,United States,"9706 E. Easter Avenue, Suite 100 Bldg.C 80112 Englewood United States",CO
Denver/Englewood (Inverness Way),XO Communications,Englewood,Colorado,United States,313 Inverness Way South 80112 Englewood United States,CO
Detroit/Southfield (21455 Melrose Ave.),XO Communications,Southfield,Michigan,United States,21455 Melrose Ave. 48075 Southfield United States,MI
Detroit/Southfield (21555 Melrose Ave.),XO Communications,Southfield,Michigan,United States,21555 Melrose Ave. 48075 Southfield United States,MI
Houston (Fannin St.),XO Communications,Houston,Texas,United States,"1301 Fannin Street, 11th floor 77002 Houston United States",TX
Houston (Portsmouth St.),XO Communications,Houston,Texas,United States,2401 Portsmouth Street 77098 Houston United States,TX
Maryland Heights,XO Communications,Maryland,Missouri,United States,2020 Westport Center Dr. 63146 Maryland Heights United States,MO
Minneapolis (Marquette Ave.),XO Communications,Minneapolis,Minnesota,United States,"250 Marquette Avenue, 1st floor 55401 Minneapolis United States",MN
Nashville,XO Communications,Nashville,Tennessee,United States,101 Molloy Street 37201 Nashville United States,TN
"New York (111 8th Ave., 5th Floor)",XO Communications,New,New York,United States,"111 8th Avenue, 5th floor 10011 New York United States",NY
Phoenix (3930 E. Watkins),XO Communications,Phoenix,Arizona,United States,"3930 E. Watkins, 1st Floor 85034 Phoenix United States",AZ
St. Louis (N. Tucker Blvd.),XO Communications,St.,Missouri,United States,"710 North Tucker Blvd, Suite 410 63101 St. Louis United States",MO
Abilene,Tolar Systems,Abilene,Texas,United States,1049 N 3rd St 79601 Abilene USA,TX
ACD.net MetroIX,ACD.net,Lansing,Michigan,United States,1800 N Grand River Ave 48906 Lansing United States,MI
AcroNOC INC,AcroNOC,Houston,Texas,United States,1415 Louisiana St 77002 Houston United States,TX
Advance2000,Advance2000,Williamsville,New York,United States,1140 Wehrle Drive 14221 Williamsville United States,NY
AirWorld Technology Center,"Layered Technologies, Inc.",Kansas,Missouri,United States,10828 NW AirWorld Drive 64153 Kansas City United States,MO
AirWorld Technology Center,"Layered Technologies, Inc.",Kansas,Missouri,United States,10828 NW AirWorld Drive 64153 Kansas City United States,MO
AISO Solar Powered Data Center,Aiso,Romoland,California,United States,25655 Louisa Lane 92585 Romoland United States,CA
Akron,Involta,Akron,Ohio,United States,P.O. Box 2133 OH 44309 Akron United States,OH
Albany (Airline Drive),CenturyLink,Albany,New York,United States,10 Airline Dr 12205 Albany USA,NY
Albany (North Pearl Street),FirstLight,Albany,New York,United States,11 N Pearl St 12207 Albany USA,NY
Albany Data Center,Magna5,Albany,New York,United States,194 Washington Ave 12210 Albany United States,NY
Albuquerque,Pacific Office Auromation,Blvd,Nebraska,United States,3830 Singer Blvd NE 87109 Albuquerque United States,NE
Albuquerque,NOVA Corporation,#310,New Mexico,United States,5700 W University Blvd SE #310 NM 87106 Albuquerque United States,NM
Allentown-TekPark,TierPoint,Breinigsville,Pennsylvania,United States,"9999 Hamilton Blvd, Building #4 18031 Breinigsville USA",PA
AlohaNAP,fifteenfortyseven Critical Systems Realty (1547),Kapolei,Hawaii,United States,91-340 Farrington Hwy 96707 Kapolei USA,HI
Alpharetta (Westside Parkway),Hewlett Packard (HP),Alpharetta,Georgia,United States,2525 Westside Pkwy 30004 Alpharetta USA,GA
Alpharetta Data Center,Sungard,Way,Georgia,United States,11650 Great Oaks Way GA 30005 Alpharetta United States,GA
Alpharetta Data Center 3,Carter Validus Mission Critical REIT,Alpharetta,Georgia,United States,11650 Great Oaks Way 30022-2418 Alpharetta USA,GA
Alpharetta Data Center II,Alpharetta DC,Alpharetta,Georgia,United States,1650 Union Hill Rd 30005 Alpharetta USA,GA
Altoona,Facebook,Altoona,Iowa,United States,100 Share Way NW 50009 Altoona USA,IA
Amhurst,M&T Bank,Amhurst,New York,United States,191 Park Club Ln 14221 Amhurst United States,NY
Anaheim,Aecero,Anaheim,California,United States,2463 W La Palma Ave 92801-2680 Anaheim USA,CA
Anaheim (South Harbor Boulevard),Cogent Communications Inc.,Anaheim,California,United States,"300 S Harbor Blvd., Suite 510 92805 Anaheim United States",CA
Andover,Navisite,"Rd,",Massachusetts,United States,"400 Minuteman Rd, MA 01810 Andover United States",MA
Andover Data Center 2,Carter Validus Mission Critical REIT,Andover,Massachusetts,United States,400 Minuteman Rd 01810 Andover USA,MA
Ann Arbor 1 (Avis Drive),Online Tech,Ann,Michigan,United States,640 Avis Dr 48108 Ann Arbor USA,MI
Ann Arbor 2 (Data Court),Online Tech,Ann,Michigan,United States,"5430 Data Court, Suite 300 48108 Ann Arbor United States",MI
Appliance Park,GE (General Electric Company),Louisville,Kentucky,United States,Appliance Park Loop 40218 Louisville USA,KY
Arapahoe,Flexential,Centennial,Colorado,United States,12500 East Arapahoe Road 80112 Centennial United States,CO
Arbinet 75 Broad St,Arbinet,New,New York,United States,75 Broad St. 20th Floor 10004 New York United States,NY
Arizona,Ebay,Str,Arizona,United States,4010 N 3rd Str AZ 85012 Phoenix United States,AZ
Arizona Data Centers,Arizona Data Centers,Phoenix,Arizona,United States,1534 West Knudsen 85383 Phoenix United States,AZ
ARK Data Center,Ark Datacenters,Pompano,Florida,United States,600 SW 3rd Street - Suite 2170 33060 Pompano Beach United States,FL
Asburn 1,RagingWire,Ashburn,District of Columbia,United States,44664 Guilford Dr 20147-6042 Ashburn USA,DC
Ascent Data,Ascent Data,Pittsburgh,Pennsylvania,United States,90 Beta Drive 15238 Pittsburgh United States,PA
Ashburn,Dimension Data,Ashburn,District of Columbia,United States,11730 Plaza America Dr 20190 Ashburn United States,DC
Ashburn,WiredRe,tbc,Virginia,United States,tbc VA Ashburn United States,VA
Ashburn,Amazon,Ashburn,District of Columbia,United States,21263 Smith Switch Rd 20147 Ashburn USA,DC
Ashburn,H5 Data Center,Ashburn,District of Columbia,United States,21800 Beaumeade Cir 20147-6201 Ashburn USA,DC
Ashburn,Quality Technology Services (QTS),Sterling,District of Columbia,United States,22271 Broderick Dr 20166 Sterling USA,DC
Ashburn,Infomart,Sterling,District of Columbia,United States,22080 Pacific Blvd 20166-9304 Sterling USA,DC
Ashburn,Brookfield Infrastructure Partners LP,Ashburn,District of Columbia,United States,21571 Beaumeade Cir 20147-6011 Ashburn USA,DC
Ashburn 1,Zenlayer,Ashburn,District of Columbia,United States,21721 Filigree Ct 20147-6207 Ashburn USA,DC
Ashburn 2,Dimension Data,Ashburn,District of Columbia,United States,5870 Trinity Pkwy 20120 Ashburn United States,DC
Ashburn 2,RagingWire,Ashburn,District of Columbia,United States,44610 Guilford Dr 20147 Ashburn USA,DC
Ashburn 2,Zenlayer,Ashburn,District of Columbia,United States,21691 Filigree Ct 20147-6211 Ashburn USA,DC
Ashburn 3,RagingWire,Ashburn,District of Columbia,United States,44245 Waxpool Rd 20147 Ashburn USA,DC
Asheville,Immedion,Asheville,North Carolina,United States,"100 Technology Dr, Suite C 28803-5009 Asheville USA",NC
Asheville 1,Netriplex,Asheville,North Carolina,United States,100 Technology Drive 28803 Asheville United States,NC
AT&T Hawthorne Data Center,Carter Validus Mission Critical REIT,Hawthorne,California,United States,2301 W 120th St 90250-3319 Hawthorne USA,CA
Atjeu Hosting,Atjeu,Phoenix,Arizona,United States,1515 W Deer Valley Rd 85027 Phoenix United States,AZ
Atlant,Brookfield Infrastructure Partners LP,Lithia,Georgia,United States,"375 Riverside Pkwy, Suite 100 30122 Lithia Springs USA",GA
Atlanta,EdgeConneX,Atlanta,Georgia,United States,1003 Donnelly Ave SW GA 30310 Atlanta United States,GA
Atlanta,INAP (Internap Corporation),Atlanta,Georgia,United States,250 Williams Street 30303 Atlanta United States,GA
Atlanta,"Windstream Services, LLC",Atlanta,Nebraska,United States,1593 NE Expressway 30329 Atlanta United States,NE
Atlanta,CBRE,Boulevard,Georgia,United States,1001 Summit Boulevard GA 30319 Atlanta United States,GA
Atlanta,H5 Data Center,Atlanta,Nebraska,United States,345 Courtland St NE 30308-3423 Atlanta USA,NE
Atlanta,DC Blox,Atlanta,Nebraska,United States,6 W Druid Hills Dr NE 30329 Atlanta USA,NE
Atlanta,ColoCrossing,Atlanta,Georgia,United States,34 Peachtree St SW 30303 Atlanta USA,GA
Atlanta,Brookfield Infrastructure Partners LP,Lithia,Georgia,United States,375 Riverside Pkwy 30122 Lithia Springs USA,GA
Atlanta (Alpharetta),Hewlett Packard (HP),Parkway,Georgia,United States,2525 Westside Parkway GA 30009 Alpharetta United States,GA
Atlanta (Marietta Street),Cogent Communications Inc.,Atlanta,Georgia,United States,55 Marietta St NW 30303 Atlanta United States,GA
Atlanta (North Point Parkway),Ascent Corp,Alpharetta,Georgia,United States,4905 North Point Pkwy 30009 Alpharetta USA,GA
Atlanta (Ravinia Drive),INAP (Internap Corporation),Dunwoody,Nebraska,United States,1 Ravinia Dr NE 30346 Dunwoody USA,NE
Atlanta (Suwanee),Hewlett Packard (HP),Suwanee,Georgia,United States,120 Satellite Blvd NW GA 30024 Suwanee United States,GA
Atlanta - DC1,Global-Enterprise,Atlanta,Georgia,United States,55 Marietta Street 30303 Atlanta United States,GA
Atlanta - DC2,Global-Enterprise,Atlanta,Georgia,United States,6812 Spring Road 30339 Atlanta United States,GA
Atlanta 1,Flexential,Norcross,Georgia,United States,2775 Northwoods Parkway NW 30071 Norcross United States,GA
Atlanta 1,Equinix,Atlanta,Georgia,United States,"180 Peachtree, 2nd and 6th Floors 30303 Atlanta United States",GA
Atlanta 1,CenturyLink,Atlanta,Nebraska,United States,345 Courtland St NE 30308-3420 Atlanta United States,NE
Atlanta 1,Zenlayer,Suwanee,Georgia,United States,300 Satellite Blvd NW 30024-7123 Suwanee USA,GA
Atlanta 2,CenturyLink,Atlanta,Georgia,United States,"180 Peachtree St., N.W., 3rd and 4th Floors 30303 Atlanta United States",GA
Atlanta 2,Flexential,Alpharetta,Georgia,United States,12655 Edison Dr 30022 Alpharetta USA,GA
Atlanta 4,Equinix,Atlanta,Georgia,United States,Interstate North Pkwy SE 450 30339 Atlanta United States,GA
Atlanta 5,Equinix,Norcross,Georgia,United States,Peterson Pl 2836 30071 Norcross United States,GA
Atlanta Data Center,Sungard,Atlanta,Georgia,United States,1055 Spring St NW GA 30309 Atlanta United States,GA
Atlanta Data Center,ATLDC,Atlanta,Georgia,United States,55 Marietta St NW 30303 Atlanta United States,GA
Atlanta Data Center,DataBank,Atlanta,Georgia,United States,756 W Peachtree St NW 30308 Atlanta USA,GA
Atlanta Metro,Quality Technology Services (QTS),Atlanta,Georgia,United States,1033 Jefferson St. NW 30318 Atlanta United States,GA
Atlanta NAP (GNAX Atlanta),Atlanta NAP,Atlanta,Georgia,United States,1100 white street 30310 Atlanta United States,GA
"Atlanta, Georgia",ServerFarm,Suwanee,Georgia,United States,305 Satellite Blvd 30024 Suwanee USA,GA
AtlantaNAP,"Colo Facilities Atlanta, LLC",Atlanta,Georgia,United States,1100 White St. SW 30310 Atlanta United States,GA
Atlantech Online,"Atlantech Online, Inc.",Silver,Maryland,United States,1010 Wayne Avenue 20910 Silver Spring United States,MD
Atlantic Metro Communications,Atlantic Metro Communications,New,New York,United States,325 Hudson St 10013 New York United States,NY
Atlantic Metro Communications LGA6,Atlantic Metro Communications,New,New York,United States,32 6th ave 10013 New York United States,NY
Atlantic Metro Communications ORD0,Atlantic Metro Communications,Chicago,Illinois,United States,350 East Cermak Road 60623 Chicago United States,IL
Atlantic Metro LGA4 IDC,Atlantic Metro Communications,New,New York,United States,121 Varick St 10013 New York United States,NY
Aurora,CyrusOne,Aurora,Illinois,United States,Diehl Rd 2905 60502 Aurora United States,IL
Austin,vXchnge,Austin,Texas,United States,8025 North Interstate 35 TX 78753 Austin United States,TX
Austin,Flexential,#201,Texas,United States,205 W. 9th St #201 TX 78701 Austin United States,TX
Austin,Data Foundry,One,Texas,United States,"7401 East Ben White Blvd, Ste 1000, Bldg One TX 78741 Austin United States",TX
Austin,CH3 Data,Austin,Texas,United States,1905 E 6th St TX 78702 Austin United States,TX
Austin (11501 Domain Dr.),XO Communications,Austin,Texas,United States,"11501 Domain Drive, Suite 100 in Building 5 78758 Austin USA",TX
Austin 1,Stream Data Centers,Austin,Texas,United States,1300 Park Center Dr 78753-6743 Austin USA,TX
Austin 1,OnRamp,Austin,Texas,United States,"2916 Montopolis Dr, Suite 300 78741 Austin USA",TX
Austin 2,Hewlett Packard (HP),Austin,,United States,3501 Ed Bluestein Boulevard Austin United States,TX
Austin 2,CyrusOne,Austin,Texas,United States,"7301 Metropolis Dr, Building #6 78744 Austin USA",TX
Austin 2,OnRamp,Austin,Texas,United States,7000c Burleson Rd 78744 Austin USA,TX
Austin 3,CyrusOne,Austin,Texas,United States,Metropolis Drive 7100 78744 Austin United States,TX
Austin: 1905 E. 6th Street,Alpheus Communications,Street,Texas,United States,1905 E. 6th Street TX 78702 ? Austin United States,TX
Aventus Data Centers,Aventus Data Centers,Milwaukee,Wisconsin,United States,7901 W Clinton Ave 53223-4531 Milwaukee USA,WI
Awecomm Technologies,Awecomm Technologies,Troy,Michigan,United States,"165 Kirts Blvd., #400 48084 Troy United States",MI
Baltimore,TierPoint,Baltimore,Maryland,United States,1401 Russell St 21230-2031 Baltimore USA,MD
Baltimore (Market Place),Crown Castle,Baltimore,Maryland,United States,111 Market Pl 21202 Baltimore USA,MD
Baltimore Technology Park,Baltimore Technology Park,Baltimore,Maryland,United States,1401 Russell Street 21230 Baltimore United States,MD
Baltimore Owings Mills,Expedient,Blvd.,Maryland,United States,11155 Red Run Blvd. MD 21117 Owings Mills United States,MD
Baltimore Tide Point,Expedient,Baltimore,Maryland,United States,1050 Hull Street 21230 Baltimore United States,MD
Bandwidth Exchange Building,Hostirian,St.,Missouri,United States,900 Walnut 63102 St. Louis United States,MO
Bangor (Summer Street),FirstLight,Bangor,Maine,United States,60 Summer St 04401-6446 Bangor USA,ME
Bank of America - Anaheim,Bank of America,Anaheim,California,United States,300 S Harbor Blvd 92805 Anaheim USA,CA
Beaumeade II,DBT DATA,Guilford,Ohio,United States,44610 Guilford Drive Ashburn United States,OH
Beaumeade IV,DBT DATA,Beaumeade,Maryland,United States,21800 Beaumeade Circle Ashburn United States,MD
Bedford Data Center,ColoSpace,Drive,New Hampshire,United States,8 Commerce Drive NH 03110 Bedford United States,NH
Bellingham,Green House Data,Bellingham,Washington,United States,"851 Coho Way, Suite 206 98225 Bellingham USA",WA
Beltsville,Unknown,Beltsville,Maryland,United States,7020 Virginia Manor Road 20705 Beltsville United States,MD
Beltsville,Coloco,Beltsville,Maryland,United States,11700 Montgomery Road 20705 Beltsville United States,MD
Beltsville (Montgomery Road),AiNET,Beltsville,Maryland,United States,11700 Montgomery Rd 20705 Beltsville USA,MD
Bemidji,Paul Bunyan Communications,Bemidji,Minnesota,United States,1831 Anne St. NW MN 56601 Bemidji United States,MN
Bend,OneNeck,Place,Oregon,United States,20845 Sockeye Place OR Bend United States,OR
Berkeley County,Google,avenue,South Carolina,United States,1669 Garrott avenue SC 29461 Goose Creek United States,SC
Berry Hill (Melrose Ave),CenturyLink,Berry,Tennessee,United States,708 Melrose Ave 37211 Berry Hill United States,TN
Bestline Communications,Bestline Communications,Austin,Texas,United States,"1122 Colorado St, Suite 110 78701 Austin United States",TX
Bethlehem,TierPoint,Bethlehem,Pennsylvania,United States,"3864 Courtney St, Ste 130 18017 Bethlehem USA",PA
BHI NOC,BHI,Eden,Minnesota,United States,Corporate Way 7599 55344 Eden Prairie United States,MN
Bigbyte.cc Corp.,Bigbyte.cc Corp.,Albuquerque,New Mexico,United States,123 Central Ave. NW 87102 Albuquerque United States,NM
Binary.net,Binary.net,Lincoln,Nebraska,United States,134 S. 13th St. 68508 Lincoln United States,NE
Binghamton (Henry Street),CenturyLink,Binghamton,New York,United States,144 Henry St 13901 Binghamton United States,NY
Binghamton (Henry Street),FirstLight,Binghamton,New York,United States,70 Henry St 13901 Binghamton USA,NY
Birmingham,DC Blox,Birmingham,Alabama,United States,1 Golden Flake Dr 35205-3312 Birmingham USA,AL
Birmingham (North 20th Street),CenturyLink,Birmingham,Alabama,United States,505 20th St N 35203 Birmingham United States,AL
Blue Ash,CyrusOne,Cincinnati,Ohio,United States,"4600 McAuley Pl, Floor 4 45242 Cincinnati USA",OH
BlueBridge Networks,BlueBridge Networks,Cleveland,Ohio,United States,"1255 Euclid Ave, Fifth Floor 44115 Cleveland United States",OH
Bluelock IN,Bluelock,Trail,Indiana,United States,6325 Morenci Trail IN 46268 Indianapolis United States,IN
Bluemile Columbus DC,Bluemile,Columbus,Ohio,United States,"226 North 5th Street, Third Floor 43215 Columbus United States",OH
Blythewood Data Center,Carter Validus Mission Critical REIT,Blythewood,South Carolina,United States,10301 Wilson Blvd 29016-9018 Blythewood USA,SC
Boardman,Amazon,Road,Oregon,United States,Rippee Road OR Boardman United States,OR
Boca Raton,365 Data Centers,Boca,Florida,United States,"3500 NW Boca Raton Blvd, Bldg 900 33431 Boca Raton USA",FL
Boca Raton (Conference Way North),Cogent Communications Inc.,Boca,Florida,United States,5050 Conference Way North 33431 Boca Raton United States,FL
Boise,The Benaroya Company,Boise,Idaho,United States,9700 W. Bethel Court 83709 Boise United States,ID
Boise,Involta,Way,Idaho,United States,1450 S Eagle Flight Way ID 83709 Boise United States,ID
Boise (North Capitol),CenturyLink,Boise,Idaho,United States,199 N Capitol Blvd 83702 Boise United States,ID
Boise 2,Involta,Boise,,United States,2653 S. Victory View Way Boise United States,ID
Boise (West Airportway),CenturyLink,Boise,Idaho,United States,2223 W Airportway 83702 Boise United States,ID
Borman Data Center,Hostirian,St.,Missouri,United States,11756 Borman Drive 63146 St. Louis United States,MO
Boston,EdgeConneX,Circle,Massachusetts,United States,22 Linnell Circle MA 01821 Billerica United States,MA
Boston,Expedient,Medford,Massachusetts,United States,1 Cabot Road 02155 Medford United States,MA
Boston,CoreSite,Somerville,Massachusetts,United States,70 Inner Belt Rd 02143 Somerville USA,MA
Boston,Brookfield Infrastructure Partners LP,Watertown,Massachusetts,United States,486 Arsenal St 02472 Watertown USA,MA
Boston (Innerbelt Road),Cogent Communications Inc.,Somerville,Massachusetts,United States,59 Innerbelt Road 02143 Somerville United States,MA
Boston 1,Equinix,Waltham,Massachusetts,United States,"74 West St, 1st Floor 02451 Waltham United States",MA
Boston 1,INAP (Internap Corporation),Somerville,Massachusetts,United States,70 Innerbelt Rd MA 02413 Somerville United States,MA
Boston 2,Equinix,Road,Massachusetts,United States,41 Alexander Road MA 01821 Billerica United States,MA
Boston 2,INAP (Internap Corporation),Belt,Massachusetts,United States,50 Inner Belt MA 02143 Somerville United States,MA
Boston 2,Equinix,Billerica,Massachusetts,United States,Alexander Rd 41 01821 Billerica United States,MA
Boston BOS-020 data center,Sungard,Boston,Massachusetts,United States,20 Overland St MA 02215 Boston United States,MA
Boston BOS-70 data center,Sungard,Somerville,Massachusetts,United States,Inner Belt Rd 70 02143 Somerville United States,MA
Boston Data Center,Colocation America,Marlborough,Massachusetts,United States,"34 St Martin Dr, Suite 3 01752-3021 Marlborough USA",MA
Boston Data Center (Somerville),ColoSpace,Road,Massachusetts,United States,70 Inner Belt Road MA 02143 Somerville United States,MA
Boston-Andover,TierPoint,Andover,Massachusetts,United States,15 Shattuck Rd 01810-2429 Andover USA,MA
Boston-Charlestown,TierPoint,Boston,Massachusetts,United States,500 Rutherford Ave 02129 Boston USA,MA
Boston-Marlborough,TierPoint,Marlborough,Massachusetts,United States,34 St Martin Dr 01752-3021 Marlborough USA,MA
Boydton Virginia,Microsoft,Boydton,Virginia,United States,"Plank Road Industrial Park, Herbert Dr & Route 58 VA Boydton United States",VA
Bresco Broadband,Bresco Broadband,Columbus,Ohio,United States,180 E. Broad Street 43215 Columbus United States,OH
Broadband One,Host.net,Boca,Florida,United States,"3500 NW Boca Raton Blvd, Bldg 900 33431 Boca Raton United States",FL
BroadRiver DC1,BroadRiver,Atlanta,Georgia,United States,"1000 Hemphill Ave, NW 30318 Atlanta United States",GA
BroadRiver DC3,BroadRiver,Atlanta,Georgia,United States,1120 Curran Street NW 30318 Atlanta United States,GA
Brookfield,"Windstream Services, LLC",Brookfield,Wisconsin,United States,13935 Bishops Dr 53005 Brookfield USA,WI
Brooklyn,ColoGuard,Brooklyn,New York,United States,"882 3rd Avenue, 8th Floor 11232 Brooklyn United States",NY
Brookwood,Flexential,Hillsboro,Nebraska,United States,5737 NE Huffman St 97124 Hillsboro USA,NE
Brunswick (Resilient Circle),FirstLight,Brunswick,Maine,United States,Resilient Circle 04011 Brunswick USA,ME
Brunswick Landing,Oxford Networks,Landing,Maine,United States,Brunswick Landing ME 04011 Brunswick United States,ME
Bryan,Frontier Communications Corporation,Bryan,Texas,United States,124 E 26th St 77803-5325 Bryan USA,TX
Buffalo,365 Data Centers,Buffalo,New York,United States,350 Main Street 14202 Buffalo United States,NY
Buffalo,CentriLogic,Buffalo,New York,United States,350 Main Street 14202 Buffalo United States,NY
Buffalo,ColoCrossing,Buffalo,New York,United States,325 Delaware Ave 14202 Buffalo USA,NY
Building 045,IBM,Austin,Texas,United States,11400 Burnet Rd 78758 Austin USA,TX
Burlington (Krupp Drive),FirstLight,Williston,Vermont,United States,45 Krupp Dr 05495-8911 Williston USA,VT
Burlington Data Center,ColoSpace,Burlington,Vermont,United States,Burlington VT Burlington United States,VT
BurstNET,Burst.net,Scranton,Pennsylvania,United States,422 Prescott Ave 18510 Scranton United States,PA
Bush Terminal Telecom Center,CoreIT,Brooklyn,New York,United States,"882 3rd Avenue, 9th Floor 11232 Brooklyn United States",NY
C I Host Chicago,C I Host,Chicago,Illinois,United States,900 North Franklin 60610 Chicago United States,IL
C I Host Dallas,C I Host,Bredford,Texas,United States,"1851 Central Drive, Suite 110 76021 Bredford United States",TX
C I Host Newark,C I Host,Newark,New Jersey,United States,535-541 Martin Luther King Jr. Blvd 07102 Newark United States,NJ
C7 Lindon,"C7 Data Centers, Cloud and IT Services",Lindon,Utah,United States,357 S. 670 W. UT 84042 Lindon United States,UT
"Cambridge (89 Fulkerson, 2nd Floor)",XO Communications,Cambridge,Massachusetts,United States,"89 Fulkerson St, 2nd floor 02141-2028 Cambridge USA",MA
Campus View,Flexential,Jordan,Utah,United States,7202 Campus View Dr UT 84084 West Jordan United States,UT
Canton,SecureData 365,Canton,Ohio,United States,4726 Hills and Dales Rd NW 44708-1512 Canton USA,OH
Capital Internet,Capital Internet,Atlanta,Georgia,United States,200 Sandy Springs Place 30328 Atlanta United States,GA
Carlsbad,Qualigen,Carlsbad,California,United States,2042 Corte Del Nogal 92011-1438 Carlsbad USA,CA
Carlstadt CRL-410 Data Center,Sungard,Ave,New Jersey,United States,410 Washington Ave NJ 07072 Carlstadt United States,NJ
Carlstadt CRL-760 Data Center,Sungard,Ave,New Jersey,United States,760 Washington Ave NJ 07072 Carlstadt United States,NJ
Carlstadt CRL-777 Data Center,Sungard,Blvd,New Jersey,United States,777 Central Blvd NJ 07072 Carlstadt United States,NJ
Carolina Internet / CaroNet,CaroNet,Charlotte,North Carolina,United States,900 Center Park Drive Suite A 28217 Charlotte United States,NC
Carrier Center Los Angeles,Digital Realty Trust,Los,California,United States,600 W 7th St 90017 Los Angeles USA,CA
Carrollton,Fogo Data Centers,Drive,Georgia,United States,340 Tom Reeve Drive GA 30117 Carrollton United States,GA
Carrollton,CyrusOne,Carrollton,Texas,United States,1649 W Frankford Rd 75007-4605 Carrollton USA,TX
Carson 1,Flexential,Ave,Nevada,United States,302 E. Carson Ave NV 89101 Las Vegas United States,NV
Carson 2,Flexential,Las,Nevada,United States,304 E. Carson Ave 89101 Las Vegas United States,NV
Catonsville,TEK Systems,Baltimore,Maryland,United States,5525 Research Park Dr 21228 Baltimore USA,MD
Cavern Technologies,Cavern Technologies,Lenexa,Kansas,United States,17501 W 98th St 66219 Lenexa United States,KS
CBTS - Lombard,CBTS,Lombard,Illinois,United States,1850 W Srpinger 60148 Lombard United States,IL
CBTS Cincinnati Data Center,CBTS,Cincinnati,Ohio,United States,1 Main St. 45202 Cincinnati United States,OH
CBTS Florence Data Center,CBTS,Florence,Kentucky,United States,987 Central Blvd. 41042 Florence United States,KY
CBTS Gold Coast Data Center,CBTS,Blue,Ohio,United States,55 Miners Way 45249 Blue Ash United States,OH
CBTS Grand Rapids Data Center,CBTS,Grand,Michigan,United States,5832 Rivers Edge Rd 49503 Grand Rapids United States,MI
CBTS Hamilton Data Center,CBTS,Hamilton,Ohio,United States,123 Pine St 45011 Hamilton United States,OH
CBTS Lebanon Data Center,CBTS,Lebanon,Ohio,United States,4433 Tree Top Way 45036 Lebanon United States,OH
CBTS Lombard Data Center,CBTS,Lombard,Illinois,United States,564 Winter Lane 60148 Lombard United States,IL
CBTS Mason Data Center,CBTS,Mason,Ohio,United States,784 Forrest Hill St. 45040 Mason United States,OH
CBTS South Bend Data Center I,CBTS,South,Indiana,United States,123 Sycamore Lane 46601 South Bend United States,IN
CBTS South Bend Data Center II,CBTS,South,Indiana,United States,22 Maple Hill Run 46601 South Bend United States,IN
Cedar Falls,OneNeck,Parkway,Iowa,United States,1205 Technology Parkway IA Cedar Falls United States,IA
Cedar Hills (Millikan Way),CenturyLink,Cedar,Oregon,United States,14197 SW Millikan Way 97005 Cedar Hills United States,OR
CeraNet DC1,CeraNet,Columbus,Ohio,United States,826 Morrison Road 43230 Columbus United States,OH
Chad D. Morris,HFT Technologies,Chicago,Illinois,United States,111 W. Jackson 60647 Chicago United States,IL
Champa,Flexential,#100,Colorado,United States,1500 Champa #100 CO 80204 Denver United States,CO
Chandler,CyrusOne,Chandler,Arizona,United States,2335 S Ellis St 85286-6701 Chandler USA,AZ
Chappaqua,vXchnge,Chappaqua,New York,United States,480 Bedford Rd 10514 Chappaqua USA,NY
Charlotte,H5 Data Center,Charlotte,North Carolina,United States,10105 David Taylor Dr 28262-2372 Charlotte USA,NC
Charlotte 1,Flexential,Charlotte,North Carolina,United States,"8910 Lenox Pointe Drive, Suite A NC 28273 Charlotte United States",NC
Charlotte 2,Flexential,Charlotte,North Carolina,United States,10105 David Taylor Dr 28262-2372 Charlotte USA,NC
Charlotte Data Center 2,Carter Validus Mission Critical REIT,Charlotte,North Carolina,United States,1400 Cross Beam Dr 28217-2803 Charlotte USA,NC
Charlotte Workgroup,Sungard,Huntersville,North Carolina,United States,12200 Herbert Wayne Ct 28078 Huntersville USA,NC
"Charlotte, North Carolina",ServerFarm,Charlotte,North Carolina,United States,1805 Center Park Dr 28217-2900 Charlotte USA,NC
Charlotte-Center Park,TierPoint,Charlotte,North Carolina,United States,1805 Center Park Dr 28217-2900 Charlotte USA,NC
Charlotte-North Myers,TierPoint,Charlotte,North Carolina,United States,125 N Myers St 28202 Charlotte USA,NC
Charlotte-Rose Lake,TierPoint,Charlotte,North Carolina,United States,4021 Rose Lake Dr NC 28217 Charlotte United States,NC
Chase Bank - Shreveport,JPMorgan Chase,Shreveport,Louisiana,United States,400 Texas St 71101 Shreveport USA,LA
Chaska,Flexential,Chaska,Minnesota,United States,3500 Lyman Blvd 55318 Chaska USA,MN
Chattanooga,Peace Communications,Chattanooga,Tennessee,United States,1100 East 11th Street 37404 Chattanooga United States,TN
Chattanooga,DC Blox,Chattanooga,Tennessee,United States,810 E 16th St 37408 Chattanooga USA,TN
Cheyenne,fifteenfortyseven Critical Systems Realty (1547),Cheyenne,Wyoming,United States,340 Progress Cir 82007 Cheyenne USA,WY
Cheyenne,Green House Data,Cheyenne,Wyoming,United States,340 Progress Cir 82007 Cheyenne USA,WY
Chicago,CoreLink,Mount,Illinois,United States,800 E Business Center Drive 60056 Mount Prospect United States,IL
Chicago,ServerFarm,Chicago,Illinois,United States,"840 S Canal St, Chicago IL 60607 Chicago United States",IL
Chicago,365 Data Centers,Chicago,Illinois,United States,427 La Salle Street 60605 Chicago United States,IL
Chicago,CoreSite,Chicago,Illinois,United States,427 S. LaSalle 60605 Chicago United States,IL
Chicago,Realtime Systems Group,Chicago,Illinois,United States,311 South Wacker Drive Suite 980 IL 60606 Chicago United States,IL
Chicago,Quality Technology Services (QTS),Chicago,Illinois,United States,2800 S Ashland Ave 60608 Chicago USA,IL
Chicago,ColoCrossing,Elk,Illinois,United States,2200 Busse Rd 60007-6020 Elk Grove Village USA,IL
Chicago,EdgeConneX,Elk,Illinois,United States,2021 Lunt Ave 60007-5605 Elk Grove Village USA,IL
Chicago,fifteenfortyseven Critical Systems Realty (1547),Chicago,Illinois,United States,40 E Garfield Blvd 60615 Chicago USA,IL
Chicago,ByteGrid,Aurora,Illinois,United States,4267 Meridian Pkwy 60504-7901 Aurora USA,IL
Chicago,Brookfield Infrastructure Partners LP,Chicago,Illinois,United States,4513 N Western Ave 60625-2116 Chicago USA,IL
Chicago (CHI2),Enseva,Federal,Illinois,United States,600 S Federal IL 60605 Chicago United States,IL
Chicago (South LaSalle Street),Cogent Communications Inc.,Chicago,Illinois,United States,427 S LaSalle St 60605 Chicago USA,IL
Chicago (West Jackson Boulevard),Cogent Communications Inc.,Chicago,Illinois,United States,216 W. Jackson Blvd 60606 Chicago United States,IL
Chicago 1,CenturyLink,Chicago,Illinois,United States,"111 Canal, Suite 200 60606 Chicago United States",IL
Chicago 1,Equinix,Chicago,Illinois,United States,"350 East Cermak Rd, 5th Floor, Ste 650 60615 Chicago United States",IL
Chicago 1,Stream Data Centers,Elk,Illinois,United States,2080 Lunt Ave 60007-5606 Elk Grove Village USA,IL
Chicago 1,Zenlayer,Elk,Illinois,United States,1905 Lunt Ave 60007 Elk Grove Village USA,IL
Chicago 2,Equinix,Chicago,Illinois,United States,"350 East Cermak Rd, 6th Floor, Ste 650 60616 Chicago United States",IL
Chicago 2,CenturyLink,Chicago,Illinois,United States,"600 West Chicago Ave., 1st and 2nd floor 60610 Chicago United States",IL
Chicago 3,Equinix,Elk,Illinois,United States,1905 Lunt Ave. 60007 Elk Grove Village United States,IL
Chicago 4,Equinix,Floor,Illinois,United States,"350 East Cermak Rd, 8th Floor IL 60616 Chicago United States",IL
Chicago Board of Trade Building,Data Stream,Blvd,Illinois,United States,141 W. Jackson Blvd IL 60604 Chicago United States,IL
Chicago CHI-3100 Workgroup,Sungard,Northbrook,Illinois,United States,3100 Arnold Ln IL 60062 Northbrook United States,IL
Chicago CHI-341 Data Center,Sungard,Drive,Illinois,United States,341-361 Haynes Drive IL 60191 Wood Dale United States,IL
Chicago CHI-711 Data Center,Sungard,Ave,Illinois,United States,711 N Edgewood Ave IL 60191 Wood Dale United States,IL
Chicago Data Center 1,Colocation America,Chicago,Illinois,United States,"350 E Cermak Rd, suite 8 60616 Chicago USA",IL
Chicago Data Center 2,Carter Validus Mission Critical REIT,Downers,Illinois,United States,1501 Opus Pl 60515-5718 Downers Grove USA,IL
Chicago Data Center 2,Colocation America,Chicago,Illinois,United States,"600 S Federal St, Suite 100 60605 Chicago USA",IL
Chicago Data Center 3,Colocation America,Prospect,Illinois,United States,800 E Business Center Dr 60056-2178 Mt Prospect USA,IL
Chicago Data Center 4,Colocation America,Oak,Illinois,United States,"1808 Swift Dr, suite A 60523 Oak Brook USA",IL
Chicago data Center 5,Colocation America,Elk,Illinois,United States,2200 Busse Rd 60007-6020 Elk Grove Village USA,IL
Chicago-Polk,TierPoint,Chicago,Illinois,United States,601 W Polk St 60607 Chicago USA,IL
Chicago-West,TierPoint,Franklin,Illinois,United States,9333 W Grand Ave 60131 Franklin Park USA,IL
Chicago,INAP (Internap Corporation),Street,Illinois,United States,601 W. Polk Street IL 60607 Chicago United States,IL
Cincinnati,CenturyLink,Cincinnati,Ohio,United States,400 Pike Street 45202 Cincinnati United States,OH
Cincinnati,Flexential,West,Ohio,United States,5307 Muhlhauser Rd 45011 West Chester United States,OH
Cincinnati,H5 Data Center,Cincinnati,Ohio,United States,360 Gest St 45203-1822 Cincinnati USA,OH
Cincinnati (Meridian Way),CenturyLink,West,Ohio,United States,9490 Meridian Way 45069 West Chester United States,OH
Cincinnati Data Center,Carter Validus Mission Critical REIT,Cincinnati,Ohio,United States,8700 Governors Hill Dr 45249-1363 Cincinnati USA,OH
Cincinnatti Bell - West 7th Street,Cincinnatti Bell,Cincinnatti,Ohio,United States,209 West 7 Street 45202 Cincinnatti United States,OH
Cisp,CISP,Toledo,Ohio,United States,3035 Moffat 43615 Toledo United States,OH
City Creek Data Center,"C7 Data Centers, Cloud and IT Services",Salt,Utah,United States,179 Social Hall Ave. Suite 200 84111 Salt Lake City United States,UT
Citynet Columbus,Citynet,Columbus,Ohio,United States,251 Neilston St. 43219 Columbus United States,OH
Citynet Indianapolis,Citynet,Indianapolis,Indiana,United States,701 W. Henry St. 46225 Indianapolis United States,IN
Citynet Pittsburgh,Citynet,Pittsburgh,Pennsylvania,United States,"Allegheny Center Mall, First Floor, Suite 138 15212 Pittsburgh United States",PA
Clarksville,Hewlett Packard (HP),Clarksville,Virginia,United States,250 Burlington Drive 23927-3201 Clarksville United States,VA
Clear Rate Battle Creek POP,"Clear Rate Communications, Inc",Battle,Michigan,United States,62 Michigan Ave E 49017 Battle Creek United States,MI
Clear Rate Southfield POP,"Clear Rate Communications, Inc",Southfield,Michigan,United States,24700 Northwestern Hwy 48075 Southfield United States,MI
"ClearBearing, Inc.","ClearBearing, Inc.",Burlington,Vermont,United States,208 Flynn Ave. Ste 2E 05401 Burlington United States,VT
ClearData,ClearData,Phoenix,Arizona,United States,"4250 E. Camelback Rd., Suite K-300 85018 Phoenix United States",AZ
Cleaveland,H5 Data Center,Cleveland,Ohio,United States,1625 Rockwell Ave #100 44114 Cleveland USA,OH
Cleaveland,CenturyLink,Cleveland,Ohio,United States,"4000 Chester Ave, suite 122 44103-3612 Cleveland USA",OH
Cleveland,vXchnge,Cleveland,Ohio,United States,200 W Prospect Ave 44115 Cleveland USA,OH
Cleveland (Euclid Ave),Cogent Communications Inc.,Cleveland,Ohio,United States,"1621 Euclid Ave, 2nd floor 44115 Cleveland United States",OH
Cleveland Neo 151,Expedient,Cleveland,Ohio,United States,15166 NEO Parkway 44128 Cleveland United States,OH
Cleveland Neo 152,Expedient,Cleveland,Ohio,United States,15248 NEO Parkway 44128 Cleveland United States,OH
Cleveland Workgroup,Sungard,Ave.,Ohio,United States,"Centre Pointe, 155 Montrose West Ave. OH 44321 Akron United States",OH
CNS Colo,CNS Colo,Islandia,New York,United States,131 Hoffman Ln 11749 Islandia United States,NY
Cobalt Cheyenne,Cobalt Data Centers,Ave,Nevada,United States,7710 W Cheyenne Ave NV 89129 Las Vegas United States,NV
Cobalt Sahara,Cobalt Data Centers,Sahara,Nevada,United States,4330 E. Sahara NV 89104 Las Vegas United States,NV
Coeur D'Alene,OneEighty Networks,Coeur,Idaho,United States,422 W Appleway Ave. 83815 Coeur D'Alene United States,ID
Coinmint,Coinmint,Massena,New York,United States,194 Co Rd 45 13662 Massena USA,NY
Colo Solutions Orlando,Colo Solutions,Orlando,Florida,United States,"100 West Lucerne Circle, Suite 201 FL 32801 Orlando United States",FL
Colo@34,"COLO@, LLC",Atlanta,Georgia,United States,34 Peachtree St. 30303 Atlanta United States,GA
Colo@55,"COLO@, LLC",Atlanta,Georgia,United States,55 Marietta 30303 Atlanta United States,GA
Coloco #8,Coloco,Laurel,Maryland,United States,312 Laurel Ave 20705 Laurel United States,MD
ColoGuys,ColoGuys,Dallas,Texas,United States,1950 Stemmons Freeway 75207 Dallas United States,TX
ColoGuys#2,ColoGuys,Dallas,Texas,United States,8310 John Carpenter Freeway 75247 Dallas United States,TX
ColoHouse,ColoHouse,Miami,Florida,United States,33132 Miami United States +1 (305) 731-2225,FL
ColoHouse Miami,ColoHouse,Miami,Florida,United States,33132 Miami United States +1 (305) 731-2225,FL
ColoHouse Premier Data Center,ColoHouse,Miami,Florida,United States,36 Northeast 2nd Street #400 33132 Miami United States,FL
ColoSpace Waltham,ColoSpace,Waltham,Massachusetts,United States,265 Winter Street 02451 Waltham United States,MA
Colostore.com,Colostore.com,South,Indiana,United States,1805 South Michigan 46613 South Bend United States,IN
CoLouisiana DC1,CoLouisiana,Alexandria,Louisiana,United States,2208B Bonaventure Court 71301 Alexandria United States,LA
ColoUnlimited,ColoUnlimited,Dallas,Texas,United States,"8600 Harry Hines Blvd., #200 75235 Dallas United States",TX
Columbia,Immedion,Columbia,South Carolina,United States,1000 Catawba Street - Suite 180 29201 Columbia United States,SC
Columbia (Main Street),CenturyLink,Columbia,South Carolina,United States,1401 Main St 29203 Columbia United States,SC
Columbus,eNet Inc.,Columbus,Ohio,United States,3000 E Dublin Granville Rd 43231-4069 Columbus USA,OH
Columbus,IX Web Hosting,Columbus,Ohio,United States,1774 Dividend Dr 43228-3845 Columbus USA,OH
Columbus,Racksquared,Columbus,Ohio,United States,325 E Spring St 43215-2629 Columbus USA,OH
Columbus,Iron Mountain,Miamisburg,Ohio,United States,3366 S Tech Blvd 45342 Miamisburg USA,OH
Columbus (East Naghten Street),Verizon,Columbus,Ohio,United States,289 E Naghten St 43215-2616 Columbus USA,OH
Columbus (Front Avenue),CenturyLink,Columbus,Georgia,United States,1044 Front Ave 31901 Columbus United States,GA
Columbus (North 5th Street),Cogent Communications Inc.,Columbus,Ohio,United States,240 N 5th Street 43215 Columbus United States,OH
Columbus (North 5th Street),WOW! (Wide Open West),Columbus,Ohio,United States,226 N 5th St 43215 Columbus United States,OH
Columbus 1,CenturyLink,Columbus,Ohio,United States,226 North Fifth Street 43215 Columbus United States,OH
Columbus 1,Cologix,Columbus,Ohio,United States,555 Scherers Ct 43085-5710 Columbus USA,OH
Columbus 2,Cologix,Columbus,Ohio,United States,555 Scherers Ct 43085-5710 Columbus USA,OH
Columbus 2,CenturyLink,Columbus,Ohio,United States,1265 Indianola Ave 43201-2838 Columbus USA,OH
Columbus 3,Cologix,Columbus,Ohio,United States,585 Scherers Ct 43085 Columbus USA,OH
Columbus Dublin,Expedient,Dublin,Ohio,United States,5700 Innovation Dr 43016-3271 Dublin USA,OH
Columbus Upper Arlington,Expedient,Columbus,Ohio,United States,"5000 Arllington Centre Blvd, Building One 43220 Columbus United States",OH
Comfluent 639,910Telecom,Ave,Colorado,United States,639 E 18th Ave CO 80203 Denver United States,CO
Compark,Flexential,Englewood,Colorado,United States,8636 S Peoria St 80112 Englewood USA,CO
Connectria,Connectria,St.,Missouri,United States,210 N. Tucker Blvd 63141 St. Louis United States,MO
Consonus PDC,StraTech,West,Utah,United States,tbc 84120 West Valley City United States,UT
Consonus WDC,StraTech,Salt,Utah,United States,tbc 84104 Salt Lake City United States,UT
Continuity Centers,Continuity Centers,Woodbury,New York,United States,1000 Woodbury Rd 11797 Woodbury United States,NY
Continuity Centers Chappaqua,Continuity Centers,Chappaqua,New York,United States,Chappaqua Crossing 480 N Bedford Road 10514 Chappaqua United States,NY
Continuum Data Centers,Continuum Datacenters,Chicago,Illinois,United States,603 Discovery Dr IL 60185 West Chicago United States,IL
ControlCircle New York,ControlCircle,New,New York,United States,40 Wall street 10014 New York United States,NY
COPT DC-6,COPT,Manassas,District of Columbia,United States,9651 Hornbaker Rd 20109-3976 Manassas USA,DC
Core NAP,Core NAP,Austin,Texas,United States,7218 McNeil Dr 78729 Austin United States,TX
CoreLink Seattle02,CoreLink,Place,Washington,United States,3311 South 120th Place WA 98168 Tukwila United States,WA
CoreXchange Infomart,CoreXchange,Dallas,Texas,United States,"1950 N. Stemmons Freeway, Suite 4006 75207 Dallas United States",TX
Cornell,Flexential,Aurora,Colorado,United States,"11900 East Cornell Ave, suite A CO 80014 Aurora United States",CO
Corpus Christi,VTX1 Companies,Corpus,Texas,United States,"606 N Carancahua St, Suite 905 78401 Corpus Christi USA",TX
CoSentry Data Center 1,CoSentry,Omaha,Nebraska,United States,1001 Fort Crook Road North 68005 Omaha United States,NE
CoSentry Midlands,CoSentry,Papillion,Nebraska,United States,11425 S. 84th St 68046 Papillion United States,NE
Cottonwood,Flexential,Cottonwood,Utah,United States,6340 3000 E 3150 84121 Cottonwood Heights USA,UT
Creative Network Innovations,Creative Network Innovations (CNI),Melbourne,Florida,United States,"6905 N Wickham Rd., Ste 300 32935 Melbourne United States",FL
Crescent,CyrusOne,South,Indiana,United States,3919 Crescent Circle 46628 South Bend United States,IN
Cross Connect Solutions,Crossconnectsolutions,Philadelphia,Pennsylvania,United States,19108 Philadelphia United States www.crossconnectsolutions.com,PA
Cross Connect Solutions,Sidera Networks,Philadelphia,Pennsylvania,United States,401 N Broad Street 19123 Philadelphia United States,PA
Crucial Servers Boston,Axcelx Technologies LLC,Boston,,United States,"1 Summer St, 4th Floor MMR 2110 Boston United States",MA
CSSNW Bellingham,"CSS Integration & Communication, Inc.",Bellingham,Washington,United States,1911 C Street 98225 Bellingham United States,WA
Culpeper,Terremark,Culpeper,Virginia,United States,18155 Technology Dr. 22701 Culpeper United States,VA
Culpeper 1,Equinix,Culpeper,Virginia,United States,"Technology Dr 18155, Building A 22701 Culpeper United States",VA
Culpeper 2,Equinix,Culpeper,Virginia,United States,"Technology Dr 18155, Building B 22701 Culpeper United States",VA
Culpeper 3,Equinix,Culpeper,Virginia,United States,"Technology Dr 18155, Building C 22701 Culpeper United States",VA
Culpeper 4,Equinix,Culpeper,Virginia,United States,"Technology Dr 18155, Building D 22701 Culpeper United States",VA
Cypress Workgroup,Sungard,Ave,California,United States,6803 International Ave CA 90630 Cypress United States,CA
Dallas,INAP (Internap Corporation),Road,Texas,United States,1221 Coit Road TX 75075 Plano United States,TX
Dallas,ColoCrossing,Dallas,Texas,United States,3000 Irving Blvd. 75247 Dallas United States,TX
Dallas,TierPoint,Dallas,Texas,United States,3004 Irving Blvd. 75247 Dallas United States,TX
Dallas,Rackspace,Dallas,Texas,United States,Industrial Blvd 801 76051 Dallas United States,TX
Dallas,Carrier-1 Data Centers,Dallas,Texas,United States,1515 Round Table Drive 75247 Dallas United States,TX
Dallas,CenturyLink,Dallas,Texas,United States,3180 Irving Blvd. 75247 Dallas United States,TX
Dallas,Aligned Energy,Plano,Texas,United States,2800 Summit Ave 75074-7444 Plano USA,TX
Dallas,Brookfield Infrastructure Partners LP,Allen,Texas,United States,900 Guardian Way 75013 Allen USA,TX
Dallas,Cologlobal,Dallas,Texas,United States,400 S Akard St 75202 Dallas USA,TX
Dallas,Atlantic.Net,Dallas,Texas,United States,2323 Bryan St 75201 Dallas USA,TX
Dallas,Ascent Corp,Plano,Texas,United States,1500 E Plano Pkwy 75074 Plano USA,TX
Dallas (Regal Row),CenturyLink,Dallas,Texas,United States,1150 Regal Row 75247 Dallas United States,TX
Dallas (South Akard Street),Cogent Communications Inc.,Dallas,Texas,United States,400 S Akard St 75202 Dallas USA,TX
Dallas 1,Equinix,Dallas,Texas,United States,"1950 North Stemmons Fwy, Suite 1034 75207-3137 Dallas United States",TX
Dallas 1,Cologix,Dallas,Texas,United States,1950 N Stemmons Fwy 75207 Dallas USA,TX
Dallas 1,Zenlayer,Dallas,Texas,United States,"1950 N Stemmons Fwy, Suite 1034 75207 Dallas USA",TX
Dallas 2,Cologix,Dallas,California,United States,1950 North Stemmons Freeway 95207 Dallas United States,CA
Dallas 2,Equinix,Dallas,Texas,United States,"1950 North Stemmons Fwy, Suite 2027 TX 75201 Dallas United States",TX
Dallas 3,Equinix,Dallas,Texas,United States,"1950 North Stemmons Fwy, Suite 1039A 75207 Dallas United States",TX
Dallas 6,Equinix,Dallas,Texas,United States,1950 N Stemmons Fwy Suite 3050 TX 75207 Dallas United States,TX
Dallas 9,Equinix,Irving,Texas,United States,E Grauwyler Rd 2222 75061 Irving United States,TX
Dallas DAL-1001 Data Center,Sungard,Richardson,Texas,United States,1001 E Campbell Rd TX 75081 Richardson United States,TX
Dallas DAL-3001 Workgroup,Sungard,Prairie,Texas,United States,3001 Red Hawk Dr TX 75052 Grand Prairie United States,TX
Dallas Data Center,High Touch Technologies,Dallas,Texas,United States,"12712 Park Central Drive, Suite 204 75251 Dallas United States",TX
Dallas I,VAZATA,Texas,Texas,United States,4025 Midway Road 75007 Texas United States,TX
Dallas III,VAZATA,Carrollton,Texas,United States,4025 Midway Rd 75007-1904 Carrollton USA,TX
Dallas Texas Data Center,"Negma Business Solutions, Inc",Irving,Texas,United States,"100 E. Royal Ln, Suite T-125 75039 Irving United States",TX
Dallas-Allen,TierPoint,Allen,Texas,United States,820 Allen Commerce Pkwy 75013 Allen USA,TX
Dallas-Fort Worth,RagingWire,Garland,Texas,United States,2008 Lookout Dr 75044 Garland USA,TX
Dallas: 2323 Bryan,Alpheus Communications,Bryan,Texas,United States,2323 Bryan TX 79532 ? Dallas United States,TX
Dallas: 2914 Taylor Steet,Alpheus Communications,Street,Texas,United States,2914 Taylor Street TX 75226 ? Dallas United States,TX
Danbury,SingleHop,Danbury,Connecticut,United States,60 Backus Ave 06810-7329 Danbury USA,CT
Data 393 Englewood,"Data393 Holdings, LLC",Englewood,Colorado,United States,393 Inverness Parkway 80112 Englewood United States,CO
Data Ark - Stamford,"Data Ark Systems, LLC.",Stamford,Connecticut,United States,25 Harborview Ave. 06902 Stamford United States,CT
Data Cave,Data Cave,Columbus,Indiana,United States,2425 Technology Blvd 47201 Columbus United States,IN
Data Center 360 Spear Street,Fastmetrics,San,California,United States,360 Spear Street 94105 San Francisco United States,CA
Data Center NYC - LGA4,Data Center NYC,New,New York,United States,121 Varick St. 10013 New York United States,NY
Data Center Services Philadelphia,Philadelphia Technology Park,Philadelphia,Pennsylvania,United States,4775 League Island Boulevard 19112 Philadelphia United States,PA
Data One Kingston Pike,Data One Corporation,Knoxville,Tennessee,United States,8054 Kingston Pike 37919 Knoxville United States,TN
Data One Ray Mears,Data One Corporation,Knoxville,Tennessee,United States,8035 Ray Mears Blvd 37919 Knoxville United States,TN
Datacenter 1,New York Internet,New,New York,United States,"100 William Street, 21st floor 10038 New York City United States",NY
"Datacenter 101, LLC",Datacenter 101,Columbus,Ohio,United States,101 E. Town St. 43215 Columbus United States,OH
Datacenter 2,New York Internet,New,New York,United States,25 Broadway 10004 New York City United States,NY
DataChambers,DataChambers,Winston-Salem,North Carolina,United States,3310 Old Lexington Rd 27107 Winston-Salem United States,NC
DataPipe Somerset,Datapipe,Somerset,New Jersey,United States,200 Campus Drive 08873 Somerset United States,NJ
DataSite Orlando,DataSite,Orlando,Florida,United States,S. John Young Parkway 32819 Orlando United States,FL
Datatech Hosting,Datatech,Tampa,Florida,United States,7904 Hopi Place 33634 Tampa United States,FL
"Dataware, LLC",Dataware Services,Sioux,South Dakota,United States,2900 W 11th Street 57104 Sioux Falls United States,SD
"Dataware, LLC",Dataware Services,Sioux,South Dakota,United States,2900 W 11th Street 57104 Sioux Falls United States,SD
Datotel,Datotel,St.,Missouri,United States,710 North Tucker Blvd 63101 St. Louis United States,MO
Davey Holdings LLC,Villecolo,Prospect,Kentucky,United States,12935 W. US Hwy 42 40059 Prospect United States,KY
Dayton (South Broadway),CenturyLink,Dayton,Ohio,United States,600 S Broadway St 45417 Dayton USA,OH
DC-1,ATI Solutions,Chantilly,District of Columbia,United States,4227 Lafayette Center Dr 20151-1256 Chantilly USA,DC
DC74 (BWI-1),Lumos Data Centers (LDC),Maryland,Maryland,United States,300 West Lexington Street 21201 Maryland United States,MD
DC74 (CLT-1),Lumos Data Centers (LDC),Charlotte,North Carolina,United States,3100 International Airport Dr. Ste 500 28208 Charlotte United States,NC
DC74 (CLT-2),Segra,Charlotte,North Carolina,United States,3101 International Airport Dr. Ste 400 28208 Charlotte United States,NC
DE Philly,Digital Edge,Philadelphia,Pennsylvania,United States,401 N Broad Street 19123 Philadelphia United States,PA
Dearborn,Nexcess,Dearborn,Michigan,United States,22005 W. Outer Dr. 48124 Dearborn United States,MI
Dedicated Server Store,STEALTH - ISS® Inc,Miami,Florida,United States,1953 NW 22nd Street 33142 Miami United States,FL
DeKalb,Facebook,Dekalb,Illinois,United States,IL-23 & Gurler Rd 60115 Dekalb Township USA,IL
Delong,Flexential,St.,Utah,United States,572 S. Delong St. UT 84104 Salt Lake City United States,UT
Demonstration Data Center,Velocity Data Centers,Ann,Michigan,United States,6163 Jackson Rd 48103 Ann Arbor USA,MI
Denver,EdgeConneX,Parkway,Colorado,United States,8535 Highfield Parkway CO 80112 Englewood United States,CO
Denver,Latisys,Englewood,Colorado,United States,393 Inverness Parkway 80112 Englewood United States,CO
Denver,Equinix,Englewood,Colorado,United States,"9706 East Easter Ave., Suite 160 80112 Englewood United States",CO
Denver,Equinix,Denver,Colorado,United States,335 Inverness Drive South 80112 Denver United States,CO
Denver,Iron Mountain,Blvd.,Colorado,United States,4300 Brighton Blvd. CO 80216 Denver United States,CO
Denver,CenturyLink,Denver,Colorado,United States,1850 Pearl Street 80203 Denver United States,CO
Denver,Hosting,Denver,Colorado,United States,"900 S. Broadway, Suite 400 80209 Denver United States",CO
Denver,"Windstream Services, LLC",Denver,Colorado,United States,1200 17th St 80202 Denver USA,CO
Denver,H5 Data Center,Greenwood,Colorado,United States,5350 S Valentia Way 80111-3100 Greenwood Village USA,CO
Denver,Stream Data Centers,Westminster,Colorado,United States,7579 W 103rd Ave 80021-4071 Westminster USA,CO
Denver (East Jewell Ave),CenturyLink,Aurora,Colorado,United States,14200 E Jewell Ave 80012 Aurora United States,CO
Denver (South Ulster Street),Cogent Communications Inc.,Denver,Colorado,United States,4643 S Ulster St 80237 Denver USA,CO
Denver 1,CoreSite,Denver,Colorado,United States,910 15th St #740 80202 Denver USA,CO
Denver 1,Zenlayer,Denver,Colorado,United States,639 E 18th Ave 80203 Denver USA,CO
Denver 2,Latisys,Centennial,Colorado,United States,6900 S Peoria St CO 80112 Centennial United States,CO
Denver 2,Equinix,Englewood,Colorado,United States,Inverness Dr S 335 80112 Englewood United States,CO
Denver 2,CoreSite,Denver,Colorado,United States,1001 17th St 80202 Denver USA,CO
Denver DEN-3431 Data Center,Sungard,Aurora,Colorado,United States,3431 Windsor Dr CO 80011 Aurora United States,CO
Denver DEN-550 Data Center,Sungard,E-5,Colorado,United States,50 East 84th Ave Suite E-5 CO 80229 Thornton United States,CO
Des Moines,OneNeck,Moines,Nebraska,United States,390 NE Alices Road Des Moines United States,NE
Des Moines,LightEdge Solutions,Altoona,Iowa,United States,1401 Northridge Cir 50009 Altoona USA,IA
Detroit,EdgeConneX,Southfield,Michigan,United States,"21005 Lahser Road, Bldg 4 MI 48033 Southfield United States",MI
Detroit,CenturyLink,Southfield,Michigan,United States,19675 West Ten Mile Road 48075 Southfield United States,MI
Detroit,365 Data Centers,Southfield,Michigan,United States,24660 Lahser Rd 48033-3239 Southfield USA,MI
Detroit (North Hix Road),Online Tech,Westland,Michigan,United States,6435 N Hix Rd 48185-1958 Westland USA,MI
Detroit (West Big Beaver Road),Cogent Communications Inc.,Troy,Michigan,United States,3331 W Big Beaver Rd 48084 Troy United States,MI
Detroit Workgroup,Sungard,Hills,Michigan,United States,37900 Interchange Dr MI 48331 Farmington Hills United States,MI
DFW 1,Stream Data Centers,Dallas,Texas,United States,1460 Round Table Dr 75247-3500 Dallas USA,TX
DFW 2,Stream Data Centers,Dallas,Texas,United States,1100 Empire Central Pl 75247-4306 Dallas USA,TX
DFW 3 - Legacy Business Park,Stream Data Centers,Plano,Texas,United States,6653 Pinecrest Dr 75024-2924 Plano USA,TX
DFW 4,Stream Data Centers,Richardson,Texas,United States,3300 Essex Dr 75082-9708 Richardson USA,TX
DFW 5,Stream Data Centers,Richardson,Texas,United States,1811 E Renner Rd 75082 Richardson USA,TX
DFW 6 - Legacy Business Park,Stream Data Centers,Plano,Texas,United States,Dominion Pkwy 75024 Plano USA,TX
DFW 7 - Garland,Stream Data Centers,Garland,Texas,United States,2001 Lookout Dr 75044 Garland USA,TX
Digital Enterprise Center,Global Access Point,South,Indiana,United States,4001 Technology Drive 46628 South Bend United States,IN
DLI ONE,DLI ONE LLC,Columbus,Georgia,United States,8 Corporate Ridge Pkwy 31907 Columbus USA,GA
DLS Internet 216 Jackson,DLS Internet Services,Chicago,Illinois,United States,216 West Jackson Boulevard 60606 Chicago United States,IL
DLS Internet LITH,DLS Internet Services,Lake,Illinois,United States,950 E. Oak Street 60156 Lake in the Hills United States,IL
Doral (Northwest 82nd Avenue),Cogent Communications Inc.,Doral,Florida,United States,3701 NW 82nd Ave 33166-6635 Doral USA,FL
Douglas County,Google,Way,Georgia,United States,101 Aquila Way GA Lithia Springs United States,GA
Downtown Cincinnati,Immedion,Cincinnati,Ohio,United States,302 West Third Street 45202 Cincinnati United States,OH
Downtown Cleveland Data Center,DataBank,Cleveland,Ohio,United States,"1255 Euclid Ave, #200 44115-1820 Cleveland USA",OH
Downtown Dallas Data Center,DataBank,Dallas,Texas,United States,400 S Akard St 75202 Dallas USA,TX
Downtown Data Center,Alchemy Communications,Street,California,United States,1200 West 7th Street CA 90017 Los Angeles United States,CA
Downtown Salt Lake City Data Center,DataBank,Salt,Utah,United States,179 Social Hall Ave #200 84111 Salt Lake City USA,UT
Downtown Seattle,Digital Fortress,Seattle,Washington,United States,3101 Western Ave 98121 Seattle USA,WA
DRS Youngstown North Datacenter,DRS,Youngstown,Ohio,United States,343 Belmont Avenue 44504 Youngstown United States,OH
Dubuque,Enseva,Park,Iowa,United States,Dubuque Technology Park IA 52002 Dubuque United States,IA
Dulles,Quality Technology Services (QTS),Sterling,District of Columbia,United States,1506 Moran Rd 20166-9306 Sterling USA,DC
Duluth,Involta,Duluth,Minnesota,United States,517 E 4th St 55805 Duluth United States,MN
Durham,Emerging Markets Communications (EMC),Court,North Carolina,United States,4121 Surles Court NC 27703 Durham United States,NC
Durham (Ellis Road),CenturyLink,Durham,North Carolina,United States,924 Ellis Rd 27703 Durham United States,NC
Dynamic Quest,Dynamic Quest,Greensboro,North Carolina,United States,4821 Koger Blvd. 27407 Greensboro United States,NC
E-Solutions Tampa,Erron Pettry,Tampa,Florida,United States,400 N Tampa St. 33602 Tampa United States,FL
Eagan Data Center,Carter Validus Mission Critical REIT,Eagan,Minnesota,United States,3255 Neil Armstrong Blvd 55121-2279 Eagan USA,MN
East Breckinridge,BluegrassNet,Louisville,Kentucky,United States,321 East Breckinridge Street 40203 Louisville United States,KY
East Data Center,Flexential,Murray,Utah,United States,"3949 S 200 E, Suite B1 84107-1595 Murray USA",UT
East Twin Cities Data Center,DataBank,Boulevard,Minnesota,United States,3255 Neil Armstrong Boulevard MN 55121 Eagan United States,MN
Eastgate,Lifeline Data Center,Indianapolis,Indiana,United States,401 Shadeland Ave 46219 Indianapolis USA,IN
Eastgate Cincinnati,Immedion,Cincinnati,Ohio,United States,4270 Ivy Pointe Blvd 45245-0001 Cincinnati USA,OH
EdgeBCC,EdgeBCC,Circle,Nebraska,United States,1435 Northridge Circle NE 50009 Altoona United States,NE
"Edison, New Jersey",Steadfast Networks,Edison,New Jersey,United States,3003 Woodbridge Ave 08837 Edison USA,NJ
EDS - Tulsa,Hewlett Packard (HP),Tulsa,Oklahoma,United States,7400 N Lakewood Ave 74117-1308 Tulsa USA,OK
El Paso,MDC (McAllen Data Center),Paso,Texas,United States,11455 Cedar Oak Dr 79936-6009 El Paso USA,TX
El Paso (East Main Street),CenturyLink,Paso,Texas,United States,201 E Main St 79901 El Paso USA,TX
El Paso (West Overland),CenturyLink,Paso,Texas,United States,500 W Overland Ave 79901 El Paso USA,TX
Elgin Data Center,Carter Validus Mission Critical REIT,Elgin,Illinois,United States,2455 Alft Ln 60124-7864 Elgin USA,IL
Elmsford,Equinix,Drive,New York,United States,401 Fieldcrest Drive NY 10523 Elmsford United States,NY
Emeryville,Evocative,Emeryville,California,United States,1400 65th St 94608 Emeryville USA,CA
Englewood Colorado Data Center,"Negma Business Solutions, Inc",Englewood,Colorado,United States,"76 Inverness Drive East, Suite B 80112 Englewood United States",CO
ENGUARD Data Center,Enguard,Tulsa,Oklahoma,United States,2448 East 81st street 74137 Tulsa United States,OK
Enterhost,Enterhost,Fort,Texas,United States,"801 Cherry Street, Suite LLG50 76102 Fort Worth United States",TX
Ephrata,"Windstream Services, LLC",Ephrata,Pennsylvania,United States,140 Akron Rd 17522-2602 Ephrata USA,PA
ETC-LITH,Excalibur Technology,Lake,Illinois,United States,920 East Oak Street #4 60156 Lake in the Hills United States,IL
Everett,Green House Data,Everett,Washington,United States,"2707 Colby Ave, suite 705 98201 Everett USA",WA
EWR1,Net2EZ,Road,New Jersey,United States,101 Possumtown Road NJ 08854 Piscataway United States,NJ
Fairfax,XO Communications,Fairfax,Virginia,United States,"8613 Lee Hwy, 1st floor 22031 Fairfax USA",VA
Fall River,Granite Block Global Data Center Inc.,Fall,Massachusetts,United States,456 Bedford Street 02720 Fall River United States,MA
"Farmingdale, NY",Crown Castle,Farmingdale,New York,United States,115 Bi County Boulevard 11735 Farmingdale United States,NY
FDCservers.net Chicago,FDCservers.net LLC,Chicago,Illinois,United States,"141 West Jackson Blvd., Suite 1135 60604 Chicago United States",IL
FedConnect San Francisco,60 Fed LLC,San,California,United States,60 Federal Street 94103 San Francisco United States,CA
Federal Way Workgroup,Sungard,#200,Washington,United States,501 South 336th Street #200 WA 98003 Federal Way United States,WA
Fiber Alley Data Center,American Internet Services (AIS),San,California,United States,8913 Complex Drive 92123 San Diego United States,CA
FiberMedia 36 NE 2nd,FiberMedia,Miami,Nebraska,United States,"36 NE 2nd Street, Suite 570 33132 Miami United States",NE
FiberMedia 75 Broad,FiberMedia,New,New York,United States,75 Broad Street 10004 New York United States,NY
FiberMedia Cleveland,FiberMedia,Cleveland,Ohio,United States,1621 Euclid Ave 44115 Cleveland United States,OH
FiberMedia Seacaucus,FiberMedia,Seacaucus,New Jersey,United States,200 B Meadowlands Parkway 07094 Seacaucus United States,NJ
FiberMedia Westchester (Chappaqua),FiberMedia,Chappaqua,New York,United States,1 Reader's Digest Road 10514 Chappaqua United States,NY
Fiberpipe,Fiberpipe,Boise,Idaho,United States,10215 West Emerald St. 83704 Boise United States,ID
Fibertech Albany,Fibertech,Albany,New York,United States,80 State Street 12207 Albany United States,NY
"FIBERTOWN - Bryan, Texas",FIBERTOWN,Bryan,Texas,United States,110 N Main St 77803-3234 Bryan USA,TX
Fidelity Voice and Data,Fidelity,Cleveland,Ohio,United States,"1621 Euclid Ave, 7th floor 44115 Cleveland United States",OH
First National Technology Solutions,First National Technology Solutions,Omaha,Nebraska,United States,201 N 16th St 68197 Omaha United States,NE
Fisher Plaza Seattle,Hines Global REIT,Seattle,Washington,United States,140 4th Ave N 98109 Seattle United States,WA
Flagstaff (West Kaibab Lane),Copper State Communications,Flagstaff,Arizona,United States,1155 W Kaibab Ln 86001-6216 Flagstaff USA,AZ
Flint Data Center,Carter Validus Mission Critical REIT,Flint,Michigan,United States,5225 Exchange Dr 48507-2935 Flint USA,MI
Florence,CyrusOne,Florence,Kentucky,United States,7190 Industrial Rd 41042 Florence USA,KY
Fogo Data Center Solutions,Fogo Data Centers,Austell,Georgia,United States,340 Tom Reeve Drive 30117 Austell United States,GA
Fogo Data Centers - New Orleans,Fogo Data Centers,New,Louisiana,United States,935 Gravier St. 70112 New Orleans United States,LA
Fort Lauderdale,Flexential,Fort,Florida,United States,5301 NW 33rd Avenue 33309 Fort Lauderdale United States,FL
Fort Lauderdale (NE 3rd Avenue),CenturyLink,Fort,Florida,United States,100 Ne 3rd Ave 33301 Fort Lauderdale United States,FL
Fort Wayne,Lifeline Data Center,Fort,Indiana,United States,7601 S Anthony Blvd 46816-2513 Fort Wayne USA,IN
Fort Worth,Facebook,Fort,Texas,United States,4500 Like Way 76177 Fort Worth United States,TX
Fort Worth,Quality Technology Services (QTS),Fort,Texas,United States,14100 Park Vista Blvd 76177-3213 Fort Worth USA,TX
Frederick Data Center I,Swift Systems,Frederick,Maryland,United States,5301 Buckeystown Pike 21704 Frederick United States,MD
Fremont,XO Communications,Fremont,California,United States,"47923 Warm Springs Blvd, 1st floor 94539-7400 Fremont USA",CA
Fremont 1,Hurricane Electric,Fremont,California,United States,760 Mission Ct 94539 Fremont United States,CA
Fremont 2,Hurricane Electric,Fremont,California,United States,48233 Warm Springs Boulevard 94539 Fremont United States,CA
Frisco,Patronus Data Centers,Drive,Texas,United States,"Legacy Drive, Throne Hall Drive TX 75034 Frisco United States",TX
Frontline Data Services Data Center,Frontline Data Services,Orangeburg,New York,United States,"100 Dutch Hill Road, Suite 330 NY 10962 Orangeburg United States",NY
Ft. Lauderdale,365 Data Centers,Fort,Florida,United States,3250 W Commercial Blvd 33309 Fort Lauderdale USA,FL
Galleria,CyrusOne,Houston,Texas,United States,4201 Southwest Fwy 77027-7201 Houston USA,TX
GAP Indy Data Center,Global Access Point,Indianapolis,Indiana,United States,800 Henry Street 46225 Indianapolis United States,IN
Garner,"Five 9s Digital, LLC",Blvd,North Carolina,United States,2100 Garner Station Blvd NC 27529 Garner United States,NC
GIPNetworks Plano,GIPNetworks,Plano,Texas,United States,1009 Jupiter Rd. Suite 500 75074 Plano United States,TX
Global Dataplex Lansing,Global Dataplex,Lansing,Michigan,United States,4300 W. Saginaw 48917 Lansing United States,MI
Globecast North America,Globecast,Culver,California,United States,10525 Washington Blvd 90232-3311 Culver City USA,CA
GlobeOp,SS&C GlobeOp,Yorktown,New York,United States,1565 Front Street 10598 Yorktown Heights United States,NY
Goldcoast,CyrusOne,Cincinnati,Ohio,United States,Goldcoast Drive 11500 45249 Cincinnati United States,OH
Goleta,Impulse Advanced Communications,Goleta,California,United States,81 David Love Place 93117 Goleta United States,CA
GoRACK Data Center,Gorack,Jacksonville,Florida,United States,800 Water Street 32204 Jacksonville United States,FL
GramTel Grand Rapids,Unknown,Grand,Michigan,United States,333 Bridge St. NW 49503 Grand Rapids United States,MI
GramTel Lombard,CyrusOne,Lombard,Illinois,United States,1850 Springer Dr 60148-6419 Lombard USA,IL
Grand Forks,University of North Dakota,Forks,North Dakota,United States,Twamley Hall Room 409 264 Centennial Drive Stop 7144 ND 58202 Grand Forks United States,ND
Granite Point,"C7 Data Centers, Cloud and IT Services",Bluffdale,Utah,United States,14944 S Pony Express Rd UT 84065 Bluffdale United States,UT
Granite Point II,"C7 Data Centers, Cloud and IT Services",Dr.,Utah,United States,14926 Pony Express Dr. UT 84065 Bluffdale United States,UT
Granite Point North Data Center,DataBank,Bluffdale,Utah,United States,14944 Pony Express Rd 84065 Bluffdale USA,UT
Granite Point South Data Center,DataBank,Bluffdale,Utah,United States,14926 Pony Express Rd 84065 Bluffdale USA,UT
Greensboro (Gallimore Dairy Road),CenturyLink,Greensboro,North Carolina,United States,496 Gallimore Dairy Rd 27409 Greensboro United States,NC
Greenville,Immedion,Greenville,South Carolina,United States,"78 Global Drive, Suite 100 29607 Greenville United States",SC
Greenville (University Ridge),Green Cloud Technologies,Greenville,South Carolina,United States,411 University Ridge 29601 Greenville USA,SC
Hamilton,CyrusOne,Hamilton,Ohio,United States,103 Knightsbridge Dr 45011-3166 Hamilton USA,OH
Hamilton Managed Hosting- Aurora,Hamilton Managed Hosting&Colocation,Aurora,Nebraska,United States,1006 12th Street 68818 Aurora United States,NE
Handy Networks Denver,Handy Networks,Denver,Colorado,United States,"1801 California St, Suite 240 1801 Calif Denver United States",CO
Harland,Transcendent,Hartland,Wisconsin,United States,1040 Cottonwood Ave #300 53029-8348 Hartland USA,WI
Harlingen,VTX1 Companies,Harlingen,Texas,United States,513 E Jackson Ave 78550 Harlingen USA,TX
Harrisburg,XO Communications,Harrisburg,Pennsylvania,United States,"991 Peiffers Ln, 1st floor 17109-5908 Harrisburg USA",PA
Hartford Data Center,ColoSpace,Hartford,Connecticut,United States,Hartford CT Hartford United States,CT
Hartford Data Center,Colocation America,Waterbury,Connecticut,United States,"108 Bank St, 5th floor 06702 Waterbury USA",CT
Henrico,Facebook,Sandston,Virginia,United States,6200 Technology Blvd 23150-5000 Sandston USA,VA
Henry Street,Lifeline Data Center,Indianapolis,Indiana,United States,733 W Henry St 46225-1194 Indianapolis USA,IN
Herakles,Herakles Data Center,Blvd,California,United States,1100 N Market Blvd CA 95834 Sacramento United States,CA
Herndon,Expert Colocation,Herndon,Virginia,United States,Park Center Road Herndon VA 20171 Herndon United States,VA
Herndon,CenturyLink,Herndon,District of Columbia,United States,524 Van Buren St 20170-5106 Herndon USA,DC
Herndon (Huntmar Park Drive),Cogent Communications Inc.,Herndon,District of Columbia,United States,510 Huntmar Park Dr 20170 Herndon USA,DC
Hiawatha,Enseva,Drive,Iowa,United States,755 Metzger Drive IA 52233 Hiawatha United States,IA
Hidalgo,VTX1 Companies,Hidalgo,Texas,United States,291 S 4th St 78501 Hidalgo USA,TX
Hilliard,Verizon,Hilliard,Ohio,United States,5000 Britton Pkwy 43026 Hilliard USA,OH
Hilliard,Amazon,Hilliard,Ohio,United States,5101 Hayden Run Rd 43026 Hilliard USA,OH
Hillsboro,Fortune Data Centers,Parkway,Oregon,United States,21515 NW Evergreen Parkway OR Hillsboro United States,OR
Hillsboro,TATA Communications,Hillsboro,Oregon,United States,21101 NW Evergreen Pkwy 97124 Hillsboro USA,OR
Hillsboro Data Center Complex,Flexential,Hillsboro,Oregon,United States,"3935 NW Aloclek PL, Buildings C & D OR 97124 Hillsboro United States",OR
Honolulu (Paiea Street),CenturyLink,Honolulu,Hawaii,United States,550 Paiea St 96819 Honolulu United States,HI
Host.net Delray Beach,Host.net,Avenue,Florida,United States,1625 South Congress Avenue FL Delray Beach United States,FL
Host.net Ft. Lauderdale (formerly Hostway),Host.net,Blvd,Florida,United States,3250 West Commercial Blvd FL 33309 Ft. Lauderdale United States,FL
HostDime Orlando,Hostdime.com,Orlando,Florida,United States,"440 West Kennedy Blvd, Suite 1 32810 Orlando United States",FL
HostMySite,HostMySite,Broadway,Colorado,United States,900 S Broadway CO 80209 Denver United States,CO
Hostway Boeing Data Center,Hostway,Chicago,Illinois,United States,100 North Riverside Plaza 60606 Chicago United States,IL
Hostway Tampa,Hostway,Tampa,Florida,United States,412 East Madison Avenue 33602 Tampa United States,FL
Hot Site Data Center- Cincinnati,Hot Site Data Center,Cincinnati,Ohio,United States,2300 Montana Ave 45211 Cincinnati United States,OH
Houston,EdgeConneX,Parkway,Texas,United States,1510 Primewest Parkway TX 77449 Katy United States,TX
Houston,Skybox Datacenters,Road,Texas,United States,22000 Franz Road TX 77449 Katy United States,TX
Houston,CenturyLink,Houston,Texas,United States,12001 North Fwy 77060 Houston United States,TX
Houston,FIBERTOWN,Houston,Texas,United States,12031 North Freeway 77067 Houston United States,TX
Houston,INAP (Internap Corporation),Houston,Texas,United States,"1301 Fannin Street, Suite 1100 TX 77002 Houston United States",TX
Houston,"Windstream Services, LLC",Houston,Texas,United States,12105 North Fwy 77060 Houston USA,TX
Houston (Empire Central Drive),CenturyLink,Houston,Texas,United States,7060 Empire Central Dr 77040 Houston United States,TX
Houston (North Freeway),Cogent Communications Inc.,Houston,Texas,United States,12061 North Fwy 77090 Houston USA,TX
Houston 1,Hewlett Packard (HP),Cutten,Pennsylvania,United States,15555 Cutten Road Houston United States,PA
Houston 1,Equinix,Houston,Texas,United States,Aldine Meadows Rd 1515 77032 Houston United States,TX
Houston 1 - The Woodlands,Stream Data Centers,The,Texas,United States,4001 Technology Forest Blvd 77381 The Woodlands USA,TX
Houston 2,Data Foundry,Pkwy,Texas,United States,660 Greens Pkwy TX 77067 Houston United States,TX
Houston 2,Hewlett Packard (HP),Hockley,Texas,United States,"28401 Betka Road, Hockley TX 77447 Houston United States",TX
Houston Data Center,Data Foundry,#625,Texas,United States,"5555 San Felipe St, #625 TX 77056 Houston United States",TX
Houston Data Center,Carter Validus Mission Critical REIT,Houston,Texas,United States,225 Westlake Park Blvd 77079 Houston USA,TX
Houston Energy Corridor,Alpheus Communications,Katy,Texas,United States,1510 Primewest Pkwy 77449 Katy USA,TX
Houston HOU-12025 Data Center,Sungard,Fwy,Texas,United States,12025 North Fwy TX 77067 Houston United States,TX
Houston HOU-12175 Data Center,Sungard,Fwy,Texas,United States,12175 North Fwy TX 77067 Houston United States,TX
Houston One (Cypress Road),TRG Datacenters (Technical Realty Group),Spring,Texas,United States,2626 Spring Cypress Rd 77388 Spring USA,TX
Houston: 4635 Southwest Freeway,Alpheus Communications,Houston,Texas,United States,4635 Southwest Fwy 77027 Houston USA,TX
Huntsville,Facebook,Huntsville,Alabama,United States,35773 Huntsville USA www.facebook.com,AL
I-Evolve Data Center,I-Evolve,Buffalo,New York,United States,501 John James Audubon Parkway 14228 Buffalo United States,NY
IAD1,Net2EZ,Dulles,Virginia,United States,44480 Hastings Dr VA 20147 Dulles United States,VA
IAD3,Net2EZ,Reston,Virginia,United States,1780 Business Center Dr VA 20190 Reston United States,VA
IAD4,Net2EZ,Ashburn,Virginia,United States,44521 Hastings Dr VA 20147 Ashburn United States,VA
IC2NET Tustin Data Center,IC2NET,Tustin,California,United States,14351 Myford Rd 92780 Tustin United States,CA
iConnect Billings,iConnect Montana,Billings,Montana,United States,1030 Central Ave 59102 Billings United States,MT
iConnect Bozeman,iConnect Montana,Building,Montana,United States,Johnson Building MT Bozeman United States,MT
iConnect Helena,iConnect Montana,Helena,New York,United States,59601 Helena United States 14062945008,NY
iConnect Missoula,iConnect Montana,Missoula,New York,United States,59801 Missoula United States 14062945008,NY
IgLou Colocation,IgLou Internet Services Inc.,Louisville,Kentucky,United States,3315 Gilmore Industrial Blvd 40213 Louisville United States,KY
Indiana Data center,Indiana Data Center,Fort,Indiana,United States,620 W. Coliseum Boulevard 46808 Fort Wayne United States,IN
Indianapolis,Expedient,Carmel,Indiana,United States,"701 Congressional Blvd., Suite 100 IN 46032 Carmel United States",IN
Indianapolis,365 Data Centers,Indianapolis,Indiana,United States,"701 W Henry, Suite 101 46225 Indianapolis United States",IN
Indianapolis (West 86th Street),CenturyLink,Indianapolis,Indiana,United States,4625 W 86th St 46268 Indianapolis United States,IN
Indianapolis (West Merrill Street),Online Tech,Indianapolis,Indiana,United States,505 W Merrill St 46225 Indianapolis USA,IN
Indianapolis Workgroup,Sungard,Ave,Indiana,United States,1180 Kentucky Ave IN 46221 Indianapolis United States,IN
Infinity Data Center,"Infinity Hosting Solutions, LLC",Knoxville,Tennessee,United States,2575 Willow Point Way 103 37931 Knoxville United States,TN
Infinity Internet,Infinity Internet Inc.,Portland,Oregon,United States,"511 SW 10th Ave., 3rd floor 97205 Portland United States",OR
InfoBunker,InfoBunker,Des,Iowa,United States,3101 Ingersoll Ave 50312 Des Moines United States,IA
Infocrossing,Ensono,Omaha,Nebraska,United States,11707 Miracle Hills Dr NE 68154 Omaha United States,NE
Infocrossing,Ensono,Cir,Arizona,United States,2005 E Centennial Cir AZ 85284 Tempe United States,AZ
Infomart Dallas,Equinix,Dallas,Texas,United States,1950 N. Stemmons Freeway 75207 Dallas United States,TX
Innovation Park,COPT,Manassas,District of Columbia,United States,11400 Hornbaker Rd 20109 Manassas USA,DC
INOC,The Independent Network Operations Consortium (INOC),Albany,New York,United States,80 State Street 12207 Albany United States,NY
Intergate Columbia,Sabey Data Centers,East,Washington,United States,4405 Grant Rd 98802 East Wenatchee USA,WA
Intergate West,Fortress Colocation Centers,Blvd.,Washington,United States,12101 Tukwila International Blvd. WA 98168 Tukwila United States,WA
Intergate West,digital.forest,Blvd,Washington,United States,12301 Tukwila International Blvd WA 98168 Tukwila United States,WA
Intergate.Ashburn,Sabey Data Centers,Ashburn,District of Columbia,United States,21735 Red Rum Dr 20147 Ashburn USA,DC
Intergate.Manhattan,Sabey Data Centers,Street,New York,United States,375 Pearl Street NY New York City United States,NY
Intergate.Quincy,Sabey Data Centers,Quincy,Washington,United States,2nd Ave NW WA Quincy United States,WA
Intergate.Seattle-East,Sabey Data Centers,Tukwila,Washington,United States,3355 South 120th Pl 98168 Tukwila United States,WA
Intergate.Seattle-West,Sabey Data Centers,Tukwila,Washington,United States,12101 - 12301 Tukwila International Blvd 98168 Tukwila United States,WA
Intero Systems- Pheonix Parkway,Intero Systems,Austell,Georgia,United States,Pheonix Parkway 30349 Austell United States,GA
InterServer- New Jersey,InterServer,Secaucus,New Jersey,United States,110 Meadowlands PKWY 07094 Secaucus United States,NJ
Iowa Data Center,Infrastructure Technology Solutions,Monticello,Iowa,United States,22068 Business Hwy 151 52310 Monticello United States,IA
ipHouse Data Center,IpHouse,Minneapolis,Minnesota,United States,"331 2nd Ave S, Suite 540 55401 Minneapolis United States",MN
IPR Reading BCC,IPR International,Reading,Pennsylvania,United States,Bernville Road 19605 Reading United States,PA
IPR Wilmington CCC,IPR International,Wilmington,Delaware,United States,Market Street 19801 Wilmington United States,DE
IRIS - Nashville,iRis Networks,Nashville,Tennessee,United States,"211 Commerce Street, Suite 610 37201 Nashville United States",TN
IRIS - Nashville,IRIS,Nashville,Tennessee,United States,"211 Commerce Street, Suite 610 37201 Nashville United States",TN
Irvine,Hosting,Irvine,California,United States,16842 Von Karman Ave 92606 Irvine USA,CA
Irvine,T-Mobile US,Irvine,California,United States,2008 McGaw Ave 92614 Irvine USA,CA
Irvine Data Center,Alchemy Communications,Street,California,United States,2640 Main Street CA 92614 Irvine United States,CA
Irving,Quality Technology Services (QTS),Drive,Texas,United States,6431 Longhorn Drive TX 75063 Irving United States,TX
IS West (Agoura Ct),keyinfo,Agoura,California,United States,30077 Agoura Ct 91301 Agoura Hills United States,CA
IS West (Canwood),keyinfo,Agoura,California,United States,29219 Canwood Street 91301 Agoura Hills United States,CA
"ISafeTECH Syracuse, NY",ISafeTECH,Syracuse,New York,United States,"102 First Street, Suite 200 13209 Syracuse United States",NY
Iserv Company,Iserv,Grand,Michigan,United States,5222 33rd St 49512 Grand Rapids United States,MI
Isocentric Data Center (IDC),Isocentric Networks,Tulsa,Oklahoma,United States,"100 West 5th Street, STE 705 74103 Tulsa United States",OK
IStreet Solutions Vernon,IStreet Solutions,Vernon,California,United States,1075 Triangle Ct 95605 Vernon United States,CA
ixColo Buffalo,ixColo,St.,New York,United States,350 Main St. NY Buffalo United States,NY
Jackson,Netdoor,Jackson,Mississippi,United States,111 E Capitol Street 39202 Jackson United States,MS
Jackson County,Google,Stevenson,Alabama,United States,Steam Plant Access Rd 35772 Stevenson USA,AL
Jacksonville,EdgeConneX,Jacksonville,Florida,United States,"6602 Executive Park Court N, Unit 105 FL 32216 Jacksonville United States",FL
Jacksonville,Flexential,Road,Florida,United States,4905 Belfort Road FL 32256 Jacksonville United States,FL
Jacksonville,TierPoint,Jacksonville,Florida,United States,8324 Baymeadows Way 32256-8221 Jacksonville USA,FL
Jacksonville (West Forsyth Street),CenturyLink,Jacksonville,Florida,United States,200 W Forsyth St #1010 32202 Jacksonville United States,FL
Jacksonville 1,Cologix,Jacksonville,Florida,United States,421 W Church St 32202 Jacksonville USA,FL
Jacksonville 2,Cologix,Jacksonville,Florida,United States,4800 Spring Park Rd 32207 Jacksonville USA,FL
JeanComputech Corporation,JeannComputech Corporation,Brockton,Massachusetts,United States,37 Belmont St 02301-5225 Brockton USA,MA
Jersey City,Quality Technology Services (QTS),Jersey,New Jersey,United States,"95 Christopher Columbus Drive, 16th Floor 07302 Jersey City United States",NJ
Jersey City (Evertrust Plaza),CenturyLink,Jersey,New Jersey,United States,1 Evertrust Plz 07302 Jersey City United States,NJ
JMA NAC Los Angeles,JMA Wired,Los,California,United States,530 West 6th Street 90014 Los Angeles United States,CA
JMA Wired San Francisco,JMA Ventures,San,California,United States,360 Spear St. 94105 San Francisco United States,CA
Joes Datacenter,Joes Datacenter,Kansas,Missouri,United States,324 E. 11th St. 64024 Kansas City United States,MO
John Hancock Financial Center,John Hancock Financial Center,Boston,Massachusetts,United States,601 Congress St 02210 Boston USA,MA
JPMorgan Chase - Oklahoma City,JPMorgan Chase,Oklahoma,Oklahoma,United States,100 N Broadway Ave 73102-8614 Oklahoma City USA,OK
Kansas City,CenturyLink,Street,Missouri,United States,1100 Walnut Street MO Kansas City United States,MO
Kansas City,Cogent Communications Inc.,Kansas,Missouri,United States,1100 Main St. 64105 Kansas City United States,MO
Kansas City,CenturyLink,Kansas,Missouri,United States,1111 Main St. 64105 Kansas City United States,MO
Kansas City,LightEdge Solutions,City,Nebraska,United States,9050 NE Underground Dr 64161 Kansas City USA,NE
Kansas City,TierPoint,Kansas,Missouri,United States,10801 N Amity Ave 64153 Kansas City USA,MO
Kansas City 1 (Edmond Street),Online Tech,Joseph,Missouri,United States,825 Edmond St 64501-2737 St Joseph USA,MO
Kansas City 2 (South 58th Street),Online Tech,Joseph,Missouri,United States,1301 S 58th St 64507-7757 St Joseph USA,MO
Kansas City Data Center,CoSentry,Avenue,Missouri,United States,10801 N. Amity Avenue MO 64153 Kansas City United States,MO
KDWEB San Jose,KDweb,San,California,United States,"50 W San Fernando, 18th Floor 95122 San Jose United States",CA
Keene (Marlboro Street),FirstLight,Keene,New Hampshire,United States,310 Marlboro St 03431 Keene USA,NH
KeySpan Brentwood NY POP,KeySpan Communications,Brentwood,New York,United States,1650 Islip Ave 11717 Brentwood United States,NY
King of Prussia Data Center,Carter Validus Mission Critical REIT,King,Pennsylvania,United States,630 Clark Ave 19406-1407 King of Prussia USA,PA
Kings Mountain,Ensono,Mountain,North Carolina,United States,140 Riverside Ct NC Kings Mountain United States,NC
Knoxville,Nexus Group,Knoxville,Tennessee,United States,500 W Summit Hill Dr SW 37902 Knoxville USA,TN
La Vista Nebraska,Oath,Pkwy,Nebraska,United States,10928 Harry Watanabe Pkwy NE La Vista United States,NE
Lakeland 1,Cologix,Lakeland,Florida,United States,2850 Interstate Dr 33805-2378 Lakeland USA,FL
Laredo,MDC (McAllen Data Center),Laredo,Texas,United States,13619 Cabezut Dr 78045 Laredo USA,TX
Laredo,Grande Communications Networks LLC,Laredo,Texas,United States,520 Matamoros St 78040 Laredo USA,TX
Laredo,VTX1 Companies,Laredo,Texas,United States,520 Matamoros St 78040 Laredo USA,TX
Laredo POP,Crown Castle,Laredo,Texas,United States,302 Washington St 78040-4544 Laredo USA,TX
Las Vegas,EdgeConneX,Lane,Nevada,United States,1541 Pama Lane NV 89119 Las Vegas United States,NV
Las Vegas,Switch,Las,Nevada,United States,2475 Arden Avenue 89104 Las Vegas United States,NV
Las Vegas,Pair Networks,Vegas,Nevada,United States,6825 W Post Rd NV 89118 Las Vegas United States,NV
Las Vegas (Silvestri Lane),CenturyLink,Las,Nevada,United States,3944 Silvestri Ln 89120-3977 Las Vegas USA,NV
Las Vegas 1-6,Switch,Ave,Nevada,United States,4495 E Sahara Ave NV 89104 Las Vegas United States,NV
Las Vegas 7,Switch,Boulevard,Nevada,United States,7135 South Decatur Boulevard NV 89118 Las Vegas United States,NV
Las Vegas 8,Switch,Las,Nevada,United States,W Warm Springs Road 89139 Las Vegas USA,NV
Las Vegas 9,Switch,Las,Nevada,United States,Westwind Rd 89139 Las Vegas USA,NV
Las Vegas/Henderson,XO Communications,Henderson,Nevada,United States,"2240 Corporate Cir, 1st floor 89074-7748 Henderson USA",NV
LAS1,Fiberhub,Vegas,Nevada,United States,1110 Palms Airport Dr NV 89119 Las Vegas United States,NV
LasVegas.Net,LV.net,Vegas,Nevada,United States,2595 Fremont St NV 89104 Las Vegas United States,NV
Latisys CHI2,Latisys,Brook,Illinois,United States,"1808 Swift Dr, Unit B IL 60523 Oak Brook United States",IL
Latisys-Ashburn,Latisys,Ashburn,District of Columbia,United States,"21635 Red Rum Drive, Suite 100 20147 Ashburn United States",DC
Latisys-Chicago,Latisys,Oak,Illinois,United States,"1808 Swift Drive, Unit C 60523 Oak Brook United States",IL
Latisys-Irvine,Latisys,Irvine,California,United States,17222 Von Karman Ave. 92614 Irvine United States,CA
Laurel (Laurel Avenue),AiNET,Laurel,Maryland,United States,312 Laurel Ave 20707-4320 Laurel USA,MD
LAX Data Center,Alchemy Communications,Boulevard,California,United States,6171 West Century Boulevard CA 90045 Los Angeles United States,CA
LAX1,Net2EZ,Angeles,California,United States,1200 W 7th St CA 90017 Los Angeles United States,CA
LAX4,Net2EZ,Blvd,California,United States,2260 E El Segundo Blvd CA 90245 El Segundo United States,CA
LAX6,Net2EZ,Los,California,United States,600 W 7th St 90017 Los Angeles USA,CA
Layer42 Mountain View,Layer42 Networks,Mountain,California,United States,1555 Plymouth St 94043 Mountain View United States,CA
Layer42 Santa Clara,Layer42 Networks,Clara,Pennsylvania,United States,95054 Santa Clara United States 16509604600,PA
Lebanon (Cavendish Court),FirstLight,Lebanon,New Hampshire,United States,16 Cavendish Ct 03766-1441 Lebanon USA,NH
Legacy Park Data Center,DataBank,Plano,Texas,United States,8375 Dominion Pkwy 75024 Plano USA,TX
Lehigh Valley,DBSi,Bethlehem,Pennsylvania,United States,3949 Schelden Circle 18017 Bethlehem United States,PA
Lehigh Valley,TierPoint,Bethlehem,Pennsylvania,United States,3949 Schelden Cir 18017-8936 Bethlehem USA,PA
Lenexa,TierPoint,Lenexa,Kansas,United States,14500 W 105th St 66215-2014 Lenexa USA,KS
Lenexa Data Center,Arsalon Technologies,Boulevard,Kansas,United States,15721 College Boulevard KS 66219 Lenexa United States,KS
Lenexa Kansas,"1&1 Internet, Inc.",Lenexa,Kansas,United States,10950 Strang Line Rd 66215-2113 Lenexa USA,KS
Lenoir,Google,Lenoir,North Carolina,United States,708 Lynhaven St SW NC Lenoir United States,NC
Leonia,Ensono,Leonia,New Jersey,United States,2 Christie Heights St 07605-2233 Leonia USA,NJ
Lewisville,CyrusOne,Lewisville,Texas,United States,2501 TX-121 BUS #500 75067-8188 Lewisville USA,TX
Lexington (West Vine Street),CenturyLink,Lexington,Kentucky,United States,"333 West Vine Street, Suite 330 40507 Lexington United States",KY
Liberty Center One Data Center,Liberty Center One,Royal,Michigan,United States,4815 Delemere Ave 48073 Royal Oak United States,MI
LIDARC,The Long Island Data and Recovery Center (LIDARC),Mt.,New York,United States,1025 Old Country Rd 11590 Mt. Sinai United States,NY
LightBound - 800 Oliver,Lightbound,Indianapolis,Indiana,United States,800 Oliver Street 46225 Indianapolis United States,IN
Lightbound Indianapolis,Lightbound,Indianapolis,Indiana,United States,"731 West Henry St, Suite 200 46205 Indianapolis United States",IN
Lightwave Data Center,American Internet Services (AIS),San,California,United States,9305 Lightwave Ave 92123 San Diego United States,CA
Lincoln,Nebraska Colocation Centers,St.,Nebraska,United States,The Sharp Bldg. 206 S. 13th St. NE 68508 Lincoln United States,NE
Lindon,Flexential,Lindon,Utah,United States,333 S 520 W 84042-1911 Lindon USA,UT
Liquid Web DC1,Liquid Web,Lansing,Michigan,United States,4210 Creyts 48917 Lansing United States,MI
Liquid Web DC2,Liquid Web,Lansing,Michigan,United States,4428 S Ceryts Rd. 48917 Lansing United States,MI
Little Rock,TierPoint,Little,Arkansas,United States,15707 Chenal Pkwy 72211 Little Rock USA,AR
Little Rock (West Capitol),CenturyLink,Little,Arkansas,United States,124 West Capitol Ste 600 72201 Little Rock United States,AR
Lockport,Oath,Lockport,New York,United States,Lockport Junction Road 14094 Lockport United States,NY
Lockport 2,Oath,Lockport,New York,United States,tbc 14094 Lockport United States,NY
Login Top-Tier Data Center,"Login, Inc.",Tucson,Arizona,United States,"4003 East Speedway Boulevard, Ste 119 85712 Tucson United States",AZ
Lone Mountain,Flexential,Vegas,Nevada,United States,3330 E Lone Mountain Rd NV 89081 North Las Vegas United States,NV
Long Island,CenturyLink,Garden,New York,United States,71 Clinton Road 11530 Garden City United States,NY
Long Island Fiber - Smithtown,Sidera Networks,Nesconset,New York,United States,15 Lake Ave 11767 Nesconset United States,NY
Longview,Network Communications,Longview,Texas,United States,119 W Tyler St 75601 Longview USA,TX
Looking Glass Networks NYC Node,Looking Glass Networks,New,New York,United States,150 Varick Street 10012 New York United States,NY
Los Angeles,INAP (Internap Corporation),Ave,California,United States,3690 Redondo Beach Ave CA 90278 Redondo Beach United States,CA
Los Angeles,Cogeco Peer 1,Los,California,United States,600 West 7th Street 90017 Los Angeles United States,CA
Los Angeles,CenturyLink,Los,California,United States,818 West 7th Street 90017 Los Angeles United States,CA
Los Angeles,Expert Colocation,Angeles,California,United States,"N. Alameda St, Suite 200 CA 90012 Los Angeles United States",CA
Los Angeles,TATA Communications,Los,California,United States,624 S Grand Ave #2820 90017 Los Angeles USA,CA
Los Angeles,ColoCrossing,Los,California,United States,"530 W 6th St, Suite 901 90014 Los Angeles USA",CA
Los Angeles,Brookfield Infrastructure Partners LP,Hawthorne,California,United States,2301 W 120th St 90250-3319 Hawthorne USA,CA
Los Angeles (818 West 7th),XO Communications,Los,California,United States,"818 W 7th St, 3rd floor 90017 Los Angeles USA",CA
Los Angeles (900),CoreSite,Los,California,United States,"900 N. Alameda, Suite 200 90012 Los Angeles United States",CA
Los Angeles (One Wilshire),CoreSite,Los,California,United States,"624 S. Grand Ave., Suite 110 90017 Los Angeles United States",CA
Los Angeles (West 6th Street),Cogent Communications Inc.,Los,California,United States,530 W 6th St 90014 Los Angeles USA,CA
Los Angeles 1,Zenlayer,Los,California,United States,"624 S Grand Ave, Suite #2435 90017 Los Angeles USA",CA
Los Angeles 2,Equinix,Los,California,United States,"818 West 7th St, Suite 600 90017 Los Angeles United States",CA
Los Angeles 2,Zenlayer,Los,California,United States,"900 N Alameda St, Suite 200 90012 Los Angeles USA",CA
Los Angeles 3,Equinix,Segundo,California,United States,1920 E. Maple Avenue 90245-3411 El Segundo United States,CA
Los Angeles 4,Equinix,Segundo,California,United States,445 N Douglas 90245 El Segundo United States,CA
Los Angeles 5,Zenlayer,Los,California,United States,600 7th St 90017 Los Angeles USA,CA
Los Angeles 7,Equinix,Torrance,California,United States,Francisco St 1501 90501 Torrance United States,CA
Los Angeles Center,Telehouse,Los,California,United States,626 Wilshire Boulevard 90017 Los Angeles United States,CA
Los Angeles DC 1,Colocation America,Los,California,United States,"624 S Grand Ave, Suite 900 90017 Los Angeles USA",CA
Los Angeles DC 2,Colocation America,Angeles,California,United States,"707 Wilshire Blvd., Suite 400 CA 90017 Los Angeles United States",CA
Los Angeles DC 3,Colocation America,Los,California,United States,"600 W 7th St, Suite 600 90017 Los Angeles USA",CA
Los Angeles DC 4,Colocation America,Los,California,United States,"530 W 6th St, suite 903 90014 Los Angeles USA",CA
Los Angeles DC 5,Colocation America,Los,California,United States,"650 S. Grand Ave, Suite 701 90017 Los Angeles United States",CA
Los Lunas,Facebook,Los,New Mexico,United States,4250 Messenger Loop NW 87031 Los Lunas USA,NM
Loudoun,Amazon,County,Virginia,United States,"43831 Devin Shafron Drive, Loudoun County VA Ashburn United States",VA
Loudoun County,Sentinel,Woodburn,District of Columbia,United States,20175 Woodburn USA +1 212-398-3700,DC
Louisville,Flexential,Avenue,Kentucky,United States,752 Barret Avenue KY 40204 Louisville United States,KY
Louisville,Hosting,Louisville,Kentucky,United States,501 S. 4th Street 40202 Louisville United States,KY
Louisville (West Broadway),CenturyLink,Kentucky,Kentucky,United States,332 W. Broadway 40202 Kentucky United States,KY
Louisville (West Broadway),Cogent Communications Inc.,Louisville,Kentucky,United States,332 W Broadway 40202 Louisville USA,KY
Louisville 2,Flexential,Louisville,Kentucky,United States,2101 Nelson Miller Pkwy 40223 Louisville USA,KY
Lynn,Shore.net,Lynn,Massachusetts,United States,173 Oxford Street 01901 Lynn United States,MA
Lynn CLS,Hibernia Atlantic,Lynn,Massachusetts,United States,91 Commercial St 01905-2905 Lynn United States,MA
Madison,5Nines,Madison,Wisconsin,United States,222 West Washington Avenue 53703 Madison United States,WI
Madison,EdgeConneX,Madison,Wisconsin,United States,4916 E Broadway 53716 Madison USA,WI
Maiden,Apple,Maiden,North Carolina,United States,6047 Startown Road 28650-8772 Maiden United States,NC
Maiden 2,Apple,Road,North Carolina,United States,6047 Startown Road NC 28650 Maiden United States,NC
Maimi 2,"Vault Networks, Inc.",Miami,Nebraska,United States,"36 NE 2nd St, 4th Floor 33132 Miami USA",NE
Main Place Mall,Main Place Mall,Buffalo,New York,United States,390 Main Street 14202-3702 Buffalo United States,NY
Mainstream Technologies,"Mainstream Technologies, Inc.",Little,Arkansas,United States,"325 W. Capitol Ave., 2nd Floor 72201 Little Rock United States",AR
Manassas,Equinix,Road,Virginia,United States,7400 Infantry Ridge Road VA 20109 Manassas United States,VA
Manassas,Hostalite,Manassas,District of Columbia,United States,11016 Sentry Ridge Rd 20109-7731 Manassas USA,DC
Manchester (Sundial Avenue),FirstLight,Manchester,New Hampshire,United States,1 Sundial Ave 03103 Manchester USA,NH
Manhattan,INAP (Internap Corporation),New,New York,United States,111 8th Avenue / 76 9th Avenue 10011 New York City United States,NY
Marina Towers,DigiLink,Marina,California,United States,4676 Admiralty Way 90292 Marina Del Rey United States,CA
Marion,Involta,Cedar,Iowa,United States,PO Box 1986 52406 Cedar Rapids United States,IA
Marlborough,Crown Castle,Marlborough,Massachusetts,United States,34 St. Martin 01752 Marlborough United States,MA
Marlborough Data Center,ColoSpace,Drive,Massachusetts,United States,34 St. Martin's Drive MA 01752 Marlborough United States,MA
Marlborough MA-250 Workgroup,Sungard,Marlborough,Massachusetts,United States,250 Locke Dr MA 01752 Marlborough United States,MA
Marlborough MA-260 Workgroup,Sungard,Drive,Massachusetts,United States,260 Locke Drive MA 01752 Marlborough United States,MA
Marlin eSolutions,Marlin eSolutions,Kissimmee,Florida,United States,3600 Commerce Blvd. 34741 Kissimmee United States,FL
McAllen,VTX1 Companies,McAllen,Texas,United States,600 Ash Ave 78501 McAllen USA,TX
McAllen Data Center,MDC (McAllen Data Center),McAllen,Texas,United States,200 South 10th 78501 McAllen United States,TX
McClellan BRC,Quest,McClellan,California,United States,4235 Forcum Ave 95652 McClellan United States,CA
McClellan Park/Sacramento,Advanced Data Centers,Park,California,United States,McClellan Park CA 95652 Sacramento United States,CA
McLean,"Windstream Services, LLC",McLean,Virginia,United States,1764 Old Meadow Ln 22102-4309 McLean USA,VA
Mclean,Zayo Group LLC,McLean,Virginia,United States,1764 Old Meadow Ln 22102-4309 McLean USA,VA
McNary,Amazon,Beach,Wyoming,United States,82792 Beach Access Road McNary United States,WY
MegaGate Broadband Data Center,MegaGate Broadband,Hattiesburg,Mississippi,United States,6184 U.S. Hwy 98 West 39402 Hattiesburg United States,MS
Memphis,EdgeConneX,Road,Tennessee,United States,4005 S Mendenhall Road TN 38115 Memphis United States,TN
Memphis,Expedient,Memphis,Tennessee,United States,3180 Players Ln 38125-8883 Memphis USA,TN
Memphis,XO Communications,Memphis,Tennessee,United States,"5127 Truse Rd, 1st floor 38117 Memphis USA",TN
Memphis (Cordova Road),CenturyLink,Memphis,Tennessee,United States,8110 Cordova Rd #101 38018 Memphis United States,TN
Memphis (East Raines Road),CenturyLink,Memphis,Tennessee,United States,5425 E Raines Rd 38115 Memphis United States,TN
Mesa,Brookfield Infrastructure Partners LP,Mesa,Arizona,United States,1301 W University Drive 85201 Mesa United States,AZ
Mesa,Apple,Road,Arizona,United States,3740 South Signal Butte Road AZ 85212 Mesa United States,AZ
Metro Washington DC,ByteGrid,Silver,Maryland,United States,12401 Prosperity Dr 20904-1694 Silver Spring USA,MD
Miami,Cogeco Peer 1,Miami,Florida,United States,2300 NW 89th Pl 33172 Miami United States,FL
Miami,EdgeConneX,Avenue,Florida,United States,2132 NW 114th Avenue FL 33172 Miami United States,FL
Miami,CoreSite,Miami,Florida,United States,2115 NW 22nd Street 33142 Miami United States,FL
Miami,Quality Technology Services (QTS),Miami,Florida,United States,11234 NW 20th St 33172 Miami United States,FL
Miami,XO Communications,Miami,Florida,United States,16563 NW 15th Ave 33169 Miami United States,FL
Miami,ColoHouse,Miami,Nebraska,United States,36 NE 2nd Street 33132 Miami United States,NE
Miami,Terremark,Miami,Nebraska,United States,50 NE 9th St 33132-1709 Miami United States,NE
Miami (Northeast 215th Street),Brookfield Infrastructure Partners LP,Miami,Nebraska,United States,460 NE 215th St 33179-1101 Miami USA,NE
Miami (Northeast 9th Street),CenturyLink,Miami,Nebraska,United States,50 NE 9th St 33132 Miami USA,NE
Miami (Northwest 5th Street),CenturyLink,Miami,Florida,United States,49 N.W. 5th Street 33128 Miami United States,FL
Miami (Southeast 1st Street),Cogent Communications Inc.,Miami,Florida,United States,200 SE 1st St 33131 Miami United States,FL
Miami 1,Equinix,Miami,Nebraska,United States,NE 9th St 50 33132 Miami United States,NE
Miami 1,"Vault Networks, Inc.",Miami,Florida,United States,100 Biscayne Blvd 33132 Miami USA,FL
Miami 1,Zenlayer,Miami,Nebraska,United States,50 NE 9th St 33132 Miami USA,NE
Miami 2,EdgeConneX,Miami,Nebraska,United States,475 NE 185th St 33179-4537 Miami USA,NE
Miami 3,Equinix,Boca,Florida,United States,"4680 Conference Way, South Suite 150 33132 Boca Raton United States",FL
Miami Data Vault,Miami Data Vault,Miami,Nebraska,United States,100 NE 80th Terrace 33138 Miami United States,NE
Miami DC,Colocation America,Miami,Nebraska,United States,"36 NE 2nd St, Suite 400 33132 Miami USA",NE
Miami Keycentre,Telefonica,Miami,Florida,United States,11300 NW 25th Street 33172 Miami United States,FL
Miami (Northwest 79th Avenue),Brookfield Infrastructure Partners LP,Miami,Florida,United States,444 NW 79th Ave 33126 Miami USA,FL
Mid Michigan (Exchange Drive),Online Tech,Flint,Michigan,United States,5225 Exchange Drive 48507 Flint Township United States,MI
MIDCON Recovery Solutions,MIDCON Inc.,Oklahoma,Oklahoma,United States,13431 N. Broadway Extension 73114 Oklahoma City United States,OK
Milwaukee,"Windstream Services, LLC",Milwaukee,Wisconsin,United States,325 E Wisconsin Ave 53202 Milwaukee USA,WI
Milwaukee,TierPoint,West,Wisconsin,United States,"3701 W Burnham St, Ste. A 53215 West Milwaukee USA",WI
Milwaukee (East Wisconsin),Cogent Communications Inc.,Milwaukee,Wisconsin,United States,324 E Wisconsin Ave 53202 Milwaukee USA,WI
MindSHIFT Commack,MindSHIFT,Commack,New York,United States,47 Mall Drive 11725 Commack United States,NY
Minneapolis,OneNeck,Street,Minnesota,United States,10290 West 70th Street MN 55344 Eden Prairie United States,MN
Minneapolis,Stream Data Centers,Chaska,Minnesota,United States,1708 W Creek Ln 55318 Chaska USA,MN
Minneapolis,EdgeConneX,Eden,Minnesota,United States,6875 Shady Oak Rd 55344-3420 Eden Prairie USA,MN
Minneapolis,vXchnge,Minneapolis,Minnesota,United States,511 11th Ave S 55415 Minneapolis USA,MN
Minneapolis (11th Avenue South),CenturyLink,Minneapolis,Minnesota,United States,511 11th Ave S 55415 Minneapolis United States,MN
Minneapolis (South Marquette Avenue),Cogent Communications Inc.,Minneapolis,Minnesota,United States,250 S Marquette Ave 55401 Minneapolis USA,MN
Minneapolis (Washington Ave.),XO Communications,Minneapolis,Minnesota,United States,"1200 N Washington Ave, 1st floor 55401 Minneapolis USA",MN
Minneapolis 1,Cologix,Minneapolis,Minnesota,United States,511 11th Ave S 55415 Minneapolis USA,MN
Minneapolis 2,Cologix,Minneapolis,Minnesota,United States,511 11th Ave S 55415 Minneapolis USA,MN
Minneapolis 3,Cologix,Minneapolis,Minnesota,United States,511 11th Ave S 55415 Minneapolis USA,MN
Minnetonka,CenturyLink,Hopkins,Minnesota,United States,5500 Feltl Rd 55343-7920 Hopkins USA,MN
Minnetonka Data Center,Carter Validus Mission Critical REIT,Hopkins,Minnesota,United States,5480 Feltl Rd 55343-7982 Hopkins USA,MN
Mobile (South Royal Street),CenturyLink,Mobile,Alabama,United States,63 S Royal St #300 36602 Mobile United States,AL
Modesto City Tower,Ayera Technologies,Modesto,California,United States,801 Tenth Street 95354 Modesto United States,CA
Monroe,Bayou Internet and Communications,Monroe,Louisiana,United States,1109 Hudson Lane 71201 Monroe United States,LA
Monroe,CyrusOne,South,Indiana,United States,East Monroe Street 316 46601 South Bend United States,IN
Montgomery County,Google,Clarksville,Tennessee,United States,Solar Way 37040 Clarksville USA,TN
"Moses Lake, Washington",ServerFarm,Lake,Nebraska,United States,4949 Randolph Rd NE WA 98837 Moses Lake United States,NE
MTC,Matrix Telecommunications Corporation,Amherst,New York,United States,2810 Sweet Home 14228 Amherst United States,NY
N15W24250 Riverwood Drive,Mapletree Redwood Data Centre Trust (MRDCT),Waukesha,Wisconsin,United States,N15W24250 Riverwood Dr 53188 Waukesha USA,WI
Nashville,EdgeConneX,Nashville,Tennessee,United States,"1841 Air Lane Drive, Bldg 3 TN 37210 Nashville United States",TN
Nashville,365 Data Centers,Nashville,Tennessee,United States,"147 Fourth Ave, 8th floor 37219 Nashville United States",TN
Nashville,"Windstream Services, LLC",Nashville,Tennessee,United States,940 3rd Ave North 37201 Nashville United States,TN
Nashville,CenturyLink,Nashville,Tennessee,United States,2992 Sidco Drive 37201 Nashville United States,TN
Nashville,TierPoint,Franklin,Tennessee,United States,311 Eddy Ln 37064 Franklin USA,TN
Nashville,vXchnge,Nashville,Tennessee,United States,211 Commerce St 37201 Nashville USA,TN
Nashville,Nexus Group,Nashville,Tennessee,United States,1661 Murfreesboro Pike 37217-2917 Nashville USA,TN
Nashville 1,Flexential,Brentwood,Tennessee,United States,"7100 Commerce Way, Suite 25 37027 Brentwood United States",TN
Nashville 2,Flexential,Franklin,Tennessee,United States,425 Duke Dr 37067 Franklin USA,TN
Nashville 3,Flexential,Franklin,Tennessee,United States,4600 Carothers Pkwy 37067 Franklin USA,TN
NASPlex Data Center,NASPlex,Baton,Louisiana,United States,6867 Bluebonnet Blvd. 70810 Baton Rouge United States,LA
NationalNet,"NationalNet, Inc.",Marietta,Georgia,United States,1130 Powers Ferry Pl SE 30067 Marietta United States,GA
Nationwide Internet,Nationwide,Dallas,Texas,United States,2323 Bryan Street 75201 Dallas United States,TX
Net Access - Cedar Knolls I,Net Access Corporation,Cedar,New Jersey,United States,9 Wing Drive 07927 Cedar Knolls United States,NJ
Net Access - Parsippany I,Net Access Corporation,Parsippany,New Jersey,United States,1719 Route 10 07054 Parsippany United States,NJ
Net Access - Parsippany II,Net Access Corporation,Parsippany,New Jersey,United States,200 Webro Road 07054 Parsippany United States,NJ
Netriver,NetRiver,Lynnwood,Washington,United States,4200 194th St.SW 98036 Lynnwood United States,WA
NetSource Data Center,NetSource,Naperville,Illinois,United States,2368 Corporate Lane 60563 Naperville United States,IL
Network 222,Fiore Companies,Madison,Wisconsin,United States,222 West Washington Avenue 53703 Madison United States,WI
Neutral Tandem,Inteliquent,Chicago,Illinois,United States,717 S Wells St. 60607 Chicago United States,IL
New Albany,Compass Datacenters,East,Ohio,United States,New Albany Road East OH New Albany United States,OH
New Albany,Facebook,Pataskala,Ohio,United States,1367 Beech Rd SW 43062-9762 Pataskala USA,OH
New Albany Business Park,CBRE,Park,Ohio,United States,New Albany Business Park OH New Albany United States,OH
New Jersey,Iron Mountain,Edison,New Jersey,United States,3003 Woodbridge Ave. 08837 Edison United States,NJ
New Jersey,California Public Employees' Retirement System (CalPERS),Drive,New Jersey,United States,2 Peekay Drive NJ 07014 New Jersey United States,NJ
New Jersey 1,Cologix,Parsippany,New Jersey,United States,1719 NJ-10 07054 Parsippany USA,NJ
New Jersey 2,Cologix,Cedar,New Jersey,United States,9 Wing Dr 07927-1006 Cedar Knolls USA,NJ
New Jersey 3,Cologix,Parsippany,New Jersey,United States,200 Webro Rd 07054-2823 Parsippany USA,NJ
New Jersey 4,Cologix,Cedar,New Jersey,United States,16 Wing Dr 07927-1007 Cedar Knolls USA,NJ
New Jersey Data Center 1,Colocation America,Clifton,New Jersey,United States,100 Delawanna Ave 07014 Clifton USA,NJ
New Jersey Data Center 2,Colocation America,Weehawken,New Jersey,United States,300 J F Kennedy Blvd E 07086 Weehawken USA,NJ
New Orleans,EdgeConneX,Slidell,Louisiana,United States,2070 Gause Blvd E 70461 Slidell USA,LA
New Orleans (Poydras Street),Cogent Communications Inc.,New,Louisiana,United States,650 Poydras St 70130 New Orleans USA,LA
New York,Telia Carrier,New,New York,United States,111 8th Avenue 10011 New York United States,NY
New York,INAP (Internap Corporation),York,New York,United States,75 Broad St NY 10004 New York United States,NY
New York,365 Data Centers,New,New York,United States,"65 Broadway, 3rd floor 10012 New York United States",NY
New York,Navisite,New,New York,United States,395 Hudson St. 10014 New York United States,NY
New York,CoreSite,New,New York,United States,"32 Avenue of the Americas, Suite 700 10013 New York United States",NY
New York,Telix,New,New York,United States,8th Avenue 111 (Telia suite 307) 10011 New York United States,NY
New York,Cogeco Peer 1,New,New York,United States,75 Broad Street 10004 New York United States,NY
New York,Expert Colocation,Ave,New York,United States,Broadway Ave NY 10006 New York United States,NY
New York,Realtime Systems Group,York,New York,United States,"420 Lexington Avenue, Suite 940 NY 10170 New York United States",NY
New York,vXchnge,New,New York,United States,75 Broad St 10004 New York USA,NY
New York,Epsilon Telecommunications,New,New York,United States,60 Hudson St 10013 New York USA,NY
New York,Atlantic.Net,Clifton,New Jersey,United States,100 Delawanna Ave 07014-1550 Clifton USA,NJ
New York (60 Hudson),XO Communications,New,New York,United States,"60 Hudson St, 13th floor 10013 New York USA",NY
New York (75 Broad),XO Communications,New,New York,United States,"75 Broad St, 7th floor 10004 New York USA",NY
New York (8th Avenue),CenturyLink,New,New York,United States,111 8th Ave 10011 New York USA,NY
New York (Broadway),Cogent Communications Inc.,New,New York,United States,25 Broadway 10004 New York USA,NY
New York (West 37th St.),XO Communications,New,New York,United States,"15 W 37th St, 3rd floor 10018 New York USA",NY
New York (Whitehall Street),Cogent Communications Inc.,New,New York,United States,33 Whitehall Street 10004 New York United States,NY
New York 11,Equinix,Carteret,New Jersey,United States,Federal Blvd 1400 07008 Carteret United States,NJ
New York 12,Equinix,Piscataway,New Jersey,United States,Centennial Ave 201b 08854 Piscataway United States,NJ
New York 13,Equinix,Elmsford,New York,United States,Fieldcrest Dr 401 10523 Elmsford United States,NY
New York 2,Equinix,Secaucus,New Jersey,United States,275 Hartz Way 07094 Secaucus United States,NJ
New York 2,Telix,New,New York,United States,8th Avenue 111 (TEL-X suite 1515) 10011 New York United States,NY
New York 2,CoreSite,Secaucus,New Jersey,United States,2 Emerson Ln 07094 Secaucus USA,NJ
New York 3,Digital Ocean,New,New York,United States,N/A 11201 New York United States,NY
New York 3,Telix,New,New York,United States,Hudson street 60 10013 New York United States,NY
New York 4,Equinix,Secaucus,New Jersey,United States,755 Secaucus Rd 07094 Secaucus United States,NJ
New York 5,Equinix,Secaucus,New Jersey,United States,Secaucus Rd 800 07094 Secaucus United States,NJ
New York 6,Equinix,Secaucus,New Jersey,United States,105 Enterprise Avenue South 07094 Secaucus United States,NJ
New York 7,Equinix,North,New York,United States,5851 Westside Avenue 14416 North Bergen United States,NY
New York Chelsea,Telehouse,New,New York,United States,85 10th Avenue 10011 New York City United States,NY
New York City,ColoCrossing,Piscataway,New Jersey,United States,101 Possumtown Rd 08854-3706 Piscataway Township USA,NJ
New York City Workgroup,Sungard,Avenue,New York,United States,23-10 43rd Avenue NY 11101 Long Island City United States,NY
New York Data Center 1,Colocation America,New,New York,United States,"60 Hudson St, 9th Floor 10013 New York USA",NY
New York Data Center 2,Colocation America,New,New York,United States,"111 8th Ave, Floor 16 10011 New York USA",NY
New York Data Center 3,Colocation America,Hawthorne,New York,United States,11 Skyline Dr 10532-2145 Hawthorne USA,NY
New York Teleport,Telehouse,Staten,New York,United States,7 Teleport Dr 10311-1001 Staten Island USA,NY
New York-Hawthorne,TierPoint,Hawthorne,New York,United States,11 Skyline Dr 10532-2145 Hawthorne USA,NY
New York,Crown Castle,New,New York,United States,60 Hudson Street 10013 New York United States,NY
Newark,Apple,Drive,California,United States,39800 Eureka Drive CA 94560 Newark United States,CA
Newark,Hosting,Newark,Delaware,United States,650 Pencader Dr. 19702 Newark United States,DE
Newark,CenturyLink,Newark,New Jersey,United States,"165 Halsey St, 9th floor 07102 Newark United States",NJ
Newark,Continent 8 Technologies,Newark,,United States,07114 Newark USA +44 1624 678 888,NJ
"Newark (Halsey St., 5th Floor)",XO Communications,Newark,New Jersey,United States,"165 Halsey St, 5th floor 07102 Newark USA",NJ
"Newark (Halsey St., 7th Floor)",XO Communications,Newark,New Jersey,United States,"165 Halsey St, 7th floor 07102 Newark USA",NJ
Newport Financial Center,The LeFrak Organization,Jersey,New Jersey,United States,111 Pavonia Ave. 07310 Jersey City United States,NJ
Nexus Management,EnablesIT,Brunswick,Maine,United States,4 Industrial Parkway 04011 Brunswick United States,ME
NFrame,nFrame,Carmel,Indiana,United States,701 Congressional Blvd 46032 Carmel United States,IN
NGenX - Evansville,NGenX,Evansville,Indiana,United States,3701 Communications Way 47715 Evansville United States,IN
NGenX - Indianapolis,NGenX,Indianapolis,Indiana,United States,701 W Henry Street 46225 Indianapolis United States,IN
NGenx - Lafayette,NGenX,Lafayette,Indiana,United States,2304 Brothers Drive 47909 Lafayette United States,IN
"NGenX - Louisville, KY",NGenX,Louisville,Kentucky,United States,929 Mason Avenue 40204 Louisville United States,KY
NGIT-VITA Chester,Virginia Information Technologies Agency,Chester,Virginia,United States,11751 Meadowville Ln 23836-6315 Chester USA,VA
NGIT-VITA Lebanon,Northrop Grumman,Lebanon,Virginia,United States,Technology Park Dr 24266 Lebanon USA,VA
Niobrara Data Center Energy Park,Niobrara NatGas,Loveland,Colorado,United States,"2725 Rocky Mountain Avenue, suite 400 CO 80538 Loveland United States",CO
Norfolk,EdgeConneX,Avenue,Virginia,United States,3800 Village Avenue VA 23502 Norfolk United States,VA
North Charleston,Immedion,Ladson,South Carolina,United States,8480 Palmetto Commerce Pkwy 29456 Ladson USA,SC
North Cincinnati,CyrusOne,Lebanon,Ohio,United States,Kingsview Drive 401 45036 Lebanon United States,OH
North Dallas Data Center,DataBank,Richardson,Texas,United States,904 Quality Way 75081 Richardson TX United States,TX
North Little Rock (Eanes Road),Crown Castle,North,Arkansas,United States,2700 Eanes Rd 72117-5345 North Little Rock USA,AR
North Miami,netTALK,Miami,,United States,1100 NW 163rd Drive Miami United States,FL
Northborough,Iron Mountain,Northborough,Massachusetts,United States,01532 Northborough USA 800-935-6966,MA
Northern Virginia & D.C.,INAP (Internap Corporation),Ashburn,District of Columbia,United States,"21715 Filigree Ct, Bldg F 20147-6205 Ashburn USA",DC
Norwalk,CyrusOne,Norwalk,Connecticut,United States,Norden Pl 6 06855 Norwalk United States,CT
Norwalk Data Center,Carter Validus Mission Critical REIT,Norwalk,Connecticut,United States,10 Norden Pl 06855 Norwalk USA,CT
NuVox Atlanta,NuVox,Atlanta,Nebraska,United States,1593 NE Expressway 30329 Atlanta United States,NE
NuVox Nashville,NuVox,Nashville,Tennessee,United States,940 3rd Ave North 37201 Nashville United States,TN
NWI Networks- Newington,nwiNetworks,Newington,Connecticut,United States,135 Day Street 06111 Newington United States,CT
Oak Brook,Navisite,#120,Illinois,United States,"800 Jorie Blvd., Suite #120 IL 60523 Oak Brook United States",IL
"Oak Brook, Illinois",ServerFarm,Oak,Illinois,United States,810 Jorie Blvd 60523-2189 Oak Brook USA,IL
Oak Tower DC,Netsolus,Kansas,Missouri,United States,"324 E. 11th St., 5th Floor 64106 Kansas City United States",MO
Oakland,CenturyLink,Emeryville,California,United States,5000 Hollis Ave 94608 Emeryville United States,CA
Oakland,INAP (Internap Corporation),Oakland,California,United States,720 2nd St 94607-3004 Oakland USA,CA
Oakland (Franklin Street),Cogent Communications Inc.,Oakland,California,United States,1624 Franklin St 94612 Oakland USA,CA
OCDC Orange County Datacenter Santa Ana,VPLS / ACS State and Local,Santa,California,United States,1400 S. Grand 92705 Santa Ana United States,CA
Ocean Resort Casino,Continent 8 Technologies,Atlantic,New Jersey,United States,500 Boardwalk 08401 Atlantic City USA,NJ
OCOSA Data Center,"OCOSA Communication, LLC",Tulsa,Oklahoma,United States,321 S. Boston Ave. Suite LL06 74103 Tulsa United States,OK
Oklahoma City 1,TierPoint,Oklahoma,Oklahoma,United States,4121 Perimeter Center Pl 73112 Oklahoma City United States,OK
Oklahoma City 2,TierPoint,Oklahoma,Oklahoma,United States,4114 Perimeter Center Dr 73112 Oklahoma City USA,OK
"Oliver Street, LLC",800 Oliver,Indianapolis,Indiana,United States,800 Oliver Ave. 46225 Indianapolis United States,IN
Omaha,LightEdge Solutions,Papillion,Nebraska,United States,1148 American Pkwy 68046 Papillion USA,NE
Omaha,CenturyLink,Omaha,Nebraska,United States,6805 Pine St 68106 Omaha USA,NE
Omaha-Bellevue,TierPoint,Bellevue,Nebraska,United States,1001 Fort Crook Rd N 68005 Bellevue USA,NE
Omaha-Midlands,TierPoint,Papillion,Nebraska,United States,11425 S 84th St 68046 Papillion USA,NE
One Financial Place,Behringer Harvard,Chicago,Illinois,United States,440 South LaSalle Street 60605 Chicago United States,IL
One Market Center,AiNET,Baltimore,,United States,300 West Lexington Street 2120 Baltimore United States,MD
One Summer Street Boston,"Markley Boston, LLC.",Boston,Massachusetts,United States,"1 Summer Street, 4th Floor 02110 Boston United States",MA
One Wilshire Building,Wilcon,Angeles,California,United States,"624 South Grand Avenue Suites 305, 1202, 1600, 1611 and 2805 CA 90017 Los Angeles United States",CA
Ontario Datacenter,Ontario Datacenter,Ontario,California,United States,350 S milliken Ave 91761 Ontario United States,CA
Optiquest Datacenter,Optiquest,The,Texas,United States,780 Westridge Rd 77380 The Woodlands United States,TX
Orange County,CenturyLink,Tustin,California,United States,14452 Franklin Avenue 92780 Tustin United States,CA
Orange County Internet Exchange,Telekenex,Santa,California,United States,2001 E. Dyer Rd 92705 Santa Ana United States,CA
Orangeburg,Green House Data,Orangeburg,New York,United States,1 Ramland Rd 10962 Orangeburg USA,NY
Orangeburg,fifteenfortyseven Critical Systems Realty (1547),Orangeburg,New York,United States,1 Ramland Rd 10962 Orangeburg USA,NY
"OrbitCom, Inc. - Coeur d'Alene","OrbitCom, Inc.",Coeur,Idaho,United States,422 W Appleway Ave. 83815 Coeur d Alene United States,ID
Orlando,Atlantic.Net,Orlando,Florida,United States,440 West Kennedy Blvd 32810 Orlando United States,FL
Orlando (Lake Destiny Drive),CenturyLink,Orlando,Florida,United States,380 Lake Destiny Drive 32810 Orlando United States,FL
Orlando (Presidents Drive),CenturyLink,Orlando,Florida,United States,7003 Presidents Dr 32809 Orlando USA,FL
Orlando Workgroup,Sungard,Mary,Florida,United States,"300 Primera Blvd, Suite 308 FL 32746 Lake Mary United States",FL
Oso Secure,OSO Technologies,Jefferson,Nebraska,United States,5921 Jefferson NE 87109 Albuquerque United States,NE
Overland Park,Quality Technology Services (QTS),St.,Kansas,United States,12851 Foster St. KS 66213 Overland Park United States,KS
Overland Park Data Center,Arsalon Technologies,Park,Kansas,United States,"10881 Lowell Avenue, Suite 160 KS 66210 Overland Park United States",KS
Palisades,Skae Power Solutions,Palisades,New York,United States,348 Highland Avenue Rt. 9W NY 10976 Palisades United States,NY
Park Tower,"Sterling American Property, Inc.",Tampa,Florida,United States,400 North Tampa Street 33602 Tampa United States,FL
Parkway Center at Beaumeade,CBRE,Ashburn,Maryland,United States,Parkway Center at Beaumeade 21589 Ashburn United States,MD
Parsec Data Center,Parsec Data Management,Billings,Montana,United States,Gabel Road 3450 59102 Billings United States,MT
Pasadena (Bradley Street),Cogent Communications Inc.,Pasadena,California,United States,2947 Bradley St 91107 Pasadena USA,CA
Patrick Solutions,Patrick Solutions,Columbus,Ohio,United States,955 W. Third Ave. 43212 Columbus United States,OH
PCI Data Center,PCI,Buffalo,New York,United States,703 Washington 14203 Buffalo United States,NY
Perimeter Technology Oklahoma City #1,Perimeter Technology,Oklahoma,Oklahoma,United States,"4100 Perimeter Center Dr., Suite 300 73112 Oklahoma City United States",OK
Perimeter Technology Oklahoma City #2,Perimeter Technology,Oklahoma,Oklahoma,United States,4121 Perimeter Center Place 73112 Oklahoma City United States,OK
Perimeter Technology Tulsa,Perimeter Technology,Tulsa,Oklahoma,United States,322 E. Archer 74120 Tulsa United States,OK
Pheonix,Aligned Energy,Phoenix,Arizona,United States,2500 W Union Hills Dr 85027 Phoenix USA,AZ
Philadelphia,365 Data Centers,Philadelphia,Pennsylvania,United States,"3701 Market Street, 5th floor 19177 Philadelphia United States",PA
Philadelphia,CenturyLink,Philadelphia,Pennsylvania,United States,401 N Broad Street 19123 Philadelphia United States,PA
Philadelphia,Flexential,Phoenixville,Pennsylvania,United States,1000 Black Rock Rd 19460-3192 Phoenixville USA,PA
Philadelphia,TierPoint,Philadelphia,Pennsylvania,United States,4775 League Island Blvd 19112-1220 Philadelphia USA,PA
Philadelphia,vXchnge,Philadelphia,Pennsylvania,United States,1500 Spring Garden St 19130 Philadelphia USA,PA
Philadelphia (Locust St.),XO Communications,Philadelphia,Pennsylvania,United States,"2401 Locust St, 3rd floor 19103-5416 Philadelphia USA",PA
Philadelphia (N. Broad St.),XO Communications,Philadelphia,Pennsylvania,United States,"401 N Broad St, 4th floor, Suite 480 19108 Philadelphia USA",PA
Philadelphia (North Broad Street),CenturyLink,Philadelphia,Pennsylvania,United States,401 N Broad St 19108 Philadelphia USA,PA
Philadelphia Data Center 1,Colocation America,Breinigsville,Pennsylvania,United States,"9999 Hamilton Blvd, Unit 4 18031 Breinigsville USA",PA
Philadelphia Data Center 2,Colocation America,Eagleville,Pennsylvania,United States,1000 Adams Ave 19403-2402 Eagleville USA,PA
Philadelphia Data Center 3,Colocation America,Bethlehem,Pennsylvania,United States,3949 Schelden Cir 18017-8936 Bethlehem USA,PA
Philcade Data Center,Kanbar Properties KPM,Tulsa,Oklahoma,United States,501 South Boston 74103 Tulsa United States,OK
Phoenix,H5 Data Center,Chandler,Arizona,United States,2600 W Germann Rd AZ 85286 Chandler United States,AZ
Phoenix,EdgeConneX,Tempe,Arizona,United States,"3011 S 52nd Street, Suite 107 AZ 85282 Tempe United States",AZ
Phoenix,CoreLink,Phoenix,Arizona,United States,"3110 N. Central Ave, Suite B75 85012 Phoenix United States",AZ
Phoenix,GoDaddy,Phoenix,,United States,1402 E. Buckeye Phoenix United States,AZ
Phoenix,"Windstream Services, LLC",Phoenix,Arizona,United States,1710 E Grant St 85034 Phoenix USA,AZ
Phoenix,Flexential,Phoenix,Arizona,United States,1850 W Deer Valley Rd 85027-2124 Phoenix USA,AZ
Phoenix,INAP (Internap Corporation),Chandler,Arizona,United States,2121 S Price Rd 85286-7205 Chandler USA,AZ
Phoenix,Iron Mountain,Phoenix,Arizona,United States,615 N 48th St 85008-6608 Phoenix USA,AZ
Phoenix (East University Drive),Cogent Communications Inc.,Phoenix,Arizona,United States,3410 E University Dr 85034 Phoenix USA,AZ
Phoenix (North 36th Avenue),Copper State Communications,Phoenix,Arizona,United States,2820 N 36th Ave 85009-1318 Phoenix USA,AZ
Phoenix (North 3rd Street),CenturyLink,Phoenix,Arizona,United States,3220 N 3rd St 85012 Phoenix United States,AZ
Phoenix (South 16th Street),CenturyLink,Phoenix,Arizona,United States,811 South Sixteenth Street 85034 Phoenix United States,AZ
Phoenix 2,OneNeck,Tempe,,United States,2710 S Roosevelt St Tempe United States,AZ
Phoenix NAP,Phoenix NAP,Phoenix,Arizona,United States,3402 East University Drive 85034 Phoenix United States,AZ
Pine Ridge Data Center,DataBank,Terrace,Kansas,United States,10605 W 84th Terrace KS 66214 Lenexa United States,KS
Pine Ridge Data Center,Arsalon Technologies,Terr.,Kansas,United States,10605 W. 84th Terr. KS 66214 Lenexa United States,KS
Piscataway,Quality Technology Services (QTS),Piscataway,New Jersey,United States,101 Possumtown Rd 08854-3706 Piscataway Township USA,NJ
Piscataway,Green House Data,Piscataway,New Jersey,United States,101 Possumtown Rd 08854-3706 Piscataway Township USA,NJ
Piscataway,Brookfield Infrastructure Partners LP,Piscataway,New Jersey,United States,"3 Corporate Pl, ste 300 08854-4119 Piscataway Township USA",NJ
Pittock Internet Exchange,Pittock Internet Exchange,Portland,Oregon,United States,921 SW Washington St. 97205 Portland United States,OR
Pittsburg,Cogent Communications Inc.,Pittsburgh,Pennsylvania,United States,650 Smithfield 15222 Pittsburgh United States,PA
Pittsburgh,EdgeConneX,Street,Pennsylvania,United States,282 Corliss Street PA 15220 Pittsburgh United States,PA
Pittsburgh,XO Communications,Pittsburgh,Pennsylvania,United States,"3 Allegheny Square E, 1st floor 15212 Pittsburgh USA",PA
Pittsburgh,vXchnge,Pittsburgh,Pennsylvania,United States,2202 Liberty Ave 15222 Pittsburgh USA,PA
Pittsburgh ACM,Expedient,Pittsburgh,Pennsylvania,United States,1 Allegheny Center Mall 15212 Pittsburgh United States,PA
Pittsburgh Data Center,DataBank,Pittsburgh,Pennsylvania,United States,100 S Commons 15212 Pittsburgh USA,PA
Pittsburgh Green Tree,Expedient,Pittsburgh,Pennsylvania,United States,810 Parish Street 15220 Pittsburgh United States,PA
Plano,Flexential,Plano,Texas,United States,3500 E Plano Pkwy 75074 Plano USA,TX
PlusOne Atlanta Data Center,PlusOne Atlanta,Atlanta,Nebraska,United States,470 East Paces Ferry Rd NE 30305-3301 Atlanta USA,NE
Portland,vXchnge,#201,Oregon,United States,"1233 NW 12th Ave., #201 OR 97209 Portland United States",OR
Portland,EdgeConneX,C-300,Oregon,United States,"23245 NW Evergreen Parkway, Building C, Suite C-300 OR 97124 Portland United States",OR
Portland,TATA Communications,Portland,Oregon,United States,1225 W Burnside St 97209 Portland USA,OR
Portland,Infomart,Hillsboro,Oregon,United States,21515 NW Evergreen Pkwy 97124 Hillsboro USA,OR
Portland,Green House Data,Beaverton,Oregon,United States,9705 SW Sunshine Ct 97005-4190 Beaverton USA,OR
Portland (Cumberland Avenue),FirstLight,Portland,Maine,United States,340 Cumberland Ave 04101-3090 Portland USA,ME
Portland (Southwest 6th Avenue),CenturyLink,Portland,Oregon,United States,520 SW 6th Ave 97204 Portland United States,OR
Portland 1,XO Communications,Tigard,Oregon,United States,"10575 SW Cascade Ave, Suite 150 97223 Tigard United States",OR
Portland 2,XO Communications,Beaverton,Oregon,United States,9000 SW Nimbus Ave 97008 Beaverton United States,OR
Portland Data Center,ColoSpace,Portland,Maine,United States,Portland ME Portland United States,ME
Portland Data Center,LightPoint Colocation & Hosting,Portland,Oregon,United States,625 SW Stark Street 97205 Portland United States,OR
Portsmouth (Corporate Drive),FirstLight,Portsmouth,New Hampshire,United States,359 Corporate Dr 03801 Portsmouth USA,NH
Portsmouth Data Center,ColoSpace,Portsmouth,New Hampshire,United States,Portsmouth NH Portsmouth United States,NH
Presidents,Flexential,Drive,Utah,United States,2282 South Presidents Drive UT 84120 West Valley City United States,UT
Princeton,Quality Technology Services (QTS),Hightstown,New Jersey,United States,159 Princeton Hightstown Rd 08520 Hightstown USA,NJ
"Princeton, NJ",Agile,Monmouth,New Jersey,United States,865 Ridge Rd 08852 Monmouth Junction USA,NJ
Prineville,Facebook,Road,Oregon,United States,Tom McCall Road OR Prineville United States,OR
Printer's Square Chicago (600 S Federal),Printers Square,Chicago,Illinois,United States,600 S Federal 60605 Chicago United States,IL
PRISM Technologies,PRISM Technologies,Albuquerque,New Mexico,United States,219 Central NW 87102 Albuquerque United States,NM
Providence,Crown Castle,Providence,,United States,235 Promenade 2909 Providence United States,RI
Providence Data Center,ColoSpace,provided,Rhode Island,United States,to be provided RI Providence United States,RI
Public Square Tech Center,The Morgan Reed Group,Cleveland,Ohio,United States,200 Euclid Avenue 44114 Cleveland United States,OH
Pugmarks,Pugmarks,Naperville,Illinois,United States,1717 Park St. 60563 Naperville United States,IL
Quasar Data Center,Quasar Data Center,Houston,Texas,United States,1001 Texas St. 310 77002 Houston United States,TX
Quincy,Dell,Quincy,Oregon,United States,Co Rd 10 7 NW OR Quincy United States,OR
Quincy,Vantage Data Centers,Quincy,Nebraska,United States,2101 M St NE 98848-9813 Quincy USA,NE
Quincy 2,Microsoft,Quincy,Washington,United States,Port Industrial Way 98848 Quincy United States,WA
Quonix Networks,Quonix Networks Inc.,Philadelphia,Pennsylvania,United States,2401 Locust St. 19103 Philadelphia United States,PA
RACK59 Data Center,RACK59,Oklahoma,Oklahoma,United States,7725 W Reno Avenue 73127 Oklahoma City United States,OK
Raleigh,Flexential,Morrisville,North Carolina,United States,5150 McCrimmon Pkwy. Suite 423 NC 27560 Morrisville United States,NC
Raleigh,TierPoint,Raleigh,North Carolina,United States,5301 Departure Dr 27616 Raleigh USA,NC
Raleigh,vXchnge,Durham,North Carolina,United States,4518 S Miami Blvd 27703 Durham USA,NC
Raleigh,OnRamp,Raleigh,North Carolina,United States,"8020 Arco Corporate Dr, Suite 310 27617 Raleigh USA",NC
Raleigh (Departure Drive),CenturyLink,Raleigh,North Carolina,United States,5301 Departure Dr NC 27616 Raleigh United States,NC
Raleigh-Cary,TierPoint,Cary,North Carolina,United States,111 Corning Rd 27518 Cary USA,NC
Raleigh-Durham,CyrusOne,Durham,Nebraska,United States,NE Creek Pkwy 2223 27713 Durham United States,NE
Raleigh-RTP,TierPoint,Durham,North Carolina,United States,99 TW Alexander Dr 27709 Durham United States,NC
Razor Data Center,Razor Servers,Philadelphia,Pennsylvania,United States,"1309 Noble Street, Suite 100 19123 Philadelphia United States",PA
RCN Metro 56 Roland,"RCN Telecom Services, LLC",Boston,,United States,"56 Roland St, 2nd floor 2129 Boston United States",MA
Redwood City,Brookfield Infrastructure Partners LP,Redwood,California,United States,3175 Spring St 94063-3928 Redwood City USA,CA
RelyNet Data Center,RelyNet Inc.,Rancho,California,United States,2999 Gold Canal Rd. 95670 Rancho Cordova United States,CA
Remington Technology Park,PointOne Developments Ltd.,Remington,Virginia,United States,Lucky Hill Rd 22734 Remington USA,VA
Reno,Switch,Sparks,Nevada,United States,USA Pkwy 89434 Sparks USA,NV
Reston,Expert Colocation,Reston,Virginia,United States,Sunrise Valley Drive Reston VA 20191 Reston United States,VA
Reston,Flex Data Center,Reston,District of Columbia,United States,11513 Sunset Hills Rd 20190 Reston USA,DC
Reston 1,CoreSite,Reston,District of Columbia,United States,12100 Sunrise Valley Drive 20191 Reston United States,DC
Reston 1,Zenlayer,Reston,District of Columbia,United States,12098 Sunrise Valley Dr 20191 Reston USA,DC
Reston 2,CoreSite,Reston,District of Columbia,United States,12100 Sunrise Valley Drive 20191 Reston United States,DC
Reston 2,Zenlayer,Reston,District of Columbia,United States,12100 Sunrise Valley Dr 20191 Reston USA,DC
Reston 3,CoreSite,Reston,District of Columbia,United States,12100 Sunrise Valley Dr 20191 Reston USA,DC
Richardson,Cisco,Highway,Texas,United States,2200 East President George Bush Highway TX 75082 Richardson United States,TX
Richmond,EdgeConneX,Richmond,Virginia,United States,"1450 E Parham Road, Suite 1450 VA 23228 Richmond United States",VA
Richmond,Flexential,Richmond,Virginia,United States,"8801 Park Central Drive, Suite B 23227 Richmond United States",VA
Richmond,"Windstream Services, LLC",Glen,Virginia,United States,4551 Cox Rd 23060 Glen Allen USA,VA
Richmond,Quality Technology Services (QTS),Sandston,Virginia,United States,6000 Technology Blvd 23150-5000 Sandston USA,VA
Ridge Lea,CenturyLink,New,New York,United States,4252 Ridge Lea Rd. 14226 New York United States,NY
Rochester,CentriLogic,Rochester,New York,United States,28 Mansfield Street 14606 Rochester United States,NY
Rochester (Chestnut Street),FirstLight,Rochester,New York,United States,100 Chestnut St 14604 Rochester USA,NY
Rochester (Exchange Street),FirstLight,Rochester,New York,United States,1 Exchange Blvd 14614-2002 Rochester USA,NY
Rochester (Fitzhugh Street),Frontier Communications Corporation,Rochester,New York,United States,95 Fitzhugh St N 14614-1212 Rochester USA,NY
Rochester (Mile Crossing Boulevard),CenturyLink,Rochester,New York,United States,150 Mile Crossing Blvd 14624-6209 Rochester USA,NY
Rock Hill,Immedion,Parkway,South Carolina,United States,471 Lakeshore Parkway SC 29730 Rock Hill United States,SC
Rockland Data Center,ColoSpace,Street,Massachusetts,United States,1050 Hingham Street MA 02370 Rockland United States,MA
Rockledge,ndtArtemis,Drive,Florida,United States,5430 Village Drive FL Rockledge United States,FL
Rockville,Greencourt Group,Parklawn,New York,United States,12358 Parklawn Drive Rockville United States,NY
Rocky Mountain Research Data Center,University of Colorado,Boulder,Colorado,United States,80309 Boulder USA +1 (303) 735-6637,CO
RockyNet Inc. Boulder,RockyNet Inc.,Louisville,Colorado,United States,382 S. Arthur Ave 80027 Louisville United States,CO
RockyNet Inc. Denver,RockyNet Inc.,Denver,Colorado,United States,1050 Seventeenth Street 80265 Denver United States,CO
Romulus (Seneca Army Depot),FirstLight,Romulus,New York,United States,Seneca Army Depot 14541 Romulus USA,NY
RT 3811,"RT Software Systems, Inc.",Berkley,Michigan,United States,3811 West 12 Mile Road 48072 Berkley United States,MI
Rubicon Data Centers,Rubicon Data Centers,Reno,Nevada,United States,Reno NV Reno United States,NV
Rutherford,Facebook,Road,North Carolina,United States,"284 Social Circle, Old Caroleen Road NC 28043 Forest City United States",NC
Sacramento,EdgeConneX,C-300,California,United States,"10980 Gold Center Drive, Building C, Suite C-300 CA 95670 Rancho Cordova United States",CA
Sacramento,Quality Technology Services (QTS),Blvd,California,United States,1100 North Market Blvd CA 95834 Sacramento United States,CA
Sacramento,CenturyLink,West,California,United States,1075 Triangle Ct 95605-2778 West Sacramento USA,CA
Sacramento (AK Street),Prime Data Centers,McClellan,California,United States,2407 Ak St 95652-2529 McClellan Park USA,CA
Sacramento 1,RagingWire,Ave,California,United States,1200 Striker Ave CA 95834 Sacramento United States,CA
Sacramento 2,RagingWire,Ave,California,United States,1312 Striker Ave CA 95834 Sacramento United States,CA
Sacramento 3,RagingWire,Sacramento,California,United States,1625 W National Dr 95834 Sacramento USA,CA
SafeHouse Datacenter,SafeHouse Datacenter,Fort,Indiana,United States,9813 Dawson Creek Blvd 46825 Fort Wayne United States,IN
Sago Networks Atlanta,"SAGO Networks, LLC.",Norcross,Georgia,United States,4311 Communications Drive 30093 Norcross United States,GA
Sago Networks Tampa,"SAGO Networks, LLC.",Tampa,Florida,United States,4465 W. Gandy Blvd 33611 Tampa United States,FL
Salt Lake City,XO Communications,Sandy,Utah,United States,"8871 Sandy Pkwy W, 1st floor 84070 Sandy USA",UT
Salt Lake City,CenturyLink,Salt,Utah,United States,5035 Harold Gatty Dr 84116 Salt Lake City USA,UT
Salt Lake City Metro Data Center,Fibernet,Orem,Utah,United States,1145 South 800 East 84097 Orem USA,UT
San Angelo POP,Crown Castle,San,Texas,United States,7 W Twohig Ave 76903 San Angelo USA,TX
San Antonio,Microsoft,San,Texas,United States,5150 Rogers Road 78251-3660 San Antonio United States,TX
San Antonio,Nugget Networks,Ctr,Texas,United States,5128 Service Ctr TX 78218 San Antonio United States,TX
San Antonio,XO Communications,San,Texas,United States,5308 Distribution Dr 78218 San Antonio United States,TX
San Antonio,SiteB Data,San,Texas,United States,911 N Frio St 78207-1809 San Antonio USA,TX
San Antonio (Ramsey Road),CenturyLink,San,Texas,United States,214 E Ramsey Rd 78216 San Antonio USA,TX
San Antonio (Service Center Drive),CenturyLink,San,Texas,United States,"5130 Service Center Dr, Suite 104 78218 San Antonio USA",TX
San Antonio (Taylor Street),VTX1 Companies,San,Texas,United States,"100 Taylor St, Suite 301 78205 San Antonio USA",TX
San Antonio (Walsh Road),VTX1 Companies,San,Texas,United States,2675 Walsh Rd 78224 San Antonio USA,TX
San Antonio 1,CyrusOne,San,Texas,United States,Westover Hills Boulevard 9999 78251 San Antonio United States,TX
San Antonio 2,CyrusOne,San,Texas,United States,Westover Hills Boulevard 9554 78251 San Antonio United States,TX
San Antonio 2 - Westover Hills,Stream Data Centers,San,Texas,United States,9550 Westover Hills Blvd 78251 San Antonio USA,TX
San Clemente,NDC Host,San,California,United States,1009 Calle Sombra 92673-6244 San Clemente USA,CA
San Diego,EdgeConneX,Diego,California,United States,"5761 Copley Drive, Suite B CA 92111 San Diego United States",CA
San Diego,XO Communications,San,California,United States,"5771 Copley Dr, 1st floor 92111-7912 San Diego USA",CA
San Diego,I2B Networks,San,California,United States,8830 Complex Dr 92123 San Diego USA,CA
San Diego,BBG Communications,San,California,United States,3180 University Ave 92104 San Diego USA,CA
San Diego,Brookfield Infrastructure Partners LP,San,California,United States,5732 Pacific Center Blvd 92121 San Diego USA,CA
San Diego (Aero Drive),CenturyLink,San,California,United States,8829 Aero Dr 92123 San Diego USA,CA
San Diego (B Street),Cogent Communications Inc.,San,California,United States,535 B St 92101 San Diego USA,CA
San Diego (Town Centre Drive),Cogent Communications Inc.,San,California,United States,9530 Towne Centre Dr 92121 San Diego USA,CA
San Diego Supercomputer Center - UCSD,The Regents of the University of California,San,California,United States,10100 Hopkins Dr 92121 San Diego USA,CA
San Diego Tech Center,American Internet Services (AIS),San,California,United States,9725 Scranton Road 92121 San Diego United States,CA
San Francisco,fifteenfortyseven Critical Systems Realty (1547),San,California,United States,400 Paul Ave 94124-3125 San Francisco USA,CA
San Francisco,CenturyLink,San,California,United States,"200 Paul Ave, Suite 401 94124 San Francisco USA",CA
San Francisco,Atlantic.Net,Santa,California,United States,2820 Northwestern Pkwy 95051-0904 Santa Clara USA,CA
San Francisco (Brannan St.),XO Communications,San,California,United States,"651 Brannan St, 3rd floor 94107-1535 San Francisco USA",CA
San Francisco 2,Digital Ocean,San,California,United States,N/A 94103 San Francisco United States,CA
San Francisco DC 1,Colocation America,San,California,United States,"200 Paul St., suite 400 94110 San Francisco United States",CA
San Jose,Dimension Data,San,California,United States,5201 Great America Pkwy 95054 San Jose United States,CA
San Jose,H5 Data Center,San,California,United States,2030 Fortune Dr 95131-1835 San Jose USA,CA
San Jose,Evocative,San,California,United States,534 Stockton Ave 95126-2430 San Jose USA,CA
San Jose,ColoCrossing,San,California,United States,55 S Market St 95113 San Jose USA,CA
San Jose,Brookfield Infrastructure Partners LP,San,California,United States,400 Holger Way 95134-1368 San Jose USA,CA
San Jose (Silicon Valley),Hurricane Electric,San,California,United States,"55 South Market, Suite 205 95113 San Jose United States",CA
San Jose 1,Zenlayer,San,California,United States,9 Great Oaks Blvd 95119 San Jose USA,CA
San Jose Live / Shopping Mall Colo,Datapipe,San,California,United States,150 S 1st St 95113 San Jose United States,CA
San Luis Obispo,H5 Data Center,San,California,United States,3610 Sacramento Dr 93401 San Luis Obispo USA,CA
San Marcos,Grande Communications Networks LLC,San,Texas,United States,401 Carlson Cir 78666-6730 San Marcos USA,TX
San Ramon Workgroup,Sungard,Ramon,California,United States,2481 Deerwood Dr CA 94583 San Ramon United States,CA
Santa Ana,XO Communications,Santa,California,United States,1924 E Deere Ave 92705-5723 Santa Ana USA,CA
Santa Barbara,Impulse Advanced Communications,Santa,California,United States,104 West Anapamu Street 93101 Santa Barbara United States,CA
Santa Clara,INAP (Internap Corporation),Santa,California,United States,2151 Mission College Boulevard 95054 Santa Clara United States,CA
Santa Clara,Terremark,Santa,California,United States,3030 Corvin Dr 95051 Santa Clara United States,CA
Santa Clara,Electric Lightwave,Santa,California,United States,3075 Raymond St 95054-3431 Santa Clara USA,CA
Santa Clara,EdgeConneX,Santa,California,United States,1700 Richard Ave 95050-2851 Santa Clara USA,CA
Santa Clara,vXchnge,Santa,California,United States,2050 Martin Ave 95050-2702 Santa Clara USA,CA
Santa Clara,Verizon,Newark,California,United States,39800 Eureka Dr 94560-4809 Newark USA,CA
Santa Clara 1,Quality Technology Services (QTS),Santa,California,United States,2807 Mission College Blvd 95054 Santa Clara United States,CA
Santa Clara 2,Quality Technology Services (QTS),Blvd,California,United States,2805 Mission College Blvd CA 95054 Santa Clara United States,CA
Santa Clara 2,Stream Data Centers,Santa,California,United States,1350 Duane Ave 95054-3413 Santa Clara USA,CA
Santa Clara 3,Stream Data Centers,Santa,California,United States,870 Duane Ave 95054-3410 Santa Clara USA,CA
Santa Clara 4,Stream Data Centers,Santa,California,United States,3075 Raymond St 95054-3431 Santa Clara USA,CA
Santa Clara 6,Stream Data Centers,Santa,California,United States,3011 Lafayette St 95054-3438 Santa Clara USA,CA
Santa Clara Campus II,Vantage Data Centers,Santa,California,United States,737 Mathew St 95050 Santa Clara USA,CA
"Santa Clara, CA",ServerFarm,Clara,California,United States,5101 Lafayette St CA 95054 Santa Clara United States,CA
Sargasso Networks,Sargasso Networks Inc.,New,New York,United States,60 Hudson Street 10013 New York United States,NY
Savvis CH,Cyxtera,Rd.,Illinois,United States,2425 Busse Rd. IL 60007 Elk Grove Village United States,IL
SBP1,"Digital West Networks, Inc.",San,California,United States,3620 Sacramento Dr Suite 102 93401 San Luis Obispo United States,CA
SCG Services,DataCenter.BZ,Worthington,Ohio,United States,535 Scherers Court 43085 Worthington United States,OH
Schaumburg,CBRE,Road,Illinois,United States,1299 Algonquin Road IL Schaumburg United States,IL
Scott Data Center,Scott Technology Center,Omaha,Nebraska,United States,6825 Pine St. 68106 Omaha United States,NE
Scottsdale,Iron Mountain,Scottsdale,Arizona,United States,8521 E Princess Dr 85255 Scottsdale USA,AZ
Scottsdale Data Center,Sungard,#108,Arizona,United States,"7499 E Paradise Ln., #108 AZ 85260 Scottsdale United States",AZ
Seattle,WorldLink Internet Services,Tukwila,Washington,United States,1300 SW 7th St Suite 112 98057 Tukwila United States,WA
Seattle,EdgeConneX,Seattle,Washington,United States,"3425 116th Street Building 6, Suite 133 WA 98168 Seattle United States",WA
Seattle,CenturyLink,Seattle,,United States,"1000 Denny Way, 4th Floor 9810 Seattle United States",WA
Seattle,Equinix,Kent,Washington,United States,6906 S 204th St 98032-1321 Kent USA,WA
Seattle,H5 Data Center,Seattle,Washington,United States,1000 Denny Way 98109 Seattle USA,WA
Seattle,TierPoint,Seattle,Washington,United States,"140 4th Ave N, Suite 360 98109 Seattle USA",WA
Seattle,ColoCrossing,Tukwila,Washington,United States,12201 Tukwila International Blvd 98168 Tukwila USA,WA
Seattle,Brookfield Infrastructure Partners LP,Lynnwood,Washington,United States,17300 WA-99 98037-3142 Lynnwood USA,WA
Seattle (32nd Avenue),Cogent Communications Inc.,Federal,Washington,United States,32275 32nd Ave S 98001 Federal Way USA,WA
Seattle (6th Avenue),CenturyLink,Seattle,Washington,United States,"2001 6th Ave, 15 floor 98121 Seattle USA",WA
Seattle (Second Ave.),XO Communications,Seattle,Washington,United States,"1100 2nd Ave, 1st floor 98101 Seattle USA",WA
Seattle 1,INAP (Internap Corporation),Seattle,Washington,United States,140 4th Avenue North 98109 Seattle United States,WA
Seattle 1,Zenlayer,Tukwila,Washington,United States,"3433 S 120th Pl, Integrate East Building 4 98168-5135 Tukwila USA",WA
Seattle 2,INAP (Internap Corporation),Place,Washington,United States,3355 S. 120th Place WA 98168 Tukwila United States,WA
Seattle 2 (Fifth Avenue),Equinix,Seattle,Washington,United States,"2020 5th Ave, floor 5 98121-2505 Seattle USA",WA
Seattle 3,Equinix,8/F,Washington,United States,"1919 5th Ave Seattle, 5/F, 6/F, 7/F, 8/F WA 98101 Seattle United States",WA
Seattle 4,Equinix,Kent,Washington,United States,S 204th St 6906 98032 Kent United States,WA
Secaucus,Unknown,Secaucus,New Jersey,United States,15 Enterprise Ave 07094 Secaucus United States,NJ
Secaucus,INAP (Internap Corporation),Secaucus,New Jersey,United States,755 Secaucus Rd 07094 Secaucus USA,NJ
Secaucus,vXchnge,Secaucus,New Jersey,United States,200 Meadowlands Pkwy 07094 Secaucus USA,NJ
Secured Network Services,Secured Network Services (SNS),Norwood,Massachusetts,United States,1500 Providence Highway 02062 Norwood United States,MA
Server Central Chicago,Server Central,Chicago,Illinois,United States,350 East Cermak Road 60623 Chicago United States,IL
Server Corps,Server Corps,Mobile,Alabama,United States,307 N. University Blvd. 36688 Mobile United States,AL
ServerPhase Data Center,ServerPhase,Carrollton,Texas,United States,2045 Chenault Drive 75006 Carrollton United States,TX
ServOnDemand,ServOnDemand,Southfield,Michigan,United States,21420 Melrose Ave. 48075 Southfield United States,MI
Sharp Annex,Nebraska Data Centers,Lincoln,Nebraska,United States,200 S 13th St 68508 Lincoln USA,NE
Shatter I.T.,Shatter I.T.,Buffalo,New York,United States,10 Lafayette Square 14203 Buffalo United States,NY
Shatter I.T. Buffalo 2,Shatter I.T.,Buffalo,New York,United States,350 Main 14202 Buffalo United States,NY
Sierra Data Center,Sierra Data Center,Pittsburgh,Pennsylvania,United States,322 Fourth Ave Suite 800 15222 Pittsburgh United States,PA
Silicon Valley,Fortune Data Centers,San,California,United States,2001 Fortune Drive 95131 San Jose United States,CA
Silicon Valley,Infomart,San,California,United States,2001 Fortune Dr 95131-1824 San Jose USA,CA
Silicon Valley 1,CoreSite,San,California,United States,"55 S. Market Street, Suite 440 95113 San Jose United States",CA
Silicon Valley 1,Equinix,San,California,United States,11 Great Oaks Blvd 95119-1242 San Jose United States,CA
Silicon Valley 10,Equinix,San,California,United States,Great Oaks Blvd 7 95119 San Jose United States,CA
Silicon Valley 13,Equinix,San,California,United States,"Fortune Dr 2030, Suite 130 95131 San Jose United States",CA
Silicon Valley 14,Equinix,Santa,California,United States,"2960 Corvin Dr, Pod D 95051 Santa Clara USA",CA
Silicon Valley 15,Equinix,Santa,California,United States,"Corvin Dr 2970, Pod C 95051 Santa Clara United States",CA
Silicon Valley 16,Equinix,Santa,California,United States,"Corvin Dr 3000, Pod B 95051 Santa Clara United States",CA
Silicon Valley 17,Equinix,Santa,California,United States,"Corvin Dr 3030, Pod A 95051 Santa Clara United States",CA
Silicon Valley 2,CoreSite,Milpitas,California,United States,1656 McCarthy Blvd. 95035 Milpitas United States,CA
Silicon Valley 2,Equinix,Santa,California,United States,1350 Duane Ave 95054-3413 Santa Clara USA,CA
Silicon Valley 3,CoreSite,Drive,California,United States,3001 Coronado Drive CA 95054 Santa Clara United States,CA
Silicon Valley 4,Equinix,Sunnyvale,California,United States,255 Caspian Dr 94089 Sunnyvale United States,CA
Silicon Valley 4,CoreSite,Way,California,United States,2972 Stender Way CA Santa Clara United States,CA
Silicon Valley 5,Equinix,Oaks,California,United States,9 Great Oaks CA 95119 San Jose United States,CA
Silicon Valley 5,CoreSite,Santa,California,United States,2901 Coronado Drive 95054 Santa Clara United States,CA
Silicon Valley 6,Equinix,Sunnyvale,California,United States,444 Toyoma Drive 94089 Sunnyvale United States,CA
Silicon Valley 6,CoreSite,Santa,California,United States,3020 Coronado Dr 95054 Santa Clara USA,CA
Silicon Valley 7,CoreSite,Santa,California,United States,2900 Stender Way 95054-3213 Santa Clara USA,CA
Silicon Valley 8,Equinix,Palo,California,United States,529 Bryant Street 94301 Palo Alto United States,CA
"Silver Spring, MD",Agile,Silver,Maryland,United States,2240 Broadbirch Dr 20904-1931 Silver Spring USA,MD
SimpleNet Colo,SimpleNet,San,California,United States,225 Broadway 92101 San Diego United States,CA
Simply Bits Vault,Simply Bits,Tucson,Arizona,United States,5225 N. Sabino Canyon 85750 Tucson United States,AZ
Sioux Falls-East,TierPoint,Sioux,South Dakota,United States,700 East 54th St N 57104 Sioux Falls USA,SD
Sioux Falls-West,TierPoint,Sioux,South Dakota,United States,5300 N La Mesa Dr 57107 Sioux Falls USA,SD
Sitco Data Center,Sitco,Evansville,Indiana,United States,4631 OHara Drive 47711 Evansville United States,IN
SLC Delong,CenturyLink,Salt,Utah,United States,572 South Delong Street 84104 Salt Lake City United States,UT
Slidell,EdgeConneX,Slidell,Louisiana,United States,2070 Gause Blvd E 70461 Slidell USA,LA
Smart City Data Center,Smart City,Orlando,Florida,United States,"1101 N. Keller Road, Suite B 32810 Orlando United States",FL
SMH Colocation Data Center,SMH Colocation,Anaheim,California,United States,Secret location 92801 Anaheim United States,CA
Smith and Hammaker,Smith and Hammaker,Knoxville,Tennessee,United States,133 N Broadway 37917-7502 Knoxville United States,TN
Smyrna Workgroup,Sungard,Smyrna,Georgia,United States,5600 United Dr SE GA 30082 Smyrna United States,GA
Sohonet North America,Sohonet Ltd,Los,California,United States,12950 Culver Blvd 90066 Los Angeles USA,CA
SolutionPro Boise Idaho,SolutionPro,Boise,Idaho,United States,1450 Eagle Flight Way 83709 Boise United States,ID
Somerset,CyrusOne,Somerset,New Jersey,United States,Cottontail Ln 800 08873 Somerset United States,NJ
Somerset,OneNeck,Drive,New Jersey,United States,125 Belmont Drive NJ 08873 Somerset United States,NJ
Somerset Data Center,Carter Validus Mission Critical REIT,Somerset,New Jersey,United States,200 Campus Dr 08873-1149 Somerset USA,NJ
Somerville,Cambridge Network Solutions,Somerville,Massachusetts,United States,35 McGrath Highway 02143 Somerville United States,MA
South Lake Data Center,DataBank,Boulevard,Kansas,United States,15721 College Boulevard KS 66219 Lenexa United States,KS
South Seattle,Digital Fortress,Seattle,Washington,United States,12101 Tukwila International Blvd 98168-2569 Seattle USA,WA
Southfield,TelNet Worldwide (TelNet),Road,Michigan,United States,21005 Lahser Road MI 48033 Southfield United States,MI
Southfield,123 NET,Southfield,Michigan,United States,24275 Northwestern Hwy. 48075 Southfield United States,MI
Southfield,Nexcess,tbc,Michigan,United States,tbc MI 48075 Southfield United States,MI
Spectra Access Data Center,Spectra Access,Manchester,New Hampshire,United States,27 Lowell Street 03101 Manchester United States,NH
Spirit Telecom Data Center,Spirit Communications,Columbia,South Carolina,United States,1500 Hampton St. 29201 Columbia United States,SC
Spokane,TierPoint,Liberty,Washington,United States,23403 E Mission Ave 99019 Liberty Lake United States,WA
Spokane,OneEighty Networks,Spokane,Washington,United States,118 N. Stevens St 99201 Spokane United States,WA
Spokane,XO Communications,Spokane,Washington,United States,"155 S Stevens St, 2nd floor 99201 Spokane USA",WA
SpringNet Underground,SpringNet,Springfield,Missouri,United States,301 East Central 65802 Springfield United States,MO
Springs Hosting Data Center,Springs Hosting,Colorado,Colorado,United States,1205 Shasta Dr. 80910 Colorado Springs United States,CO
Sprint Pennsauken,Sprint,Pennsauken,New Jersey,United States,4101 Maple Avenue 08109 Pennsauken United States,NJ
SSAE 16 Compliant Data Center,NetStandard,Kansas,Kansas,United States,2000 Merriam Lane 66106 Kansas City United States,KS
St. Louis,vXchnge,#610,Missouri,United States,710 N Tucker Blvd #610 MO 63101 St. Louis United States,MO
St. Louis,CenturyLink,St.,Missouri,United States,1015 Locust Street 63101 St. Louis United States,MO
St. Louis (Walnut St.),XO Communications,Philadelphia,Pennsylvania,United States,"900 Walnut St, 2nd floor 19147-3905 Philadelphia USA",PA
St. Louis-Olive,TierPoint,St.,Missouri,United States,1111 Olive St 63101-1908 St. Louis USA,MO
St. Louis-Walnut,TierPoint,St.,Missouri,United States,900 Walnut St 63102 St. Louis USA,MO
St. Paul,vXchnge,Paul,Minnesota,United States,1125 Energy Park Dr 55108-5032 St Paul USA,MN
St. Paul Workgroup,Sungard,Saint,Minnesota,United States,Fairview Ave N 605 55104 Saint Paul United States,MN
Stafford Assoicates Data Center,Stafford Associates,Setauket,New York,United States,21 Bennetts Road 11733 Setauket United States,NY
Stamford,CyrusOne,Stamford,Connecticut,United States,Riverbend Dr S 10 06907 Stamford United States,CT
Stamford,CenturyLink,Stamford,Connecticut,United States,21 Harborview Ave 06902 Stamford United States,CT
State College,"Windstream Services, LLC",State,Pennsylvania,United States,441 Science Park Rd 16803-2217 State College USA,PA
SteelVault OX-1,SteelVault,Oxford,Connecticut,United States,66 Hawley Rd. 06478 Oxford United States,CT
Sterling,Amazon,tbc,Virginia,United States,tbc VA Sterling United States,VA
Sterling 1,CyrusOne,Sterling,District of Columbia,United States,21111 Ridgetop Cir 20166 Sterling USA,DC
Sterling 2,CyrusOne,Sterling,District of Columbia,United States,21111 Ridgetop Cir 20166 Sterling USA,DC
Sterling 4,CyrusOne,Sterling,District of Columbia,United States,International Dr 22811 20116 Sterling United States,DC
Sterling 4,CyrusOne,Sterling,District of Columbia,United States,511 Shaw Rd 20166-9402 Sterling USA,DC
Sterling 5,CyrusOne,Sterling,District of Columbia,United States,Pacific Blvd 21350 20166 Sterling United States,DC
Stone Mountain Data Complex,Stone Mountain,Olive,Kentucky,United States,235 A Tom T. Hall Blvd. 41164 Olive Hill United States,KY
StoweVT,Power Shift,Stowe,Vermont,United States,571 south main ST 05672 Stowe United States,VT
StratITsphere - Alpha,StratITsphere,Katy,Texas,United States,1510 Primewest Parkway 77449 Katy United States,TX
StratITsphere - Echo,StratITsphere,Houston,Texas,United States,10555 Cossey Road 77070 Houston United States,TX
Sunnyvale,CenturyLink,Sunnyvale,California,United States,1380 Kifer Rd 94086-5305 Sunnyvale USA,CA
Sunnyvale Data Center,Carter Validus Mission Critical REIT,Sunnyvale,California,United States,1400 Kifer Rd 94086-5306 Sunnyvale USA,CA
Suwanee,Quality Technology Services (QTS),Suwanee,Georgia,United States,300 Satellite Blvd NW 30024 Suwanee United States,GA
SVCOLO (Sunnyvale),"Silicon Valley Colocation, Inc.",Sunnyvale,New York,United States,94089 Sunnyvale United States 14085412009,NY
SVCOLO Santa Clara,SVCOLO,Santa,California,United States,1700 Richard Avenue 95050 Santa Clara United States,CA
SVCOLO Santa Clara,"Silicon Valley Colocation, Inc.",Clara,New York,United States,95050 Santa Clara United States 14085412009,NY
SVCOLO Sunnyvale,SVCOLO,Sunnyvale,California,United States,1111 Karlstad 94089 Sunnyvale United States,CA
SVTIX Data Center,SVTIX,San,California,United States,250 Stockton Ave 95126 San Jose United States,CA
SVTIX San Jose,Silicon Valley Telecom & Internet Exchange,San,California,United States,250 Stockton Avenue 95126 San Jose United States,CA
Synergy Broadband State Street,Synergy Broadband,Ann,Michigan,United States,3131 S. State Suite 306 48108 Ann Arbor United States,MI
Synergy Park,Flexential,Pkwy,Texas,United States,3010 Waterview Pkwy TX 75080 Richardson United States,TX
Syptec - Phoenix,Syptec,Phoenix,Arizona,United States,302 N 3rd Ave 85003 Phoenix United States,AZ
Syptec - Salt Lake City,Syptec,Salt,Utah,United States,200 S 100 E 84111 Salt Lake City United States,UT
Syptec - Vegas,Syptec,Las,Nevada,United States,302 Carson Street 89101 Las Vegas United States,NV
Syracuse,Navisite,Syracuse,New York,United States,125 Elwood Davis Rd NY 13212 Syracuse United States,NY
Syracuse (South State Street),"Windstream Services, LLC",Syracuse,New York,United States,201 S State St 13202 Syracuse USA,NY
Syracuse (South Warren Street),FirstLight,Syracuse,New York,United States,109 S Warren St 13202-1119 Syracuse USA,NY
T5@Alliace,T5 Data Centers,Gainesville,Texas,United States,76240 Gainesville USA 888.239.7133,TX
T5@Atlanta I,T5 Data Centers,Road,Georgia,United States,3200 Webb Bridge Road GA 30022 Alpharetta United States,GA
T5@Charlotte,T5 Data Centers,Mountain,North Carolina,United States,140 Riverside Ct NC 28086 Kings Mountain United States,NC
T5@Chicago,T5 Data Centers,Elk,Illinois,United States,1441 Touhy Avenue 60007 Elk Grove Village USA,IL
T5@Colorado Springs,T5 Data Centers,Colorado,Colorado,United States,3819 Janitell Rd 80906-4109 Colorado Springs USA,CO
T5@Dallas I,T5 Data Centers,Plano,Texas,United States,6653 Pinecrest Dr TX 75024 Plano United States,TX
T5@Dallas II,T5 Data Centers,Plano,Texas,United States,6653 Pinecrest Dr 75024-2924 Plano USA,TX
T5@Dallas III,T5 Data Centers,Plano,Texas,United States,6653 Pinecrest Dr 75024-2924 Plano USA,TX
T5@LA,T5 Data Centers,Segundo,California,United States,444 N Nash St 90245-2822 El Segundo USA,CA
T5@NY,T5 Data Centers,Briarcliff,New York,United States,600 Albany Post Rd 10510-2427 Briarcliff Manor USA,NY
T5@Portland I,T5 Data Centers,Hillsboro,Nebraska,United States,3145 NE Brookwood Pkwy 97124 Hillsboro USA,NE
T5@Portland II,T5 Data Centers,Hillsboro,Nebraska,United States,3145 NE Brookwood Pkwy 97124 Hillsboro USA,NE
T5@Portland III,T5 Data Centers,Hillsboro,Oregon,United States,26185 Northeast Evergreen Road 97124 Hillsboro USA,OR
Tallahassee,EdgeConneX,404-408,Florida,United States,1531 Commonwealth Business Dr. Units 404-408 FL 32303 Tallahassee United States,FL
Tampa,Flexential,Tampa,Florida,United States,9417 Corporate Lake Dr FL 33634 Tampa United States,FL
Tampa,365 Data Centers,Tampa,Florida,United States,"655 N Franklin Street, Suite 1000, 10th floor 33602 Tampa United States",FL
Tampa,XO Communications,Tampa,Florida,United States,5904-A Hampton Oaks Pkwy 33610 Tampa United States,FL
Tampa,CenturyLink,Tampa,Florida,United States,7909 Woodland Center Blvd 33614 Tampa United States,FL
Tampa (North Tampa Street),WOW! (Wide Open West),Tampa,Florida,United States,400 North Tampa Street 33602 Tampa United States,FL
Tampa (North Tampa Street),Cogent Communications Inc.,Tampa,Florida,United States,400 N Tampa St 33602 Tampa USA,FL
Tampa 1,Hivelocity,Tampa,Florida,United States,"8010 Woodland Center Blvd, Suite 700 33614 Tampa USA",FL
Tampa 2,Flexential,Tampa,Florida,United States,8350 Parkedge Dr 33637 Tampa USA,FL
Tampa 2,Hivelocity,Tampa,Florida,United States,5908 Hampton Oaks Pkwy 33610 Tampa USA,FL
TAT-14 North CLS,TAT-14 Cable System,Manasquan,New Jersey,United States,600 Sea Girt Ave 08736 Manasquan USA,NJ
TAT14 South CLS,TAT-14 Cable System,Little,New Jersey,United States,17 Cable Dr 08087-2908 Little Egg Harbor Township USA,NJ
TEAM Companies Cedar Falls,TEAM Companies,Cedar,Iowa,United States,1205 Technology Parkway 50613 Cedar Falls United States,IA
TEAM Companies Des Moines,TEAM Companies,Des,Iowa,United States,390 N. Alices Road 50263 Des Moines United States,IA
Teamnet Cedar Falls,Teamnet Technologies,Cedar,Iowa,United States,1205 Technology Pkwy 50613 Cedar Falls United States,IA
Tech Vault Data Center,"Tech Vault, Inc.",South,Vermont,United States,"21 Gregory Drive, Suite 165 05403 South Burlington United States",VT
Technology Solutions of SC Inc,Technology Solutions Of SC Inc,Seneca,South Carolina,United States,301 US-123 Bypass 29678 Seneca USA,SC
Tek Park,DBSi,Breinigsville,Pennsylvania,United States,Hamilton Boulevard 18031 Breinigsville United States,PA
Telecom Center LA,Grubb & Ellis,Los,California,United States,530 West 6th Street 90014 Los Angeles United States,CA
Telepacific,Telepacific,San,California,United States,630 3rd Street 94107 San Francisco United States,CA
TeleSource IDC,TeleSource,Houston,Texas,United States,1301 Fannin Street 77002 Houston United States,TX
TelJet Longhaul Data Center,"TelJet Longhaul, LLC",Williston,Vermont,United States,45 Krupp Dr. 05495 Williston United States,VT
Tellurian Datacenter,Tellurian,Newark,New Jersey,United States,172 Spring Street 07860 Newark United States,NJ
Tempe Data Center 1,Carter Validus Mission Critical REIT,Tempe,Arizona,United States,2601 W Broadway Rd 85282-1099 Tempe USA,AZ
Tempe Data Center 2,Carter Validus Mission Critical REIT,Tempe,Arizona,United States,2005 E Technology Cir 85284 Tempe USA,AZ
Tennessee Data Center,Carter Validus Mission Critical REIT,Franklin,Tennessee,United States,4600 Carothers Pkwy 37067 Franklin USA,TN
Texas 1 Data Center,Data Foundry,Austin,Texas,United States,4100 Smith School Road 78744 Austin United States,TX
The Bunker,Westland Bunker,Montgomery,Texas,United States,550 Club Dr. 77316 Montgomery United States,TX
The ColoHub Data Center,Geneseo Communications,Bettendorf,Iowa,United States,2701 Devils Glen Road 52722 Bettendorf United States,IA
The Dalles,Google,Dalles,Oregon,United States,4200 Columbia Rd OR The Dalles United States,OR
"The Fort  Honolulu, Hawaii",DRFortress,Honolulu,Hawaii,United States,3375 Koapaka Street 96819 Honolulu United States,HI
The Franklin Exchange Tampa,The Wilson Company,Tampa,Florida,United States,655 N Franklin Street 33602 Tampa United States,FL
The Hub,"Rudin Management Company, Inc.",New,New York,United States,"32 Avenue of the Americas, 24th Floor 10013 New York United States",NY
The Karcher Group Data Center,The Karcher Group,North,Ohio,United States,5590 Lauby Rd 44720 North Canton United States,OH
The Mission Street Center,"UnitedLayer, Inc.",San,California,United States,1019 Mission Street 94107 San Francisco United States,CA
The Planet 1700 Summit,SoftLayer Technologies (IBM Cloud),Plano,Texas,United States,1700 Summit Ave 75074 Plano United States,TX
The Planet 855 Greens Pkwy,SoftLayer Technologies (IBM Cloud),Houston,Texas,United States,855 Greens Parkway 77067 Houston United States,TX
The Planet Dallas,SoftLayer Technologies (IBM Cloud),Dallas,Texas,United States,"1333 North Stemmons Freeway, Suite 110 75207 Dallas United States",TX
The Planet Houston,SoftLayer Technologies (IBM Cloud),Houston,Texas,United States,"835 Greens Parkway, Suite 150 77002 Houston United States",TX
The Pyramid Campus,Switch,Caledonia,Michigan,United States,6100 E Paris Ave SE 49316-9790 Caledonia USA,MI
Thornton Colorado Data Center,The Morgan Reed Group,Thornton,Colorado,United States,12121 Grant Street 80241 Thornton United States,CO
Toledo,CenturyLink,Toledo,Ohio,United States,639 Oliver St 43609 Toledo USA,OH
Tonaquint Data Center,Tonaquint Data Center,Saint,Utah,United States,912 West 1600 South 84770 Saint George United States,UT
Totowa,CyrusOne,Totowa,New Jersey,United States,Madison Rd 50 07512 Totowa Boro United States,NJ
Transit America Data Center,Transit America Data Center,Houston,Texas,United States,1415 Louisiana St 77002 Houston USA,TX
Transtelco El Paso,Transtelco,Paso,Texas,United States,500 W Overland Avenue 79901 El Paso United States,TX
Travelport Data Center,Travelport,CO,Colorado,United States,Secret location 80111 CO United States,CO
Tucson,Involta,Tucson,Arizona,United States,P.O. Box 1365 AZ 85702 Tucson United States,AZ
Tucson (South Country Club Road),Copper State Communications,Tucson,Arizona,United States,1919 S Country Club Rd 85713-2109 Tucson USA,AZ
Tucson (South Evans Boulevard),CenturyLink,Tucson,Arizona,United States,3836 S Evans Blvd 85714 Tucson United States,AZ
Tukwila,CoreLink,Tukwila,Washington,United States,12201 Tukwila Intl. Blvd. 98168 Tukwila United States,WA
Tulsa,Crown Castle,Tulsa,Oklahoma,United States,738 S Elgin Ave 74120 Tulsa USA,OK
Tulsa 1,TierPoint,Tulsa,Oklahoma,United States,322 E Archer St 74120 Tulsa USA,OK
Tulsa 2,TierPoint,Tulsa,Oklahoma,United States,12151 E State Farm Blvd S 74146 Tulsa USA,OK
TulsaConnect (DC1) Oklahoma,TulsaConnect,Tulsa,Oklahoma,United States,321 S. Boston Ave 74103 Tulsa United States,OK
TulsaConnect (DC2) Oklahoma,TulsaConnect,Tulsa,Oklahoma,United States,110 W. 7th St 74119 Tulsa United States,OK
TulsaConnect (DC3) Oklahoma,TulsaConnect,Tulsa,Oklahoma,United States,4500 S. 129th E Ave 74134 Tulsa United States,OK
Tyler Vault.com Data Center,Tyler Vault.com,Tyler,Texas,United States,110 N College Ave 75702 Tyler United States,TX
UBS AG,UBS AG,Stamford,Connecticut,United States,677 Washington Blvd 06901 Stamford USA,CT
Ultra Green Center,DTS-Net,Newton,North Carolina,United States,4005 Rocky Ford Road 28658 Newton United States,NC
Umatilla,Amazon,Umatilla,Oregon,United States,500 Willamette St 97882 Umatilla USA,OR
Union Station,Global Access Point,South,Indiana,United States,506 W South St. 46601 South Bend United States,IN
UnitedLayer San Francisco,"UnitedLayer, Inc.",San,California,United States,60 Federal St 94107 San Francisco United States,CA
University of Wisconsin-Madison,University of Wisconsin-Madison,Madison,Wisconsin,United States,53706 Madison United States www.wisc.edu,WI
University Park,Penn State,Park,Pennsylvania,United States,University Park PA 16801 State College United States,PA
Untangled Technology Data Center,Untangled Technology,Canton,Ohio,United States,401 West Tuscarawas St. 44702 Canton United States,OH
"Upload, Inc","Upload, Inc",Marina,California,United States,4505 Glencoe Ave 90292-6372 Marina Del Rey USA,CA
US Bank Building,Kiemle & Hagood,Spokane,Washington,United States,428 West Riverside 99201 Spokane United States,WA
US Internet Data Center,US Internet,Minnetonka,Minnesota,United States,12450 Wayzata Blvd. 55305 Minnetonka United States,MN
US Secure Hosting Center,US Secure Hosting Center (USSHC),Monticello,Iowa,United States,117 E. First Street 52310 Monticello United States,IA
US Signal Grand Rapids,US SIGNAL,Grand,Michigan,United States,400 76th St SW 49509 Grand Rapids United States,MI
US Signal Oak Brook,US SIGNAL,Oak,Illinois,United States,810 Jorie Blvd. 60523 Oak Brook United States,IL
US Signal Southfield,US SIGNAL,Southfield,Michigan,United States,21648 Melrose Ave 48075 Southfield United States,MI
USNX Data Center,U.S. NetworX,Jackson,Mississippi,United States,6360 I-55 North 39211 Jackson United States,MS
V1,Vantage Data Centers,Avenue,California,United States,2625 Walsh Avenue CA 95051 Santa Clara United States,CA
V2,Vantage Data Centers,Avenue,California,United States,2565 Walsh Avenue CA 95051 Santa Clara United States,CA
V3,Vantage Data Centers,Parkway,California,United States,2880 Northwestern Parkway CA 95051 Santa Clara United States,CA
V5,Vantage Data Centers,Santa,California,United States,Northwestern Pkwy 95051 Santa Clara USA,CA
V6,Vantage Data Centers,Santa,California,United States,2895 Northwestern Pkwy 95051 Santa Clara USA,CA
Valley Forge,DBSi,Audubon,Pennsylvania,United States,1000 Adams Avenue 19403 Audubon United States,PA
Valley Forge,TierPoint,Norristown,Pennsylvania,United States,Adams Ave 19401 Norristown USA,PA
Van Buren Data Center,American Internet Services (AIS),Phoenix,Arizona,United States,120 E Van Buren St 85004 Phoenix United States,AZ
Vaultas Alexandria,Vaultas,Alexandria,Minnesota,United States,Alexandria 56308 Alexandria United States,MN
Vaultas Milwaukee,Vaultas,Milwaukee,Wisconsin,United States,Blatz Brewery Complex 53202 Milwaukee United States,WI
Vaultas St. Cloud,Vaultas,St.,Minnesota,United States,St. Cloud 56301 St. Cloud United States,MN
Vegas,VegasNAP,Las,Nevada,United States,"1110 Palms Airport Drive, Suite 110 89119 Las Vegas United States",NV
Vernon Data Center,Vernon Data Center,Vernon,California,United States,5001 S. Soto Street 90058 Vernon United States,CA
Vienna (Gallows Road),Cogent Communications Inc.,Vienna,Virginia,United States,1921 Gallows Rd 22182 Vienna USA,VA
Vineyard Data Center Park,Vineyard Data Center Park,Colorado,Colorado,United States,3819 Janitell Road 80906 Colorado Springs United States,CO
Virginia,Evocative,Reston,District of Columbia,United States,1807 Michael Faraday Ct 20190-5303 Reston USA,DC
Virginia Beach,ACA International (Assured Communications Advisors International),Virginia,Virginia,United States,Corporate Landing Pkwy 23454 Virginia Beach USA,VA
Virginia Beach,Telefonica,Virginia,Virginia,United States,Corporate Landing Pkwy 23454 Virginia Beach USA,VA
Virginia Beach,Globalinx,Virginia,Virginia,United States,Corporate Landing Pkwy 23454 Virginia Beach USA,VA
VISI Data Center Eden Prairie,VISI,Eden,Minnesota,United States,10290 West 70th Street 55344 Eden Prairie United States,MN
VISI Data Center St. Paul,VISI,St.,Minnesota,United States,180 East 5th Street 55101 St. Paul United States,MN
Visual Link Internet,Visual Link Internet,Winchester,Virginia,United States,2308 Middle Rd 22601-2718 Winchester USA,VA
Volico Broward,Volico,Pompano,Florida,United States,500 Green Road 33064 Pompano United States,FL
Volico Miami,Volico,Miami,Florida,United States,200 SE 1st St. 33131 Miami United States,FL
Volico Miami #2,Volico,Miami,Florida,United States,100 N. Biscayne Blvd 33132 Miami United States,FL
Voonami Orem Data Center,Voonami,Orem,Utah,United States,"510 East Technology Avenue, Bldg C, S UT 84097 Orem United States",UT
Voonami Salt Lake City Data Center,Voonami,West,Utah,United States,2302 South Presidents Drive 84120 West Valley City United States,UT
W Capovilla Ave 5225,Cyxtera,Las,Nevada,United States,W Capovilla Ave 5225 89118 Las Vegas United States,NV
Wachovia,"CXP CyberXpress, Inc.",Jacksonville,Florida,United States,8324 Baymeadows Way 32256 ? Jacksonville United States,FL
Waco,Clearview International,Ave.,Texas,United States,700 Austin Ave. TX 76701 Waco United States,TX
Waco,Grande Communications Networks LLC,Waco,Texas,United States,7200 Imperial Dr 76712-6623 Waco USA,TX
Waco,Crown Castle,Waco,Texas,United States,3311 Clay Ave 76711 Waco USA,TX
Waco Data Center,Carter Validus Mission Critical REIT,Waco,Texas,United States,700 Austin Ave 76701-2020 Waco USA,TX
Wall,TATA Communications,Wall,New Jersey,United States,1400 Wall Church Rd 07719 Wall Township USA,NJ
Walla Walla,OneEighty Networks,Walla,Washington,United States,1 West Alder 99362 Walla Walla United States,WA
Waltham Data Center,New England Data Services,Waltham,Massachusetts,United States,305 Winter Street 02451 Waltham United States,MA
Wappingers Falls,CyrusOne,Wappingers,New York,United States,Myers Corners Rd 155 12590 Wappingers Falls United States,NY
Washington,CenturyLink,Washington,District of Columbia,United States,1120 Vermont Ave NW 20005 Washington USA,DC
Washington (Connecticut Ave.),XO Communications,Washington,District of Columbia,United States,"4301 Connecticut Ave NW, 1st floor 20008 Washington USA",DC
Washington (L Street),XO Communications,Washington,District of Columbia,United States,"1220 L St NW, 2nd floor 20005 Washington USA",DC
Washington (Vermont Ave.),XO Communications,Washington,District of Columbia,United States,1120 Vermont Ave NW 20005 Washington USA,DC
Washington 1,Equinix,Ashburn,District of Columbia,United States,"21711 Filigree Ct, Suite C 20147 Ashburn United States",DC
Washington 11,Equinix,Ct.,Virginia,United States,21731 Filigree Ct. VA 20147 Ashburn United States,VA
Washington 12,Equinix,Ashburn,District of Columbia,United States,Performance Circle 20147 Ashburn USA,DC
Washington 13,Equinix,Ashburn,District of Columbia,United States,Uunet Dr 21830 20147 Ashburn United States,DC
Washington 14,Equinix,Manassas,District of Columbia,United States,Infantry Ridge Rd 7400 20109 Manassas United States,DC
Washington 2,Equinix,Ashburn,District of Columbia,United States,21715 Filigree Ct 20147 Ashburn United States,DC
Washington 4,Equinix,Ashburn,District of Columbia,United States,21691 Filigree 20147 Ashburn United States,DC
Washington 5,Equinix,Ashburn,District of Columbia,United States,21701 Filigree Ct 20147 Ashburn USA,DC
Washington 6,Equinix,Ashburn,District of Columbia,United States,21721 Filigree Ct 20147 Ashburn United States,DC
Washington 7,Equinix,Vienna,Virginia,United States,7990 Science Applications Court 22182 Vienna United States,VA
Washington 8,Equinix,Vienna,Virginia,United States,8502A Tyco Rd VA 22180 Vienna United States,VA
Washington DC,CenturyLink,McLean,Virginia,United States,1755-1757 Old Meadow Road 22102 McLean United States,VA
Washington DC (Hornbaker Road),Iron Mountain,Manassas,District of Columbia,United States,9651 Hornbaker Rd 20109-3976 Manassas USA,DC
Washington DC (M Street Northwest),Zayo Group LLC,Washington,District of Columbia,United States,"2100 M St NW, floor 1 20037 Washington USA",DC
Washington DC 1,CoreSite,Washington,District of Columbia,United States,"1275 K Street, NW, Suite 700A 20005 Washington United States",DC
Washington DC 2,CoreSite,Washington,District of Columbia,United States,1099 14th St NW 20005 Washington USA,DC
Washington Dulles Gateway,Sentinel,Sterling,,United States,Dulles Greenway Sterling USA,VA
Washington State 1,Actapio Inc,Wenatchee,Washington,United States,98801 Wenatchee USA Technical summary,WA
Washington State 2,Actapio Inc,Wenatchee,Washington,United States,98801 Wenatchee USA Technical summary,WA
"Washington, DC (Vermont Avenue Northwest)",Cogent Communications Inc.,Washington,District of Columbia,United States,1120 Vermont Ave NW 20005 Washington USA,DC
Waterbury,TierPoint,Waterbury,Connecticut,United States,108 Bank St 06702 Waterbury USA,CT
Waveform Troy Datacenter,Waveform Technology,Troy,Michigan,United States,319 Executive Dr 48083 Troy United States,MI
Waymark Plano,Waymark Communications,Plano,Texas,United States,5800 Granite Parkway 75024 Plano United States,TX
Wazee,Flexential,Denver,Colorado,United States,501 Wazee St CO 80204 Denver United States,CO
Webair NY1,"Webair Internet Development, Inc.",Garden,New York,United States,501 Franklin Ave 11530 Garden City United States,NY
Weehawken,CenturyLink,Weehawken,New Jersey,United States,300 Boulevard E 07086 Weehawken USA,NJ
Wells Fargo - Irvine,Wells Fargo,Irvine,California,United States,300 Spectrum Center Dr 92618 Irvine USA,CA
Wells Fargo - San Diego,Wells Fargo,San,California,United States,9276 Scranton Rd 92121 San Diego USA,CA
West,Flexential,Salt,Utah,United States,118 S 10th W 84104-1827 Salt Lake City USA,UT
West 1,CyrusOne,Houston,Texas,United States,5150 Westway Park Blvd 77041-2014 Houston USA,TX
West 2,CyrusOne,Houston,Texas,United States,Westway Park Boulevard 5170 77041 Houston United States,TX
West 2,"CXP CyberXpress, Inc.",Houston,Texas,United States,Westway Park Blvd 5170 77041 Houston United States,TX
West 3,CyrusOne,Houston,Texas,United States,Corporate Centre Dr 11003 77041 Houston United States,TX
West 7 Center,Rising Realty Partners,Los,California,United States,1200 W 7th St 90017 Los Angeles USA,CA
West Des Moines 3,Microsoft,West,Iowa,United States,3414-3430 Booneville Road 50266 West Des Moines United States,IA
West Twin Cities Data Center,DataBank,Edina,Minnesota,United States,7700 France Avenue South 55435 Edina MN United States,MN
Westborough Data Center,ColoSpace,Drive,Massachusetts,United States,4400 Computer Drive MA 01581 Westborough United States,MA
Westchester,Xand,Hawthorne,New York,United States,11 Skyline Drive 10532 Hawthorne United States,NY
Westerville,CenturyLink,Westerville,Ohio,United States,759 S State St 43081-3316 Westerville USA,OH
Westin Building Seattle,The Westin Building,Seattle,Washington,United States,2001 Sixth Avenue 98121 Seattle United States,WA
Westover Data Center,Frost Bank,Road,Texas,United States,10100 Rogers Road TX 78250 San Antonio United States,TX
Westown Communications Center,Iowa Network Services,West,Iowa,United States,Secret location 50266 West Des Moines United States,IA
Windward Alpharetta UPS Data Center,United Parcel Service of America (UPS),Alpharetta,Georgia,United States,1865 McFarland Pkwy 30005 Alpharetta USA,GA
Worknet Naperville,Worknet,Naperville,Illinois,United States,Secret location 60563 Naperville United States,IL
Worldspice Data Center,WorldSpice Technologies,Memphis,Tennessee,United States,5050 Poplar Ave. 38157 Memphis United States,TN
WOWaccess,"WOWaccess, Inc",Naperville,Illinois,United States,184 Shuman Blvd 60563 Naperville United States,IL
xDefenders,"xDefenders, Inc.",Pittsford,New York,United States,1100 Pittsford Victor Rd 14534 Pittsford United States,NY
Xecunet Data Center,Xecunet,Frederick,Maryland,United States,5744-R Industry Lane 21704 Frederick United States,MD
Xilogix Data Center,Xilogix,Atlanta,Georgia,United States,2812 Spring Road SE 30339-3019 Atlanta United States,GA
Xiolink Data Center,XIOLINK,St.,Missouri,United States,900 Walnut 63101 St. Louis United States,MO
XNet Critical Computing Facility,XNet,Lisle,Illinois,United States,"3080 Ogden Ave, Suite 303 60532 Lisle United States",IL
YourNet Connection,Starpoint Digital,Schaumburg,Illinois,United States,432 E State Parkway #128 60173 Schaumburg United States,IL
YRIX,Yellowstone Regional Internet Exchange (YRIX),Billings,Montana,United States,59101 Billings United States apply@yrix.org,MT
4025 Midway Rd (DFW11),Digital Realty,Carrollton,Dallas,United States,4025 Midway Rd,TX
1232 Alma Road (DFW16),Digital Realty,Richardson,Dallas,United States,1232 Alma Road,TX
900 Quality Way (DFW17),Digital Realty,Richardson,Dallas,United States,900 Quality Way,TX
H5Colo Inc.,H5 Colo Inc.,Dallas,Dallas,United States,12712 Park Central Dr,TX
850 E. Collins Boulevard (DFW28),Digital Realty,Richardson,Dallas,United States,850 E. Collins Boulevard,TX
2440 Marsh Lane (DFW12),Digital Realty,Carrollton,Dallas,United States,2440 Marsh Lane,TX
4849 Alpha Road (DFW14),Digital Realty,Dallas,Dallas,United States,4849 Alpha Road,TX
907 Security Row (DFW35),Digital Realty,Richardson,Dallas,United States,907 Security Row,TX
Hivelocity - Dallas 1,Hivelocity,Dallas,Dallas,United States,1515 Round Table Dr,TX
950 E. Collins Boulevard (DFW29),Digital Realty,Richardson,Dallas,United States,950 E. Collins Boulevard,TX
Flexential Dallas - Richardson Data Center,Flexential,Richardson,Dallas,United States,3010 Waterview Parkway,TX
Flexential Dallas - Downtown Data Center,Flexential,Dallas,Dallas,United States,1950 Stemmons Freeway,TX
908 Quality Way (DFW20),Digital Realty,Richardson,Dallas,United States,908 Quality Way,TX
904 Quality Way (DFW21),Digital Realty,Richardson,Dallas,United States,904 Quality Way,TX
Datacenter Park - Dallas,Digital Realty,Richardson,Dallas,United States,900-908 Quality Way,TX
Digital Realty Garland Campus,Digital Realty,Garland,Dallas,United States,1702 W Campbell Rd / 1502 Ferris Rd / 1505 Ferris Rd,TX
1702 W Campbell Rd,Digital Realty,Garland,Dallas,United States,1702 W Campbell Rd,TX
1502 Ferris Rd,Digital Realty,Garland,Dallas,United States,1502 Ferris Rd,TX
1505 Ferris Rd,Digital Realty,Garland,Dallas,United States,1505 Ferris Rd,TX
CyrusOne DFW1 - Carrollton,CyrusOne Data Centers,Carrollton,Dallas,United States,1649 Frankfort Road West,TX
"IRVING-TX (Dallas, Texas)",Cloudnium LLC.,Irving city,Dallas,United States,6001 W Campus Circle,TX
Prime Dallas Data Center Campus,Prime Data Centers,Dallas,Dallas,United States,1515 Round Table,TX
CyrusOne DFW3 - Allen,CyrusOne Data Centers,Allen,Dallas,United States,2300 Chelsea Blvd,TX
TierPoint Dallas - Fort Worth,TierPoint,Fort Worth,Dallas,United States,13701 Independence,TX
CyrusOne DFW2 - Lewsiville,CyrusOne Data Centers,Lewsiville,Dallas,United States,2501 S. State Hwy 121 Business,TX
Csquare - Dallas DFW3-A,Csquare,Dallas,Dallas,United States,11830 Webb Chapel Rd.,TX
365 Data Centers - Richardson,365 Data Centers,Richardson,Dallas,United States,1001 East Campbell Road,TX
Csquare - Dallas DFW2-A,Csquare,Dallas,Dallas,United States,900 Guardians Way,TX
Prime Dallas - Data Center 1,Prime Data Centers,Dallas,Dallas,United States,1515 Round Table,TX
ScaleMatrix Dallas,ScaleMatrix,Allen,Dallas,United States,820 Allen Commerce Pkwy,TX
Prime Dallas - Data Center 2,Prime Data Centers,Dallas,Dallas,United States,1517 Round Table,TX
Edged Dallas-Fort Worth DFW01-1,Edged Energy,Irving,Dallas,United States,505 N Wildwood Dr,TX
Evocative DAL6,Evocative Data Centers,Plano,Dallas,United States,1221 Coit Road,TX
Cogent Data Center - Fort Worth,"Cogent Communications, Inc.",Fort Worth,Dallas,United States,1400 E Presidio St,TX
VAZATA McKinney,VAZATA,McKinney,Dallas,United States,1720 Bray Central Dr,TX
Aligned DFW-01,Aligned Data Centers,Plano,Dallas,United States,2800 Summit Avenue,TX
Provision Data Services,Provision Data Services,Dallas,Dallas,United States,2020 Live Oak,TX
Resilience DFW,Overwatch Capital,Plano,Dallas,United States,6815 Communications Pkwy,TX
24 Hour Data Plano,24 Hour Data,Plano,Dallas,United States,811 E Plano Pkwy,TX
Equinix DA7,Equinix,Plano,Dallas,United States,6653 Pinecrest Dr,TX
STACK Infrastructure DFW02 Campus,STACK INFRASTRUCTURE,Lancaster,Dallas,United States,E Belt Line Road,TX
Evocative DAL1,Evocative Data Centers,Plano,Dallas,United States,2800 Summit Ave,TX
Stream DC DFWC - Wilmer II Campus,Stream Data Centers,Wilmer,Dallas,United States,"930 Sunrise Rd, Lancaster, TX , USA",TX
STACK Infrastructure DFW01B,STACK INFRASTRUCTURE,Plano,Dallas,United States,6715 Pinecrest Dr,TX
STACK Infrastructure DFW01A,STACK INFRASTRUCTURE,Plano,Dallas,United States,6653 Pinecrest Dr,TX
CoreWeave Plano,CoreWeave,Plano,Dallas,United States,1000 Coit Rd,TX
Stream DC DFWC1,Stream Data Centers,Wilmer,Dallas,United States,930 N Sunrise Rd,TX
DigiCo Dallas DAL1,DigiCo Infrastructure REIT,Richardson,Dallas,United States,1402 E Lookout Dr,TX
Cogent Data Center - Irving,"Cogent Communications, Inc.",Irving,Dallas,United States,2511 E Grauwyler Rd,TX
QTS Irving Campus,QTS Data Centers,Irving,Dallas,United States,6431 Longhorn Drive,TX
ColoHouse Dallas,ColoHouse,Dallas,Dallas,United States,1649 West Frankford Road,TX
5CDC Dallas-Fort Worth - DFW01,5C Group Inc.,Fort Worth,Dallas,United States,1201 John Burgess Dr,TX
STACK Infrastructure DFW02C,STACK INFRASTRUCTURE,Lancaster,Dallas,United States,E Belt Line Road,TX
STACK Infrastructure DFW02F,STACK INFRASTRUCTURE,Lancaster,Dallas,United States,E Belt Line Road,TX
STACK Infrastructure DFW02B,STACK INFRASTRUCTURE,Lancaster,Dallas,United States,E Belt Line Road,TX
STACK Infrastructure DFW02D,STACK INFRASTRUCTURE,Lancaster,Dallas,United States,E Belt Line Road,TX
STACK Infrastructure DFW02E,STACK INFRASTRUCTURE,Lancaster,Dallas,United States,E Belt Line Road,TX
STACK Infrastructure DFW02A,STACK INFRASTRUCTURE,Lancaster,Dallas,United States,E Belt Line Road,TX
DataBank DFW9 - Red Oak,DataBank,Red Oak,Dallas,United States,Batchler Rd & Stainback Rd,TX
STACK Infrastructure DFW01C,STACK INFRASTRUCTURE,Plano,Dallas,United States,5601 W Spring Creek Pkwy,TX
CyrusOne DFW10 - Whitney,CyrusOne Data Centers,Whitney,Dallas,United States,557 County Rd 3610,TX
Vantage Frontier - Shackelford County,Vantage Data Centers,Abilene,Dallas,United States,TX-351 & Farm to Market Road 604,TX
DataBank DFW10 - Red Oak,DataBank,Red Oak,Dallas,United States,Batchler Rd & Stainback Rd,TX
QTS Fort Worth 1 DC1,QTS Data Centers,Fort Worth,Dallas,United States,14100 Park Vista Boulevard,TX
Csquare - Dallas DFW1,Csquare,Fort Worth,Dallas,United States,14901 FAA Blvd,TX
QTS Irving DC1 & DC2,QTS Data Centers,Irving,Dallas,United States,6431 Longhorn Drive,TX
CyrusOne DFW17B - Whitney,CyrusOne Data Centers,Whitney,Dallas,United States,557 County Rd 3610,TX
CyrusOne DFW17C - Whitney,CyrusOne Data Centers,Whitney,Dallas,United States,557 County Rd 3610,TX
Prometheus TX-1,Prometheus Hyperscale,Terrell,Dallas,United States,6998 Farm to Market 987,TX
CyrusOne DFW17 - Whitney,CyrusOne Data Centers,Whitney,Dallas,United States,557 County Rd 3610,TX
Riot Platforms Corsicana,"Riot Platforms, Inc.",Corsicana,Dallas,United States,6980 Farm to Market Rd 709,TX
CyrusOne DFW11 - Whitney,CyrusOne Data Centers,Whitney,Dallas,United States,557 County Rd 3610,TX
Google Midlothian - Bldg 1,Google,Midlothian,Dallas,United States,3441 Railport Pkwy,TX
Google Midlothian - Bldg 4,Google,Midlothian,Dallas,United States,3441 Railport Pkwy,TX
Aligned DFW-04,Aligned Data Centers,Plano,Dallas,United States,601 North Star Rd,TX
Google Midlothian - Bldg 5,Google,Midlothian,Dallas,United States,3441 Railport Pkwy,TX
Edged Dallas-Fort Worth DFW01-2,Edged Energy,Irving,Dallas,United States,N Wildwood Dr,TX
Aligned DFW-02,Aligned Data Centers,Plano,Dallas,United States,2800 Summit Avenue,TX
ServerMania Dallas Data Center,ServerMania Inc,Dallas,Dallas,United States,3000 Irving Blvd,TX
Google Midlothian Campus,Google,Midlothian,Dallas,United States,3441 Railport Pkwy,TX
Skybox Atlantic Station,Skybox Datacenters,Plano,Dallas,United States,2300 W Plano Pkwy,TX
Skybox Legacy Campus,Skybox Datacenters,Plano,Dallas,United States,within about 25 miles north of Downtown Austin,TX
Project Orange,Unknown Company,Lancaster,Dallas,United States,201 Sunrise Road,TX
Core Scientific Denton,Core Scientific,Denton,Dallas,United States,8171 Jim Christal Rd,TX
Skybox PowerCampus Dallas,Skybox Datacenters,Lancaster,Dallas,United States,within near Interstate 35E,TX
Consolidated Dallas,Consolidated Communications,Dallas,Dallas,United States,400 S Akard St,TX
Wowrack Dallas,Wowrack,Dallas,Dallas,United States,4939 Reading St,TX
Aligned DFW-03,Aligned Data Centers,Mansfield,Dallas,United States,3801 Britton Rd,TX
Nexus Hubbard Campus,Nexus Data Centers,Hubbard,Dallas,United States,880 State Hwy 171,TX
Stream DC DFW-VIII - Wilmer,Stream Data Centers,Wilmer,Dallas,United States,60 Sunrise Road,TX
Google Midlothian - Bldg 2,Google,Midlothian,Dallas,United States,3441 Railport Pkwy,TX
DataBank Red Oak Campus,DataBank,Red Oak,Dallas,United States,Batchler Rd & Stainback Rd,TX
NTT Garland Campus,"NTT DATA, Inc.",Garland,Dallas,United States,2008-2108 Lookout Drive,TX
QTS Irving DC3,QTS Data Centers,Irving,Dallas,United States,6351 Longhorn Drive,TX
Lincoln Red Oak Campus,Lincoln Property Company,Red Oak,Dallas,United States,"within Red Oak, Texas along the newly opened Loop 9 highway",TX
QTS South Dallas Campus,QTS Data Centers,Lancaster,Dallas,United States,303 Mason Rd,TX
CyrusOne Whitney Campus,CyrusOne Data Centers,Whitney,Dallas,United States,557 County Rd 3610,TX
CyrusOne DFW6 - Richardson,CyrusOne Data Centers,Richardson,Dallas,United States,1510 E Lookout Dr,TX
QumulusAI Denton,QumulusAI,Denton,Dallas,United States,750 Precision Dr,TX
Aligned Plano Campus,Aligned Data Centers,Plano,Dallas,United States,2800 Summit Avenue,TX
Google Midlothian - Bldg 3,Google,Midlothian,Dallas,United States,3441 Railport Pkwy,TX
1000 Coit Road,Lincoln Property Company,Plano,Dallas,United States,1000 Coit Rd,TX
QTS South Dallas DC1,QTS Data Centers,Lancaster,Dallas,United States,303 Mason Rd,TX
QTS South Dallas DC3,QTS Data Centers,Lancaster,Dallas,United States,303 Mason Rd,TX
Psychz Dallas,Psychz Networks,Dallas,Dallas,United States,1515 Roundtable Dr,TX
CleanArc Dallas Campus,CleanArc Data Centers,Dallas,Dallas,United States,within along the Stemmons Corridor,TX
Cisco Richardson Data Center,Cisco Systems,Richardson,Dallas,United States,2300 E President George Bush Hwy,TX
QTS South Dallas DC2,QTS Data Centers,Lancaster,Dallas,United States,303 Mason Rd,TX
Project Labrador,Unknown Company,Lancaster,Dallas,United States,1401 Greene Road,TX
365 Data Centers - Dallas,365 Data Centers,Dallas,Dallas,United States,2323 Bryan St.,TX
CyrusOne DFW7 - Fort Worth,CyrusOne Data Centers,Fort Worth,Dallas,United States,Asphalt Dr,TX
Lunavi Dallas,Lunavi,Dallas,Dallas,United States,1950 North Stemmons Fwy,TX
4099 Hereford Street,Frasier Cole,Glen Rose,Dallas,United States,4099 Hereford St,TX
Edged Dallas-Fort Worth DFW02,Edged Energy,Fort Worth,Dallas,United States,I-20 & Chapin School Rd,TX
LightEdge - Dallas,LightEdge,Lewisville,Dallas,United States,2501 State Hwy 121,TX
DataBank DFW11 - Red Oak,DataBank,Red Oak,Dallas,United States,Batchler Rd & Stainback Rd,TX
Compass Red Oak - 300 Houston School Rd,Compass Datacenters,Red Oak,Dallas,United States,300 Houston School Rd,TX
Meta Fort Worth Data Center,Meta,Fort Worth,Dallas,United States,4500 Like Way,TX
Edged Dallas-Fort Worth DFW01 Campus,Edged Energy,Irving,Dallas,United States,505 N Wildwood Dr,TX
PowerHouse Grand Prairie,PowerHouse Data Centers,Midlothian,Dallas,United States,881 Miller Rd,TX
Project Annie,Soluna Computing,Paris,Dallas,United States,within Tyson Nick Solar Project,TX
Amazon AWS - 2300 Coates Road,Amazon AWS,Granbury,Dallas,United States,2300 Coates Rd,TX
DataBank DFW12 - Red Oak,DataBank,Red Oak,Dallas,United States,Batchler Rd & Stainback Rd,TX
Windstream Dallas,Windstream,Dallas,Dallas,United States,600 N Pearl St,TX
Yondr Lancaster,Yondr Group,Lancaster,Dallas,United States,"within Lancaster, south of Dallas",TX
Mobius Partners - Farmers Branch,Mobius Partners,Farmers Branch,Dallas,United States,4215 N. Beltwood Pkwy,TX
Lumen Dallas,Lumen,Dallas,Dallas,United States,3180 Irving Blvd.,TX
Amazon AWS - Somervell County,Amazon AWS,Glen Rose,Dallas,United States,within adjacent to Comanche Peak nuclear plant,TX
Lumen Fort Worth 2,Lumen,Fort Worth,Dallas,United States,1101 E 9th St,TX
PowerHouse Irving Campus,PowerHouse Data Centers,Irving,Dallas,United States,111 Customer Way,TX
LOGIX Dallas #1,LOGIX FIBER NETWORKS,Dallas,Dallas,United States,2323 Bryan St,TX
NocRoom Dallas Colocation and VPS,NocRoom Miami Colocation VPS,Dallas,Dallas,United States,33004 Irving Blvd,TX
LOGIX Dallas #2,LOGIX FIBER NETWORKS,Dallas,Dallas,United States,2914 Taylor Street,TX
Black Mountain Fort Worth,Black Mountain,Forest Hill,Dallas,United States,7600-7780 Forest Hill Dr & LonStephenson Rd,TX
LOGIX Fort Worth,LOGIX FIBER NETWORKS,Fort Worth,Dallas,United States,307-309 West 7th St,TX
608 Young Street,Unknown Company,Dallas,Dallas,United States,608 Young St,TX
CyrusOne DFW - Fairfield,CyrusOne Data Centers,Fairfield,Dallas,United States,within land next to the Freestone Energy Ctr,TX
IBM DAL07,IBM,Plano,Dallas,United States,1700 Summit Ave,TX
IBM DAL01,IBM,Dallas,Dallas,United States,1950 N. Stemmons Freeway,TX
IBM DAL02/06,IBM,Dallas,Dallas,United States,1333 North Stemmons Freeway,TX
ACS Fort Worth Campus,Grupo ACS,Fort Worth,Dallas,United States,10059-10197 Hicks Field Rd,TX
PowerHouse Irving - Building B,PowerHouse Data Centers,Irving,Dallas,United States,111 Customer Way,TX
PowerHouse Irving - Building C,PowerHouse Data Centers,Irving,Dallas,United States,111 Customer Way,TX
PowerHouse Irving - Building A,PowerHouse Data Centers,Irving,Dallas,United States,111 Customer Way,TX
STACK Infrastructure,STACK INFRASTRUCTURE,Dallas,Dallas,United States,1950 N Stemmons Freeway,TX
IBM DAL04,IBM,Dallas,Dallas,United States,400 Akard St,TX
QTS Irving DC5,QTS Data Centers,Irving,Dallas,United States,6300 Longhorn Drive,TX
QTS Irving DC6,QTS Data Centers,Irving,Dallas,United States,6300 Longhorn Drive,TX
Lumen Fort Worth 1,Lumen,Fort Worth,Dallas,United States,1601 Jones Street,TX
Lumen Dallas 4,Lumen,Dallas,Dallas,United States,400 S Akrad,TX
ACS Fort Worth - Building E,Grupo ACS,Fort Worth,Dallas,United States,Hillwood Blvd,TX
ACS Fort Worth - Building D,Grupo ACS,Fort Worth,Dallas,United States,1645 Hicks Field Rd E,TX
ACS Fort Worth - Building C,Grupo ACS,Fort Worth,Dallas,United States,Hillwood Blvd,TX
ACS Fort Worth - Building A,Grupo ACS,Fort Worth,Dallas,United States,10121 Hicks Field Rd,TX
Data Canopy - Dallas,Data Canopy,Dallas,Dallas,United States,1807 Ross Avenue,TX
CyrusOne DFW4 - Allen,CyrusOne Data Centers,Allen,Dallas,United States,2300 Chelsea Boulevard,TX
IBM DAL05,IBM,Dallas,Dallas,United States,4849 Alpha Rd,TX
CyrusOne DFW5 - Allen,CyrusOne Data Centers,Allen,Dallas,United States,2300 Chelsea Boulevard,TX
Lumen Dallas 3,Lumen,Dallas,Dallas,United States,1201 Main Street,TX
ACS Fort Worth - Building B,Grupo ACS,Fort Worth,Dallas,United States,10100 Hicks Field Rd,TX
Lumen Dallas 2,Lumen,Dallas,Dallas,United States,1950 Stemmons Freeway,TX
Project Dorothy 1,Soluna Computing,Silverton,Amarillo,United States,9985 Co Rd F,TX
Cipher Alborz,Cipher Mining Technologies Inc.,Happy,Amarillo,United States,Farm to Market Road 168,TX
Project Dorothy 3,Soluna Computing,Silverton,Amarillo,United States,9985 Co Rd F,TX
Duos Edge AI - Pampa,"Duos Edge AI, Inc.",Pampa,Amarillo,United States,"Pampa Energy Center, 8201 Fm 2300",TX
Project Dorothy 2,Soluna Computing,Silverton,Amarillo,United States,9985 Co Rd F,TX
Duos Edge AI - Amarillo,"Duos Edge AI, Inc.",Amarillo,Amarillo,United States,810-814 S Tyler St,TX
Project Matador Campus,Fermi America,Panhandle,Amarillo,United States,US Highway 60 & FM2373,TX
Duos Edge AI - Hereford EDC,"Duos Edge AI, Inc.",Hereford,Amarillo,United States,601 N 25 Mile Ave,TX
Project Dorothy Campus,Soluna Computing,Silverton,Amarillo,United States,9985 Co Rd F,TX
Crusoe Goodnight Campus,Crusoe Cloud,Claude,Amarillo,United States,10001 Lima Rd,TX
Duos Edge AI - Amarillo EDC,"Duos Edge AI, Inc.",Amarillo,Amarillo,United States,5800 Bell St,TX
Crusoe Goodnight Campus DC7,Crusoe Cloud,Claude,Amarillo,United States,10001 Lima Rd,TX
Crusoe Goodnight Campus DC6,Crusoe Cloud,Claude,Amarillo,United States,10001 Lima Rd,TX
Crusoe Goodnight Campus DC2,Crusoe Cloud,Claude,Amarillo,United States,10001 Lima Rd,TX
Crusoe Goodnight Campus DC1,Crusoe Cloud,Claude,Amarillo,United States,10001 Lima Rd,TX
Crusoe Goodnight Campus DC3,Crusoe Cloud,Claude,Amarillo,United States,10001 Lima Rd,TX
Crusoe Goodnight Campus DC5,Crusoe Cloud,Claude,Amarillo,United States,10001 Lima Rd,TX
Crusoe Goodnight Campus DC4,Crusoe Cloud,Claude,Amarillo,United States,10001 Lima Rd,TX
Lumen Amarillo 1,Lumen,Amarillo,Amarillo,United States,512 SE 8th Avenue,TX
Project Matador D3,Fermi America,Panhandle,Amarillo,United States,US Highway 60 & FM2373,TX
Project Matador D4,Fermi America,Panhandle,Amarillo,United States,US Highway 60 & FM2373,TX
Project Matador D1,Fermi America,Panhandle,Amarillo,United States,US Highway 60 & FM2373,TX
Project Matador D2,Fermi America,Panhandle,Amarillo,United States,US Highway 60 & FM2373,TX
Project Matador D6,Fermi America,Panhandle,Amarillo,United States,US Highway 60 & FM2373,TX
Project Matador D7,Fermi America,Panhandle,Amarillo,United States,US Highway 60 & FM2373,TX
Project Matador D5,Fermi America,Panhandle,Amarillo,United States,US Highway 60 & FM2373,TX
7500 Metro Center Drive (AUS11),Digital Realty,Austin,Austin,United States,7500 Metro Center Drive,TX
Lumen Austin 4,Lumen,Austin,Austin,United States,2916 Montopolis Dr,TX
CyrusOne AUS3 - Austin,CyrusOne Data Centers,Austin,Austin,United States,7100 Metropolis Drive,TX
CyrusOne AUS2 - Austin,CyrusOne Data Centers,Austin,Austin,United States,"7301 Metropolis Dr, Bldg #6",TX
Element Critical Austin One,Element Critical,Austin,Austin,United States,8025 North Interstate Hwy 35,TX
Thin-nology Data Center,Thin-nology LLC,Pflugerville,Austin,United States,3804 Helios Way,TX
SDC Austin Campus,Sabey Data Center Properties LLC,Round Rock,Austin,United States,1300 Louis Henna Blvd,TX
Cogent Data Center - Austin,"Cogent Communications, Inc.",Austin,Austin,United States,7301 Metro Center Dr,TX
LightEdge - Austin II,LightEdge,Austin,Austin,United States,7000 Burleson Road,TX
LightEdge - Austin I,LightEdge,Austin,Austin,United States,2916 Montopolis Drive,TX
Data Canopy - Austin Waller,Data Canopy,Austin,Austin,United States,501 Waller St,TX
Skybox Austin,Skybox Datacenters,Pflugerville,Austin,United States,600 New Meister Ln,TX
Connect Temple,Connect Data Centers by Oppidan,Temple,Austin,United States,2325 Eberhardt Rd,TX
DataBank AUS1 - Austin,DataBank,Austin,Austin,United States,7218 McNeil Dr,TX
Blueprint Georgetown DC,Blueprint Data Centers,Georgetown,Austin,United States,1201 Westinghouse Rd,TX
Skybox Round Rock,Skybox Datacenters,Round Rock,Austin,United States,2501-2701 E Old Settlers Blvd,TX
LOGIX Austin,LOGIX FIBER NETWORKS,Austin,Austin,United States,1905 E. 6th Street,TX
Riot Patforms Rockdale,"Riot Platforms, Inc.",Thorndale,Austin,United States,2721 Charles Martin Hall Rd,TX
Rowan Temple,Rowan Digital Infrastructure,Temple,Austin,United States,1707-2351 Bob White Rd,TX
Skybox PowerCampus Austin,Skybox Datacenters,Hutto,Austin,United States,within about 25 miles north of Downtown Austin,TX
Blueprint Taylor DC,Blueprint Data Centers,Taylor,Austin,United States,1601 E M.L.K. Jr Blvd,TX
Core Scientific Austin,Core Scientific,Austin,Austin,United States,3301 Hibbetts Rd,TX
EdgeConneX Austin - EDCAUS02,EdgeConneX,Cedar Creek,Austin,United States,8001 Wolf Ln,TX
Rowan Moriah Campus,Rowan Digital Infrastructure,Temple,Austin,United States,2810 Bob White Rd,TX
Colovore Hutto,Colovore,Hutto,Austin,United States,2351 Innovation Blvd,TX
SDC Austin - Building B,Sabey Data Center Properties LLC,Round Rock,Austin,United States,1300 Louis Henna Blvd,TX
3911 County Road 305,Unknown Company,Jarrell,Austin,United States,3911 County Rd 305,TX
Switch THE ROCK Campus,Switch,Round Rock,Austin,United States,150 Dell Way,TX
6682 Farm to Market 535,EdgeConneX,Bastrop,Austin,United States,6682 Farm to Market 535,TX
Prime Austin,Prime Data Centers,Maxwell,Austin,United States,FM2720 & Bobwhite Rd,TX
Tract Uhland,Tract,Uhland,Austin,United States,Farm to Market Road 2720,TX
SDC Austin - Building A,Sabey Data Center Properties LLC,Round Rock,Austin,United States,1300 Louis Henna Blvd,TX
904 Francis Harris Lane,Unknown Company,San Marcos,Austin,United States,904 Francis Harris Ln,TX
Bitdeer Texas,Bitdeer Technologies Group,Rockdale,Austin,United States,3291 Charles Martin Hall Rd,TX
Data Canopy - Austin Trade Center,Data Canopy,Austin,Austin,United States,6110 Trade Center Dr,TX
American Tower EDC Austin,American Tower Corporation,Austin,Austin,United States,1601 West 10th Street,TX
Lumen Austin 1,Lumen,Austin,Austin,United States,4207 Smith School Road,TX
Project Comal Campus,KDC,Taylor,Austin,United States,1051 County Road 401,TX
Iron Mountain Data Centers Hutto Campus,Iron Mountain Data Centers,Hutto,Austin,United States,County Rd 404,TX
Iron Mountain Data Centers Hutto-3,Iron Mountain Data Centers,Hutto,Austin,United States,County Rd 404,TX
Iron Mountain Data Centers Hutto-6,Iron Mountain Data Centers,Hutto,Austin,United States,County Rd 404,TX
Iron Mountain Data Centers Hutto-4,Iron Mountain Data Centers,Hutto,Austin,United States,County Rd 404,TX
Lumen Austin 2,Lumen,Austin,Austin,United States,1825-A Kramer Lane,TX
Lumen Austin 3,Lumen,Austin,Austin,United States,500 B. Chicon Street,TX
Iron Mountain Data Centers Hutto-2,Iron Mountain Data Centers,Hutto,Austin,United States,County Rd 404,TX
Iron Mountain Data Centers Hutto-5,Iron Mountain Data Centers,Hutto,Austin,United States,County Rd 404,TX
Iron Mountain Data Centers Hutto-1,Iron Mountain Data Centers,Hutto,Austin,United States,County Rd 404,TX
Iron Mountain Data Centers Hutto-7,Iron Mountain Data Centers,Hutto,Austin,United States,County Rd 404,TX
Project Comal - Bldg 5,KDC,Taylor,Austin,United States,1051 County Road 401,TX
Project Comal - Bldg 6,KDC,Taylor,Austin,United States,1051 County Road 401,TX
Project Comal - Bldg 4,KDC,Taylor,Austin,United States,1051 County Road 401,TX
Project Comal - Bldg 3,KDC,Taylor,Austin,United States,1051 County Road 401,TX
Project Comal - Bldg 1,KDC,Taylor,Austin,United States,1051 County Road 401,TX
Project Comal - Bldg 2,KDC,Taylor,Austin,United States,1051 County Road 401,TX
TRG Houston One HOU1,TRG Datacenters,Spring,Houston,United States,2626 Spring Cypress Road,TX
TRG Houston Two HOU2,TRG Datacenters,Spring,Houston,United States,2626 Spring Cypress Rd,TX
TRG Houston Campus,TRG Datacenters,Spring,Houston,United States,2626 Spring Cypress Rd,TX
12235 North Fwy (IAH14),Digital Realty,Houston,Houston,United States,12235 North Fwy,TX
12231 North Fwy (IAH13),Digital Realty,Houston,Houston,United States,12231 North Fwy,TX
12061 North Freeway (IAH11),Digital Realty,Houston,Houston,United States,12061 North Freeway,TX
Digital Houston Campus,Digital Realty,Houston,Houston,United States,12001-12245 North Fwy,TX
12001 North Fwy (IAH10),Digital Realty,Houston,Houston,United States,12001 North Fwy,TX
Skybox Houston One,Skybox Datacenters,Houston,Houston,United States,22000 Franz Road,TX
Data Foundry - Houston 2,Data Foundry,Houston,Houston,United States,660 Greens Pkwy,TX
EdgeConneX Houston,EdgeConneX,Katy,Houston,United States,1510 Prime West Parkway,TX
Stream DC Houston I - The Woodlands,Stream Data Centers,The Woodlands,Houston,United States,4001 Technology Forest Blvd,TX
DataBank HOU1 - Westway Park I,DataBank,Houston,Houston,United States,5150 Westway Park Blvd,TX
DataBank HOU5 - Houston Galleria,DataBank,Houston,Houston,United States,4201 Southwest Freeway,TX
DataBank HOU3 - Westway Park III,DataBank,Houston,Houston,United States,11003 Corporate Centre Dr,TX
Serverfarm Houston Data Center CTX2,Serverfarm,Houston,Houston,United States,15555 Cutten Rd,TX
DataBank HOU2 - Westway Park II,DataBank,Houston,Houston,United States,5170 Westway Park Blvd,TX
Data Foundry - Houston 1,Data Foundry,Houston,Houston,United States,5555 San Felipe St,TX
Iozera Houston,Iozera,Houston,Houston,United States,11631 Roark Rd,TX
Crown Castle Houston (TX1),CROWN CASTLE,Houston,Houston,United States,801 Louisiana St,TX
Serverfarm Houston Data Center HTX1,Serverfarm,Hockley,Houston,United States,28401 Betka Rd,TX
Serverfarm Houston Data Center HTX2,Serverfarm,Hockley,Houston,United States,28401 Betka Rd,TX
Dataprana La Marque,Dataprana,La Marque,Houston,United States,4995 Farm to Market Rd 1764,TX
Serverfarm Houston Data Center CTX1,Serverfarm,Houston,Houston,United States,15555 Cutten Rd,TX
LOGIX Houston #2,LOGIX FIBER NETWORKS,Houston,Houston,United States,811 Louisiana St,TX
Comcast Willis,Comcast,Willis,Houston,United States,606 Texas State Highway 75,TX
24 Hour Data Houston,24 Hour Data,Houston,Houston,United States,723 Main St,TX
ECL TerraSite-TX1,EdgeCloudLink (ECL),Houston,Houston,United States,"within east of Houston, Texas",TX
Verizon Houston,Verizon Communications Inc.,Houston,Houston,United States,2401 Portsmouth St,TX
Lumen Houston 1,Lumen,Houston,Houston,United States,12001 1-45 North,TX
Energy Transfer Data Center,Energy Transfer,Houston,Houston,United States,7210 Ardmore,TX
Lumen Houston 3,Lumen,Houston,Houston,United States,2300 Lyons Avenue,TX
Crusoe Port of Victoria Campus,Crusoe Cloud,Victoria,Houston,United States,within Port of Victoria,TX
Project Aggie,Priority Power,College Station,Houston,United States,Midtown Dr & Corporate Pkwy,TX
Hostrunway Houston,Hostrunway,Houston,Houston,United States,10685-B Hazelhurst Dr. # 19283,TX
LOGIX Houston #1,LOGIX FIBER NETWORKS,Katy,Houston,United States,"1510 Primewest Parkway, Energy Corridor",TX
LOGIX Houston #3,LOGIX FIBER NETWORKS,Houston,Houston,United States,4635 Southwest Freeway,TX
IBM HOU00,IBM,Houston,Houston,United States,835 Greens Parkway,TX
Evocative - INAP Houston,Evocative Data Centers,Houston,Houston,United States,1301 Fannin St,TX
CyrusOne HOU4 - Houston,CyrusOne Data Centers,Houston,Houston,United States,5160 Westway Park Blvd,TX
Project Aggie - Building 1,Priority Power,College Station,Houston,United States,Midtown Dr & Corporate Pkwy,TX
IBM HOU01,IBM,Houston,Houston,United States,390 Benmar Drive,TX
IBM HOU04,IBM,Houston,Houston,United States,315 Capitol St,TX
IBM HOU02,IBM,Houston,Houston,United States,855 Greens Parkway,TX
Project Aggie - Building 2,Priority Power,College Station,Houston,United States,Midtown Dr & Corporate Pkwy,TX
CyrusOne HOU3 - Houston,CyrusOne Data Centers,Houston,Houston,United States,11003 Corporate Centre Dr,TX
Lumen Houston 2,Lumen,Houston,Houston,United States,7060 Empire Central Dr,TX
"Lumen, 3939 Corporate Dr",Lumen,Houston,Houston,United States,5959 Coprporate Drive,TX
NaviSite Houston,"NaviSite, Inc.",Houston,Houston,United States,1301 Fannin Street,TX
CyrusOne SAT1 - San Antonio,CyrusOne Data Centers,San Antonio,San Antonio,United States,9999 Westover Hills Blvd,TX
CyrusOne SAT2 - San Antonio,CyrusOne Data Centers,San Antonio,San Antonio,United States,9554 Westover Hills Blvd,TX
CyrusOne SAT5 - San Antonio,CyrusOne Data Centers,San Antonio,San Antonio,United States,14719 Omicron Dr.,TX
H5 Data Centers San Antonio,H5 Data Centers,San Antonio,San Antonio,United States,100 Taylor St.,TX
Vantage TX12 - San Antonio,Vantage Data Centers,San Antonio,San Antonio,United States,17420 Omicron Dr,TX
CloudHQ SAT Campus,CloudHQ,San Antonio,San Antonio,United States,15255 Lambda Dr,TX
Vantage TX11 - San Antonio,Vantage Data Centers,San Antonio,San Antonio,United States,14720 Omicron Dr,TX
Microsoft Texas Research Park (TRP2),Microsoft,San Antonio,San Antonio,United States,15000 Lambda Dr,TX
Microsoft Texas Research Park (TRP1),Microsoft,San Antonio,San Antonio,United States,15000 Lambda Dr,TX
Amazon AWS SAT - 12807 Donop B,Amazon AWS,Elmendorf,San Antonio,United States,12807 Donop Rd,TX
Amazon AWS SAT - 7400 Potranco,Amazon AWS,San Antonio,San Antonio,United States,7400 Potranco Rd,TX
Amazon AWS SAT - 1535 NW Crossroads,Amazon AWS,San Antonio,San Antonio,United States,1535 NW Crossroads,TX
CityNAP,CityNAP,San Antonio,San Antonio,United States,415 N Main Ave,TX
San Antonio Data Center,"Five 9s Digital, LLC",San Antonio,San Antonio,United States,8500 Vicar Drive,TX
CloudHQ SAT4,CloudHQ,San Antonio,San Antonio,United States,15255 Lambda Dr,TX
American Tower EDC San Antonio,American Tower Corporation,San Antonio,San Antonio,United States,5436 W US Hwy 90,TX
CloudHQ SAT5,CloudHQ,San Antonio,San Antonio,United States,15255 Lambda Dr,TX
Rowan Cinco,Rowan Digital Infrastructure,Lytle,San Antonio,United States,TX-132 & Co Rd 683,TX
Amazon AWS SAT - 11625 Old Corpus Christi,Amazon AWS,San Antonio,San Antonio,United States,11625 Old Corpus Christi Hwy,TX
CloudHQ SAT2,CloudHQ,San Antonio,San Antonio,United States,15255 Lambda Dr,TX
CloudHQ SAT1,CloudHQ,San Antonio,San Antonio,United States,15255 Lambda Dr,TX
Microsoft Texas Research Park,Microsoft,San Antonio,San Antonio,United States,15000 Lambda Dr,TX
Amazon AWS SAT - TX-211 & Potranco Rd,Amazon AWS,San Antonio,San Antonio,United States,TX-211 & Potranco Rd,TX
Stream DC San Antonio III,Stream Data Centers,San Antonio,San Antonio,United States,11203 W Military Drive,TX
CloudHQ SAT3,CloudHQ,San Antonio,San Antonio,United States,15255 Lambda Dr,TX
Microsoft San Antonio (SAT15),Microsoft,San Antonio,San Antonio,United States,3555 Westover Link,TX
Vantage TX22 - San Antonio,Vantage Data Centers,San Antonio,San Antonio,United States,5207 Rogers Rd,TX
CyrusOne SAT8 - San Antonio,CyrusOne Data Centers,San Antonio,San Antonio,United States,14677 Omicron Dr,TX
Duos Edge AI - Victoria EDC,"Duos Edge AI, Inc.",Victoria,San Antonio,United States,1905 Leary Ln,TX
Microsoft Castroville Campus,Microsoft,Castroville,San Antonio,United States,2580 FM471 North / 8844 FM1957,TX
Amazon AWS SAT - Bitter Blue Campus,Amazon AWS,Elmendorf,San Antonio,United States,12807 Donop Rd,TX
CyrusOne SAT6 - San Antonio,CyrusOne Data Centers,San Antonio,San Antonio,United States,14719 Omicron Drive,TX
Black Mountain San Antonio,Black Mountain,San Antonio,San Antonio,United States,TX-16 & Lone Star Pass,TX
Microsoft Texas Research Park (SAT40),Microsoft,San Antonio,San Antonio,United States,15000 Lambda Dr,TX
Microsoft Wiseman Boulevard (SAT14),Microsoft,San Antonio,San Antonio,United States,3545 Wiseman Blvd,TX
CyrusOne SAT3 - San Antonio,CyrusOne Data Centers,San Antonio,San Antonio,United States,9554 Westover Hills Boulevard,TX
Microsoft San Antonio Chevron,Microsoft,San Antonio,San Antonio,United States,5150 Rogers Rd,TX
Microsoft San Antonio (SN7),Microsoft,San Antonio,San Antonio,United States,5200 Rogers Rd,TX
Microsoft Texas Research Park (TRP6),Microsoft,San Antonio,San Antonio,United States,15000 Lambda Dr,TX
CyrusOne SAT4 - San Antonio,CyrusOne Data Centers,San Antonio,San Antonio,United States,9655 Raba Drive,TX
Microsoft Texas Research Park (SAT46 / TRP3),Microsoft,San Antonio,San Antonio,United States,15000 Lambda Dr,TX
Microsoft Texas Research Park (TRP4),Microsoft,San Antonio,San Antonio,United States,15000 Lambda Dr,TX
Windstream San Antonio,Windstream,San Antonio,San Antonio,United States,106 S St Mary's St,TX
Vantage TX21 - San Antonio,Vantage Data Centers,San Antonio,San Antonio,United States,5207 Rogers Rd,TX
Microsoft Texas Research Park (TRP5),Microsoft,San Antonio,San Antonio,United States,15000 Lambda Dr,TX
Amazon AWS SAT - 12807 Donop A,Amazon AWS,Elmendorf,San Antonio,United States,12807 Donop Rd,TX
Amazon AWS SAT - Potranco Campus,Amazon AWS,San Antonio,San Antonio,United States,1535 NW Crossroads / 7400 Potranco Rd,TX
Microsoft San Antonio (SAT80),Microsoft,Castroville,San Antonio,United States,8844 Fm1957,TX
CyrusOne SAT9 - San Antonio,CyrusOne Data Centers,San Antonio,San Antonio,United States,14815 Omicron Dr,TX
CloudBurst Central Texas,CloudBurst Data Centers,San Marcos,San Antonio,United States,within a 75-acre site near both Austin and San Antonio in Central Texas.,TX
Lumen San Antonio 3,Lumen,San Antonio,San Antonio,United States,214 E Ramsey Rd,TX
Microsoft San Antonio (SAT81),Microsoft,Castroville,San Antonio,United States,8844 Fm1957,TX
Microsoft San Antonio (SAT94),Microsoft,Medina,San Antonio,United States,"within Medina, Texas, along County Road 381",TX
Microsoft San Antonio (SAT93),Microsoft,Medina,San Antonio,United States,"within Medina, Texas, along County Road 381",TX
Microsoft San Antonio (SAT89),Microsoft,Castroville,San Antonio,United States,2995 US Hwy 90 W,TX
Microsoft San Antonio (SAT90),Microsoft,Castroville,San Antonio,United States,2995 US Hwy 90 W,TX
Microsoft San Antonio (SAT82),Microsoft,Castroville,San Antonio,United States,2580 Farm-to-Market 471 North,TX
MDC El Paso - ELP1,MDC Data Centers,El Paso,El Paso,United States,11455 Cedar Oak Dr,TX
Connect El Paso,Connect Data Centers by Oppidan,El Paso,El Paso,United States,9879 North Loop Dr,TX
Cogent Data Center - El Paso,"Cogent Communications, Inc.",El Paso,El Paso,United States,151 N Boone St,TX
Meta El Paso Campus,Meta,El Paso,El Paso,United States,US-54 & Stan Roberts Sr Ave,TX
One San Jacinto Plaza,Unknown Company,El Paso,El Paso,United States,201 E Main Drive,TX
Flō Networks El Paso,Flo Networks,El Paso,El Paso,United States,500 W Overland Avenue,TX
Lumen El Paso 2,Lumen,El Paso,El Paso,United States,201 E Main Drive,TX
Lumen El Paso 1,Lumen,El Paso,El Paso,United States,501 W. Overland,TX
10051 Brickyard Wy,Digital Realty,Manassas,Manassas,United States,10051 Brickyard Wy,VA
9905 Godwin Drive (IAD53),Digital Realty,Manassas,Manassas,United States,9905 Godwin Dr,VA
Iron Mountain Data Centers VA-2,Iron Mountain Data Centers,Manassas,Manassas,United States,11660 Hayden Road,VA
Iron Mountain Data Centers VA-1,Iron Mountain Data Centers,Manassas,Manassas,United States,11680 Hayden Road,VA
EvoSwitch Manassas (WDC1),EvoSwitch,Manassas,Manassas,United States,9651 Hornbaker Road,VA
VAZATA NoVA I,VAZATA,Manassas,Manassas,United States,9651 Hornbaker Road,VA
STACK Infrastructure NVA05A,STACK INFRASTRUCTURE,Manassas,Manassas,United States,9101 Freedom Center Blvd,VA
QTS Manassas Campus,QTS Data Centers,Manassas,Manassas,United States,9400 Godwin Drive,VA
QTS Manassas DC5,QTS Data Centers,Manassas,Manassas,United States,9301 Freedom Center Boulevard,VA
CloudHQ MDC Campus,CloudHQ,Manassas,Manassas,United States,10100 Harry J Parrish Boulevard,VA
CloudHQ MCC Campus,CloudHQ,Manassas,Manassas,United States,Airman Ave & Harry J Parish Boulevard,VA
Cloud Capital - 9651 Hornbaker,CloudHQ,Manassas,Manassas,United States,9651 Hornbaker Road,VA
Iron Mountain Data Centers VA-6,Iron Mountain Data Centers,Manassas,Manassas,United States,11891 Sudley Manor Road,VA
QTS Manassas DC1,QTS Data Centers,Manassas,Manassas,United States,9400 Godwin Drive,VA
QTS Manassas DC2,QTS Data Centers,Manassas,Manassas,United States,9420 Godwin Drive,VA
CloudHQ MCC4,CloudHQ,Manassas,Manassas,United States,10849 Airman Avenue,VA
STACK Infrastructure NVA05B,STACK INFRASTRUCTURE,Manassas,Manassas,United States,Freedom Center Blvd,VA
CloudHQ MCC3,CloudHQ,Manassas,Manassas,United States,10740 Airman Avenue,VA
CloudHQ MCC7,CloudHQ,Manassas,Manassas,United States,10131 Harry J Parrish Blvd,VA
Amazon AWS IAD - Doane Campus,Amazon AWS,Manassas,Manassas,United States,Doane Dr / Brewers Spring Rd,VA
Microsoft Jacksonville Road Campus,Microsoft,Manassas,Manassas,United States,11314 Balls Ford Rd,VA
CloudHQ MCC6Z,CloudHQ,Manassas,Manassas,United States,10131 Harry J Parrish Blvd,VA
Amazon AWS IAD - Tanner Campus,Amazon AWS,Manassas,Manassas,United States,10301-1321 Tanner Way,VA
CloudHQ MCC6A,CloudHQ,Manassas,Manassas,United States,10900 Airman Avenue,VA
Amazon AWS IAD - Mason Campus,Amazon AWS,Manassas,Manassas,United States,7505-7610 Mason King Ct,VA
CloudHQ MCC5,CloudHQ,Manassas,Manassas,United States,10951 Airman Avenue,VA
Iron Mountain Data Centers VA-3,Iron Mountain Data Centers,Manassas,Manassas,United States,11640 Hayden Road,VA
CloudHQ MCC2,CloudHQ,Manassas,Manassas,United States,10100 Harry J Parish Boulevard,VA
Iron Mountain Data Centers VA-7,Iron Mountain Data Centers,Manassas,Manassas,United States,8330 Bethlehem Road,VA
Iron Mountain Data Centers VA-9,Iron Mountain Data Centers,Manassas,Manassas,United States,Hayden Rd,VA
Amazon AWS IAD - Innovation Campus,Amazon AWS,Manassas,Manassas,United States,9680-9740 Innovation Dr,VA
Amazon - Dumfries Rd & Colchester Park,Amazon AWS,Manassas,Manassas,United States,Dumfries Rd & Colchester Park Dr,VA
Amazon AWS IAD - 8180 Bethlehem,Amazon AWS,Manassas,Manassas,United States,8180 Bethlehem Rd,VA
Amazon AWS IAD - 7060 Wellington,Amazon AWS,Manassas,Manassas,United States,7060 Wellington Rd,VA
STACK Infrastructure NVA02G,STACK INFRASTRUCTURE,Manassas,Manassas,United States,9530 Hornbaker Rd,VA
Amazon AWS IAD - 10321 Tanner,Amazon AWS,Manassas,Manassas,United States,10321 Tanner Way,VA
Amazon AWS IAD - 7610 Mason,Amazon AWS,Manassas,Manassas,United States,7610 Mason King Ct,VA
STACK Infrastructure NVA02F,STACK INFRASTRUCTURE,Manassas,Manassas,United States,9650 Hornbaker Rd,VA
Amazon AWS IAD - 7080 Wellington,Amazon AWS,Manassas,Manassas,United States,7080 Wellington Rd,VA
Amazon AWS IAD - 9740 Innovation,Amazon AWS,Manassas,Manassas,United States,9740 Innovation Dr,VA
Amazon AWS IAD - 8200 Bethlehem,Amazon AWS,Manassas,Manassas,United States,8200 Bethlehem Rd,VA
Amazon AWS IAD - 14237 Dumfries,Amazon AWS,Manassas,Manassas,United States,14237 Dumfries Rd,VA
Amazon AWS IAD - 8158 Sudley,Amazon AWS,Manassas,Manassas,United States,8158 Sudley Rd,VA
Amazon AWS IAD - 8190 Bethlehem,Amazon AWS,Manassas,Manassas,United States,8190 Bethlehem Rd,VA
Amazon AWS IAD - Thomasson Campus,Amazon AWS,Manassas,Manassas,United States,11150-11200 Thomasson Barn Rd,VA
Amazon AWS IAD - 14209 Dumfries,Amazon AWS,Manassas,Manassas,United States,14209 Dumfries Rd,VA
Amazon AWS IAD - 7510 Mason,Amazon AWS,Manassas,Manassas,United States,7510 Mason King Ct,VA
Amazon AWS IAD - 9020 Freedom,Amazon AWS,Manassas,Manassas,United States,9020 Freedom Center Blvd,VA
Microsoft Hansen Farm,Microsoft,Manassas,Manassas,United States,13050 Hansen Farm Rd,VA
Verizon Manassas,Verizon Communications Inc.,Manassas,Manassas,United States,7777 Infantry Ridge,VA
Microsoft - MNZ02,Microsoft,Manassas,Manassas,United States,11314 Balls Ford Rd,VA
Amazon AWS IAD - 9700 Innovation,Amazon AWS,Manassas,Manassas,United States,9700 Innovation Dr,VA
Amazon AWS IAD - 7500 Bethlehem,Amazon AWS,Manassas,Manassas,United States,7500 Bethlehem Rd,VA
Amazon AWS IAD - 9680 Innovation,Amazon AWS,Manassas,Manassas,United States,9680 Innovation Dr,VA
Iron Mountain Data Centers Manassas,Iron Mountain Data Centers,Manassas,Manassas,United States,7816-8122 Bethlehem Rd,VA
Amazon AWS IAD - 10301 Tanner,Amazon AWS,Manassas,Manassas,United States,10301 Tanner Way,VA
Amazon AWS IAD - 7070 Wellington,Amazon AWS,Manassas,Manassas,United States,7070 Wellington Rd,VA
Amazon AWS IAD - 7505 Mason,Amazon AWS,Manassas,Manassas,United States,7505 Mason King Ct,VA
Amazon AWS IAD - 11800 Brewers,Amazon AWS,Manassas,Manassas,United States,11800 Brewers Spring Rd,VA
Amazon AWS IAD - 8210 Bethlehem,Amazon AWS,Manassas,Manassas,United States,8210 Bethlehem Rd,VA
Amazon AWS IAD - Bethlehem Campus,Amazon AWS,Manassas,Manassas,United States,8148-8210 Bethlehem Rd,VA
6895 Wellington Road,The BlackChamber Group,Manassas,Manassas,United States,6895 Wellington Rd,VA
Amazon AWS IAD - Freedom Campus,Amazon AWS,Manassas,Manassas,United States,9020-9040 Freedom Center Blvd,VA
Amazon AWS IAD - 11200 Thomasson,Amazon AWS,Manassas,Manassas,United States,11200 Thomasson Barn Rd,VA
Amazon AWS IAD - 11150 Thomasson,Amazon AWS,Manassas,Manassas,United States,11150 Thomasson Barn Rd,VA
Microsoft - MNZ01,Microsoft,Manassas,Manassas,United States,11314 Balls Ford Rd,VA
OVHcloud VIN1,OVH,Warrenton,Manassas,United States,6872 Watson Ct,VA
Amazon AWS IAD - 7600 Doane,Amazon AWS,Manassas,Manassas,United States,7600 Doane Dr,VA
Amazon AWS IAD - 9720 Innovation,Amazon AWS,Manassas,Manassas,United States,9720 Innovation Dr,VA
Amazon AWS IAD - 11801 Brewers,Amazon AWS,Manassas,Manassas,United States,11801 Brewers Spring Rd,VA
Amazon AWS IAD - 9040 Freedom,Amazon AWS,Manassas,Manassas,United States,9040 Freedom Center Blvd,VA
PRP - 7816 Bethlehem,PRP Real Estate Investment,Manassas,Manassas,United States,7816 Bethlehem Rd,VA
QTS Manassas DC6,QTS Data Centers,Manassas,Manassas,United States,within South of the QTS Manassas DC1 facility,VA
QTS Manassas DC4,QTS Data Centers,Manassas,Manassas,United States,within West of the QTS Manassas DC1 facility,VA
QTS Manassas DC3,QTS Data Centers,Manassas,Manassas,United States,within East of the QTS Manassas DC1-2 facility,VA
Iron Mountain Data Centers VA-5,Iron Mountain Data Centers,Manassas,Manassas,United States,11580 Hayden Road,VA
Iron Mountain Data Centers VA-4,Iron Mountain Data Centers,Manassas,Manassas,United States,11600 Hayden Road,VA
Amazon AWS IAD - Wellington Campus (Manassas),Amazon AWS,Manassas,Manassas,United States,7060-7080 Wellington Rd,VA
Amazon AWS IAD - Wellington Glen Tech Park,Amazon AWS,Manassas,Manassas,United States,11901 Sudley Manor Dr,VA
CloudHQ MDC1,CloudHQ,Manassas,Manassas,United States,10100 Harry J Parrish Boulevard,VA
CloudHQ MDC2,CloudHQ,Manassas,Manassas,United States,10100 Harry J Parrish Boulevard,VA
CloudHQ MDC3,CloudHQ,Manassas,Manassas,United States,10100 Harry J Parrish Boulevard,VA
Iron Mountain Data Centers VA-8,Iron Mountain Data Centers,Manassas,Manassas,United States,Hayden Rd,VA
Iron Mountain VIrginia Campus,Iron Mountain Data Centers,Manassas,Manassas,United States,11580-11680 Hayden Road,VA
Amazon AWS IAD - 7350 Century Park Dr,Amazon AWS,Manassas,Manassas,United States,7350 Century Park Dr,VA
Amazon AWS IAD - 11901 Sudley Manor Dr A,Amazon AWS,Manassas,Manassas,United States,11901 Sudley Manor Dr,VA
Amazon AWS IAD - 7151 Century Park Dr,Amazon AWS,Manassas,Manassas,United States,7151 Century Park Dr,VA
Amazon AWS IAD - 11901 Sudley Manor Dr B,Amazon AWS,Manassas,Manassas,United States,11901 Sudley Manor Dr,VA
STACK Infrastructure NVA05D,STACK INFRASTRUCTURE,Manassas,Manassas,United States,8695-8685 Wellington Rd,VA
Amazon AWS IAD - 8501 Vulcan Lane,Amazon AWS,Manassas,Manassas,United States,8501 Vulcan Ln,VA
STACK Infrastructure NVA05C,STACK INFRASTRUCTURE,Manassas,Manassas,United States,"Historic District, 8886 Wellington Rd",VA
Amazon AWS IAD - 8401 Vulcan Lane,Amazon AWS,Manassas,Manassas,United States,8401 Vulcan Ln,VA
Amazon AWS IAD - 10261 Tanner,Amazon AWS,Manassas,Manassas,United States,10261 Tanner Way,VA
Amazon AWS IAD - 10281 Tanner,Amazon AWS,Manassas,Manassas,United States,10281 Tanner Way,VA
43704 Efficiency (IAD44),Digital Realty,Dulles,Dulles,United States,43704 Efficiency Dr,VA
Digital Dulles Campus,Digital Realty,Dulles,Dulles,United States,Old Ox Road / Efficiency Dr,VA
Old Ox Road,Digital Realty,Dulles,Dulles,United States,Old Ox Road,VA
Yondr Loundoun County DC1,Yondr Group,Aldie,Dulles,United States,24171 Youngwood Ln,VA
Yondr Loundoun County DC2,Yondr Group,Aldie,Dulles,United States,24171 Youngwood Ln,VA
Amazon AWS IAD - Fadeley & Woodside Campus,Amazon AWS,Dulles,Dulles,United States,Fadeley Ln / Woodside Ln,VA
Yondr Loundoun County Campus,Yondr Group,Aldie,Dulles,United States,24171 Youngwood Ln,VA
Amazon AWS IAD - Kipper Campus,Amazon AWS,Dulles,Dulles,United States,22370-22420 Kipper Dr,VA
Amazon AWS IAD - 22420 Kipper,Amazon AWS,Dulles,Dulles,United States,22420 Kipper Dr,VA
Amazon AWS IAD - 22370 Kipper,Amazon AWS,Dulles,Dulles,United States,22370 Kipper Dr,VA
22262 Cloud Plz,Sentinel Datacenters,Dulles,Dulles,United States,22262 Cloud Plaza,VA
Amazon AWS IAD - 43649 Light Speed Plz,Amazon AWS,Dulles,Dulles,United States,43649 Light Speed Plz,VA
Amazon AWS IAD - 22900 Platform,Amazon AWS,Dulles,Dulles,United States,22900 Platform Plz,VA
Amazon AWS IAD - 43765 Light Speed Plz,Amazon AWS,Dulles,Dulles,United States,43765 Light Speed Plz,VA
Amazon AWS IAD - Light Speed Plz Campus,Amazon AWS,Dulles,Dulles,United States,43649-43975 Light Speed Plz,VA
Amazon AWS IAD - 42800 Fadeley,Amazon AWS,Dulles,Dulles,United States,42800 Fadeley Ln,VA
Amazon AWS IAD - 22940 Platform,Amazon AWS,Dulles,Dulles,United States,22940 Platform Plz,VA
Amazon AWS IAD - 42949 Fadeley,Amazon AWS,Dulles,Dulles,United States,42949 Fadeley Ln,VA
Amazon AWS IAD - 24244 Quail,Amazon AWS,Aldie,Dulles,United States,24244 Quail Ridge Ln,VA
Amazon AWS IAD - 22890 Platform,Amazon AWS,Dulles,Dulles,United States,22890 Platform Plz,VA
Amazon AWS IAD - 42948 Fadeley,Amazon AWS,Dulles,Dulles,United States,42948 Fadeley Ln,VA
Amazon AWS IAD - 24214 Quail,Amazon AWS,Aldie,Dulles,United States,24214 Quail Ridge Ln,VA
Amazon AWS IAD - 43855 Light Speed Plz,Amazon AWS,Dulles,Dulles,United States,43855 Light Speed Plz,VA
Amazon AWS IAD - 24185 Upper Woodside,Amazon AWS,Dulles,Dulles,United States,24185 Upper Woodside Ln,VA
Amazon AWS IAD - 45795 Old Ox,Amazon AWS,Dulles,Dulles,United States,45795 Old Ox Rd,VA
Amazon AWS IAD - 24178 Upper Woodside,Amazon AWS,Dulles,Dulles,United States,24178 Upper Woodside Ln,VA
Amazon AWS IAD - 45775 Old Ox,Amazon AWS,Dulles,Dulles,United States,45775 Old Ox Rd,VA
Amazon AWS IAD - 42090 Reeds Farm Ln,Amazon AWS,Stone Ridge,Dulles,United States,42090 Reeds Farm Ln,VA
Amazon AWS IAD - Platform & Old Ox Campus,Amazon AWS,Dulles,Dulles,United States,Platform Plz / Old Ox Rd,VA
Amazon AWS IAD - 43975 Light Speed Plz,Amazon AWS,Dulles,Dulles,United States,43975 Light Speed Plz,VA
Amazon AWS IAD - 41992 John Mosby,Amazon AWS,Aldie,Dulles,United States,41992 John Mosby Hwy,VA
Amazon AWS IAD - 43764 Light Speed Plz,Amazon AWS,Dulles,Dulles,United States,43764 Light Speed Plz,VA
Amazon AWS IAD - 24224 Quail,Amazon AWS,Aldie,Dulles,United States,24224 Quail Ridge Ln,VA
Amazon AWS IAD - Quail Campus,Amazon AWS,Aldie,Dulles,United States,24214-24244 Quail Ridge Ln,VA
Amazon AWS IAD - 24234 Quail,Amazon AWS,Aldie,Dulles,United States,24234 Quail Ridge Ln,VA
PowerHouse Arcola Campus,PowerHouse Data Centers,Arcola,Dulles,United States,24408 Stone Springs Blvd,VA
PowerHouse Arcola - Building A,PowerHouse Data Centers,Arcola,Dulles,United States,24408 Stone Springs Blvd,VA
PowerHouse Arcola - Building B,PowerHouse Data Centers,Arcola,Dulles,United States,24408 Stone Springs Blvd,VA
43830 Devin Shafron Drive (IAD24),Digital Realty,Ashburn,Ashburn,United States,43830 Devin Shafron Drive,VA
43881 Devin Shafron Drive (IAD12),Digital Realty,Ashburn,Ashburn,United States,43881 Devin Shafron Drive,VA
"44274 Round Table Plaza, Bldg L (IAD39)",Digital Realty,Ashburn,Ashburn,United States,44274 Round Table Plaza,VA
Cologix ASH1-S,Cologix,Ashburn,Ashburn,United States,21745 Beaumeade Circle,VA
21745 Sir Timothy (ACC9),Digital Realty,Ashburn,Ashburn,United States,21745 Sir Timothy Dr,VA
44520 Hastings (ACC3),Digital Realty,Ashburn,Ashburn,United States,44520 Hastings Dr,VA
44490 Chillum (ACC2),Digital Realty,Ashburn,Ashburn,United States,44490 Chillum Place,VA
43791 Devin Shafron Drive (IAD14),Digital Realty,Ashburn,Ashburn,United States,43791 Devin Shafron Drive,VA
21744 Sir Timothy (ACC10),Digital Realty,Ashburn,Ashburn,United States,21744 Sir Timothy Dr,VA
44540 Round Table Plaza (IAD73),Digital Realty,Ashburn,Ashburn,United States,44540 Round Table Plz,VA
"44372 Round Table Plaza, Bldg M (IAD40)",Digital Realty,Ashburn,Ashburn,United States,44372 Round Table Plaza,VA
44470 Chilum Place (IAD18),Digital Realty,Ashburn,Ashburn,United States,44470 Chilum Place,VA
"22124 Broderick Drive, Bldg R (IAD42)",Digital Realty,Ashburn,Ashburn,United States,22124 Broderick Drive (Bldg R),VA
21362 Smith Switch (ACC8),Digital Realty,Ashburn,Ashburn,United States,21362 Smith Switch Rd,VA
"44751 Round Table Plaza, Bldg P (IAD41)",Digital Realty,Ashburn,Ashburn,United States,44751 Round Table Plaza (Bldg P),VA
GDC - Ashburn VA1 Data Center,"NTT DATA, Inc.",Ashburn,Ashburn,United States,44664 Guilford Drive,VA
GDC - Ashburn VA3 Data Center,"NTT DATA, Inc.",Ashburn,Ashburn,United States,21583 Megawatt Drive,VA
GDC - Ashburn VA2 Data Center,"NTT DATA, Inc.",Ashburn,Ashburn,United States,44610 Guilford Drive,VA
GDC - Ashburn VA4 Data Center,"NTT DATA, Inc.",Ashburn,Ashburn,United States,21583 Megawatt Drive,VA
GDC - Ashburn VA5 Data Center,"NTT DATA, Inc.",Ashburn,Ashburn,United States,21583 Megawatt Drive,VA
Serverfarm Vienna DC2,Serverfarm,Vienna,Ashburn,United States,7990 Quantum Dr,VA
Csquare Ashburn Campus,Csquare,Ashburn,Ashburn,United States,21561-21571 Beaumeade Circle,VA
Csquare - Ashburn IAD4-A,Csquare,Ashburn,Ashburn,United States,21571 Beaumeade Circle,VA
SDC Ashburn - Building A,Sabey Data Center Properties LLC,Ashburn,Ashburn,United States,21741 Red Rum Dr,VA
Csquare - Ashburn IAD4-B,Csquare,Ashburn,Ashburn,United States,21561 Beaumeade Circle,VA
DataBank IAD1 - Ashburn,DataBank,Ashburn,Ashburn,United States,21635 Red Rum Dr,VA
SDC Ashburn Campus,Sabey Data Center Properties LLC,Ashburn,Ashburn,United States,21735-21745 Red Rum Dr,VA
Summit Ashburn,Summit (formerly Deft),Ashburn,Ashburn,United States,43830 Devin Shafron Dr,VA
QTS Ashburn 3 DC1,QTS Data Centers,Ashburn,Ashburn,United States,22291 Shellhorn Road,VA
EdgeCore Ashburn AS01,EdgeCore,Sterling,Ashburn,United States,45865 Maries Road,VA
Aligned IAD-02,Aligned Data Centers,Ashburn,Ashburn,United States,21821 Uunet Drive,VA
QTS Ashburn 3 DC2,QTS Data Centers,Ashburn,Ashburn,United States,22271 Shellhorn Road,VA
DataBank IAD3 - Ashburn Campus,DataBank,Ashburn,Ashburn,United States,21630 Red Rum Dr,VA
Aligned IAD-01,Aligned Data Centers,Ashburn,Ashburn,United States,21890 Uunet Drive,VA
SDC Ashburn - Building C,Sabey Data Center Properties LLC,Ashburn,Ashburn,United States,21735 Red Rum Drive,VA
GDC - Ashburn VA7 Data Center,"NTT DATA, Inc.",Ashburn,Ashburn,United States,44371 Gigabit Plaza,VA
SDC Ashburn - Building B,Sabey Data Center Properties LLC,Ashburn,Ashburn,United States,21745 Red Rum,VA
GDC - Ashburn VA8 Data Center,"NTT DATA, Inc.",Ashburn,Ashburn,United States,44725 Gigabit Plaza,VA
DataBank IAD4 - Ashburn,DataBank,Ashburn,Ashburn,United States,21625 Red Rum Dr,VA
CloudHQ LC Campus,CloudHQ,Ashburn,Ashburn,United States,21955 Loudoun County Pkwy,VA
GDC - Ashburn VA6 Data Center,"NTT DATA, Inc.",Ashburn,Ashburn,United States,44495 Gigabit Plaza,VA
CyrusOne NVA14,CyrusOne Data Centers,Ashburn,Ashburn,United States,21529 Beaumeade Circle,VA
Rackspace Ashburn,Rackspace Hosting,Ashburn,Ashburn,United States,44461 Chilum Place,VA
Quantum Connect,PowerHouse Data Centers,Ashburn,Ashburn,United States,22001 Loudoun County Pkwy,VA
CloudHQ LC14,CloudHQ,Ashburn,Ashburn,United States,22131 Loudoun County Pkwy,VA
NTT Ashburn Campus,"NTT DATA, Inc.",Ashburn,Ashburn,United States,Megawatt Dr / Gigabit Plz,VA
Compass Loudoun County I - Campus,Compass Datacenters,Ashburn,Ashburn,United States,Thunderball Dr,VA
Amazon AWS IAD - Import Campus,Amazon AWS,Ashburn,Ashburn,United States,44351-44254 Import Plaza,VA
Microsoft - 41720 Inclusion Ln,Microsoft,Leesburg,Ashburn,United States,41720 Inclusion Ln,VA
CloudHQ LC1,CloudHQ,Ashburn,Ashburn,United States,21955 Loudoun County Pkwy,VA
CloudHQ LC4,CloudHQ,Ashburn,Ashburn,United States,22210 Loudoun County Parkway,VA
Dulles 28 Technology Park,The BlackChamber Group,Ashburn,Ashburn,United States,Pacific Blvd / Wapool Rd,VA
Microsoft Compass Creek Campus,Microsoft,Leesburg,Ashburn,United States,19515-19540 Compass Creek Pkwy,VA
CloudHQ LC2,CloudHQ,Ashburn,Ashburn,United States,44621 Waxpool Rd,VA
CloudHQ LC12,CloudHQ,Ashburn,Ashburn,United States,22131 Loudoun County Pkwy,VA
Google Loudoun County Campus,Google,Leesburg,Ashburn,United States,Energy Park Drive,VA
STACK Infrastructure NVA06A,STACK INFRASTRUCTURE,Leesburg,Ashburn,United States,19275 Compass Creek Pkwy,VA
Amazon AWS IAD - Loudoun County Campus,Amazon AWS,Ashburn,Ashburn,United States,20935-20934 Lodoun County Pkwy,VA
CloudHQ LC3,CloudHQ,Ashburn,Ashburn,United States,44631 Waxpool Rd,VA
CloudHQ LC9,CloudHQ,Ashburn,Ashburn,United States,22210 Loudoun County Parkway,VA
CloudHQ LC8,CloudHQ,Ashburn,Ashburn,United States,22210 Loudoun County Parkway,VA
CloudHQ LC11,CloudHQ,Ashburn,Ashburn,United States,22131 Loudoun County Pkwy,VA
CloudHQ LC10,CloudHQ,Ashburn,Ashburn,United States,22210 Loudoun County Parkway,VA
CloudHQ LC13,CloudHQ,Ashburn,Ashburn,United States,22131 Loudoun County Pkwy,VA
Microsoft - 41730 Inclusion Ln,Microsoft,Leesburg,Ashburn,United States,41730 Inclusion Ln,VA
CloudHQ MCC1,CloudHQ,Manassas,Ashburn,United States,10880 Airman Ave,VA
Google Loudoun County Data Center 1,Google,Leesburg,Ashburn,United States,20491 Goose Landing Ln,VA
Vantage VA3 - Ashburn III Campus,Vantage Data Centers,Ashburn,Ashburn,United States,19509 Belmont Ridge Road,VA
STACK Infrastructure Loudoun County Campus,STACK INFRASTRUCTURE,Ashburn,Ashburn,United States,Evergreen Mills Rd,VA
STACK Infrastructure NVA01A,STACK INFRASTRUCTURE,Sterling,Ashburn,United States,22080 Pacific Blvd.,VA
Cross Mill Center,JK Land Holdings,Leesburg,Ashburn,United States,Sycolin Rd & Crosstrail Blvd,VA
Greenlin Park,JK Land Holdings,Leesburg,Ashburn,United States,State Route 267 (VA-267),VA
Microsoft - 41700 Inclusion Ln (IAD4),Microsoft,Leesburg,Ashburn,United States,41700 Inclusion Ln,VA
Amazon AWS IAD - 21263 Smith,Amazon AWS,Ashburn,Ashburn,United States,21263 Smith Switch Rd,VA
Amazon AWS - 41789 Cochran Mill Rd,Amazon AWS,Leesburg,Ashburn,United States,41789 Cochran Mill Rd,VA
STACK Infrastructure NVA06B,STACK INFRASTRUCTURE,Leesburg,Ashburn,United States,19431-19459 Compass Creek Pkwy,VA
Tech Park at Brambleton,The BlackChamber Group,Ashburn,Ashburn,United States,23896 Belmont Ridge Road,VA
Microsoft - 41700 Inclusion Ln (IAD6),Microsoft,Leesburg,Ashburn,United States,41700 Inclusion Ln,VA
Compass Loudoun County I - B,Compass Datacenters,Ashburn,Ashburn,United States,42250 Thunderball Dr,VA
Windstream Ashburn,Windstream,Ashburn,Ashburn,United States,44200 Waxpool Rd,VA
Compass Loudoun County I - D,Compass Datacenters,Ashburn,Ashburn,United States,42311 Thunderball Dr,VA
Amazon IAD - 44254 Import,Amazon AWS,Ashburn,Ashburn,United States,44254 Import Plaza,VA
QTS Ashburn 3 Campus,QTS Data Centers,Ashburn,Ashburn,United States,22271-22291 Shellhorn Road,VA
Amazon AWS IAD - 20935 Loudoun,Amazon AWS,Ashburn,Ashburn,United States,20935 Loudoun County Pkwy,VA
LightEdge - Ashburn,LightEdge,Ashburn,Ashburn,United States,21721 Filigree Ct,VA
Amazon AWS - George Washington Blvd,Amazon AWS,Ashburn,Ashburn,United States,George Washington Blvd,VA
Google Loudoun County Data Center 2,Google,Leesburg,Ashburn,United States,20481 Goose Landing Ln,VA
Amazon AWS IAD - 21310-21320 Beaumeade Cir,Amazon AWS,Ashburn,Ashburn,United States,21310-21320 Beaumeade Cir,VA
42277 Cochran Mill Rd,SDC Capital Partners,Leesburg,Ashburn,United States,42277 Cochran Mill Rd,VA
Lumen Ashburn,Lumen,Ashburn,Ashburn,United States,44633 Guilford Drive,VA
Amazon IAD - 44351 Import,Amazon AWS,Ashburn,Ashburn,United States,44351 Import Plaza,VA
Amazon AWS IAD - 21267 Smith,Amazon AWS,Ashburn,Ashburn,United States,21267 Smith Switch Rd,VA
Amazon AWS IAD - 44854 Interconnection,Amazon AWS,Ashburn,Ashburn,United States,44854 Interconnection Plz,VA
Compass Loudoun County I - C,Compass Datacenters,Ashburn,Ashburn,United States,42251 Thunderball Dr,VA
Amazon AWS IAD - 44862 Interconnection,Amazon AWS,Ashburn,Ashburn,United States,44862 Interconnection Plz,VA
Amazon AWS IAD - 44858 Interconnection,Amazon AWS,Ashburn,Ashburn,United States,44858 Interconnection Plz,VA
Microsoft - 19515 Compass Creek,Microsoft,Leesburg,Ashburn,United States,19515 Compass Creek Pkwy,VA
Amazon IAD - 44305 Import,Amazon AWS,Ashburn,Ashburn,United States,44305 Import Plaza,VA
CloudHQ LC5,CloudHQ,Ashburn,Ashburn,United States,21615 Lockridge Rd,VA
NTT Ashburn VA9,"NTT DATA, Inc.",Ashburn,Ashburn,United States,44720 Gigabit Plaza,VA
Compass Loudoun County I - E,Compass Datacenters,Ashburn,Ashburn,United States,42590 Thunderball Dr,VA
Amazon AWS IAD - 21271 Smith,Amazon AWS,Ashburn,Ashburn,United States,21271 Smith Switch Rd,VA
Amazon AWS IAD - Smith Campus,Amazon AWS,Ashburn,Ashburn,United States,21263-21271 Smith Switch Rd,VA
Amazon AWS IAD - Interconnection Campus,Amazon AWS,Ashburn,Ashburn,United States,44854-44862 Interconnection Plz,VA
Amazon AWS IAD - 21320 Beaumeade Cir,Amazon AWS,Ashburn,Ashburn,United States,21320 Beaumeade Cir,VA
Amazon AWS IAD - 21310 Beaumeade Cir,Amazon AWS,Ashburn,Ashburn,United States,21310 Beaumeade Cir,VA
Microsoft - 19525 Compass Creek,Microsoft,Leesburg,Ashburn,United States,19525 Compass Creek Pkwy,VA
Compass Loudoun County I - A,Compass Datacenters,Ashburn,Ashburn,United States,42310 Thunderball Dr,VA
Amazon AWS IAD - 20945 Loudoun,Amazon AWS,Ashburn,Ashburn,United States,20945 Loudoun County Pkwy,VA
Visa Ashburn,Visa Inc.,Ashburn,Ashburn,United States,45005 Saber Jet Pkwy,VA
STACK Infrastructure Loudoun County - Building 1,STACK INFRASTRUCTURE,Ashburn,Ashburn,United States,Evergreen Mills Rd,VA
STACK Infrastructure Loudoun County - Building 2,STACK INFRASTRUCTURE,Ashburn,Ashburn,United States,Evergreen Mills Rd,VA
19886 Ashburn Rd,JK Land Holdings,Ashburn,Ashburn,United States,19886 Ashburn Rd,VA
Tuscarora Crossing Campus,The BlackChamber Group,Leesburg,Ashburn,United States,Crosstrail Blvd,VA
CyrusOne NVA - Broadlands Campus,CyrusOne Data Centers,Broadlands,Ashburn,United States,Education Ct / Broadlands Blvd,VA
20335 Celtic Park Drive (Campus),TA Realty,Leesburg,Ashburn,United States,20335 Celtic Park Dr,VA
Tuscarora Crossing Bldg 1,The BlackChamber Group,Leesburg,Ashburn,United States,Crosstrail Blvd,VA
Tuscarora Crossing Bldg 3,The BlackChamber Group,Leesburg,Ashburn,United States,Crosstrail Blvd,VA
CyrusOne NVA - Broadlands Building 2,CyrusOne Data Centers,Broadlands,Ashburn,United States,Education Ct / Broadlands Blvd,VA
CyrusOne NVA - Broadlands Building 4,CyrusOne Data Centers,Broadlands,Ashburn,United States,Education Ct / Broadlands Blvd,VA
CyrusOne NVA - Broadlands Building 3,CyrusOne Data Centers,Broadlands,Ashburn,United States,Education Ct / Broadlands Blvd,VA
Tuscarora Crossing Bldg 2,The BlackChamber Group,Leesburg,Ashburn,United States,Crosstrail Blvd,VA
CyrusOne NVA - Broadlands Building 1,CyrusOne Data Centers,Broadlands,Ashburn,United States,Education Ct / Broadlands Blvd,VA
20335 Celtic Park Drive (Building 3),TA Realty,Leesburg,Ashburn,United States,20335 Celtic Park Dr,VA
20335 Celtic Park Drive (Building 1),TA Realty,Leesburg,Ashburn,United States,20335 Celtic Park Dr,VA
20335 Celtic Park Drive (Building 2),TA Realty,Leesburg,Ashburn,United States,20335 Celtic Park Dr,VA
365 Data Centers - Herndon,365 Data Centers,Herndon,Herndon,United States,13873 Park Center Road,VA
H5 Data Centers Herndon,H5 Data Centers,Herndon,Herndon,United States,480 Springpark Pl,VA
Aptum Herndon,Aptum,Herndon,Herndon,United States,2350 Corporate Park Dr,VA
Menlo Digital MD-DC1 (Herndon),Menlo Digital,Herndon,Herndon,United States,13775 McLearen Rd,VA
Amazon AWS IAD - EDS Campus,Amazon AWS,Herndon,Herndon,United States,13600 EDS Dr,VA
Amazon AWS IAD166 - 13600 EDS B,Amazon AWS,Herndon,Herndon,United States,13600 EDS Dr,VA
Amazon AWS IAD - 13600 EDS C,Amazon AWS,Herndon,Herndon,United States,13600 EDS Dr,VA
Lumen Herndon 3,Lumen,Herndon,Herndon,United States,524 Van Buren Street,VA
Amazon AWS IAD165 - 13600 EDS A,Amazon AWS,Herndon,Herndon,United States,13600 EDS Drive,VA
Lumen Herdon 2,Lumen,Herndon,Herndon,United States,251 Exchange Place,VA
Amazon AWS IAD - Renaissance Park,Amazon AWS,Herndon,Herndon,United States,13860-13876 Redskin Dr,VA
Amazon AWS IAD501 - 13876 Redskin Drive,Amazon AWS,Herndon,Herndon,United States,13876 Redskin Dr,VA
Amazon AWS IAD500 - 13860 Redskin Drive,Amazon AWS,Herndon,Herndon,United States,13860 Redskin Dr,VA
Lumen Herdon 1,Lumen,Herndon,Herndon,United States,520 Van Buren Street,VA
DataBank IAD2 - McLean,DataBank,McLean,Vienna,United States,1764A Old Meadow Ln,VA
Superb DCA2 - McLean,HopOne Internet,McLean,Vienna,United States,8201 Greensboro Dr,VA
NetEx NDC01,NetEx Inc.,Vienna,Vienna,United States,8460 Tyco Road,VA
ATI DC-2,ATI Solutions Inc.,Tysons,Vienna,United States,1750 Old Meadow Road,VA
CherryRoad DCA2,CherryRoad Technologies,McLean,Vienna,United States,8201 Greensboro Drive @,VA
Lumen McLean,Lumen,McLean,Vienna,United States,1755-1757 Old Meadow Road,VA
Serverfarm Vienna DC1,Serverfarm,Vienna,Vienna,United States,7980 Quantum Rd,VA
Serverfarm Vienna Cloud,Serverfarm,Vienna,Vienna,United States,7980-7990 Quantum Dd,VA
22574 Pacific Blvd (IAD55),Digital Realty,Sterling,Sterling,United States,22574 Pacific Blvd,VA
44820 Prentice (IAD43),Digital Realty,Sterling,Sterling,United States,44820 Prentice Dr,VA
CyrusOne NVA9 - Sterling,CyrusOne Data Centers,Sterling,Sterling,United States,43290 Old Ox Road,VA
CyrusOne NVA8 - Sterling,CyrusOne Data Centers,Sterling,Sterling,United States,45905 Maries Road,VA
CyrusOne NVA5 - Sterling,CyrusOne Data Centers,Sterling,Sterling,United States,21350 Pacific Blvd.,VA
CyrusOne NVA7 - Sterling,CyrusOne Data Centers,Sterling,Sterling,United States,21350 Pacific Blvd.,VA
CyrusOne Virginia Campus,CyrusOne Data Centers,Sterling,Sterling,United States,21111 Ridgetop Circle,VA
CyrusOne NVA4 - Sterling,CyrusOne Data Centers,Sterling,Sterling,United States,22811 International Drive,VA
QTS Ashburn-Moran DC2,QTS Data Centers,Sterling,Sterling,United States,44874 Moran Road,VA
Csquare - Sterling IAD3-A,Csquare,Sterling,Sterling,United States,22995 Wilder Ct,VA
Csquare - Sterling IAD1-C,Csquare,Sterling,Sterling,United States,21110 Ridgetop Circle,VA
Csquare - Sterling IAD1-A,Csquare,Sterling,Sterling,United States,45901 Nokes Blvd.,VA
Csquare - Sterling IAD2-A,Csquare,Sterling,Sterling,United States,22810 International Dr,VA
EdgeCore Ashburn AS02,EdgeCore,Sterling,Sterling,United States,1501 Moran Rd,VA
CyrusOne NVA1 - Sterling,CyrusOne Data Centers,Sterling,Sterling,United States,21111 Ridgetop Cir,VA
Csquare - Sterling IAD1-B,Csquare,Sterling,Sterling,United States,45845 Nokes Blvd,VA
Csquare - Sterling IAD2-B,Csquare,Sterling,Sterling,United States,22860 International Dr,VA
Vantage VA2 - Ashburn II Campus,Vantage Data Centers,Sterling,Sterling,United States,22318 Glenn Drive,VA
QTS Ashburn 1 DC1,QTS Data Centers,Sterling,Sterling,United States,22271 Broderick Drive,VA
Skybox Nova One,Skybox Datacenters,Sterling,Sterling,United States,22675 Dulles Summit,VA
Menlo Digital MD-DC2 (Sterling),Menlo Digital,Sterling,Sterling,United States,22265 Pacific Blvd,VA
Corscale Kincora,Corscale,Sterling,Sterling,United States,45695 Russell Branch Pkwy,VA
CyrusOne NVA2 - Sterling,CyrusOne Data Centers,Sterling,Sterling,United States,21111 Ridgetop Circle,VA
Vantage VA1 - Ashburn I Campus,Vantage Data Centers,Sterling,Sterling,United States,Vantage Data Plaza,VA
CyrusOne NVA3 - Sterling,CyrusOne Data Centers,Sterling,Sterling,United States,21111 Ridgetop Circle,VA
Amazon AWS IAD - Atlantic Blvd Campus,Amazon AWS,Sterling,Sterling,United States,21195-21215 Atlantic Blvd,VA
Microsoft - 42010 Growth Mindset Ln,Microsoft,Aldie,Sterling,United States,42010 Growth Mindset Ln,VA
Amazon AWS - 46020 Manekin Plaza,Amazon AWS,Sterling,Sterling,United States,46000-46020 Manekin Plz,VA
Prologis Executive Dr,Prologis,Sterling,Sterling,United States,22650-22660 Executive Dr,VA
Amazon AWS - 45965-45975 Nokes Blvd,Amazon AWS,Sterling,Sterling,United States,45965-45975 Nokes Blvd,VA
Amazon AWS IAD - Charles View Campus,Amazon AWS,Sterling,Sterling,United States,21641-21710 Charles View Dr,VA
Amazon AWS IAD - Erins Run Campus,Amazon AWS,Sterling,Sterling,United States,23825-23845 Erins Run Dr,VA
Maries Tech Park,COPT Defense Properties,Sterling,Sterling,United States,"45761-45781 Maries Rd, Maries Tech Park",VA
Microsoft Growth Mindset Campus,Microsoft,Aldie,Sterling,United States,41840-42010 Growth Mindset Ln,VA
Microsoft - 42031 Growth Mindset Ln,Microsoft,Aldie,Sterling,United States,42031 Growth Mindset Ln,VA
Google Arcola Campus,Google,Sterling,Sterling,United States,24400 Howling Rooster Ln,VA
Microsoft - 41840 Growth Mindset Ln,Microsoft,Aldie,Sterling,United States,41840 Growth Mindset Ln,VA
Amazon AWS IAD - Relocation Campus,Amazon AWS,Sterling,Sterling,United States,22745-22755 Relocation Dr,VA
PowerHouse Pacific Campus,PowerHouse Data Centers,Sterling,Sterling,United States,22020 Broderick Dr,VA
PointOne Sterling,PointOne,Sterling,Sterling,United States,45449 E Severn Way,VA
PointOne Ashburn Data Center Campus,PointOne,Sterling,Sterling,United States,21995 Railcar Dr,VA
Aligned IAD-03,Aligned Data Centers,Sterling,Sterling,United States,22715 Relocation Drive,VA
Vantage VA11,Vantage Data Centers,Sterling,Sterling,United States,45200 Vantage Data Plaza,VA
Vantage VA15,Vantage Data Centers,Sterling,Sterling,United States,Vantage Data Plaza,VA
Amazon AWS IAD - Loudoun Downs Campus,Amazon AWS,Sterling,Sterling,United States,45110-45111 Loudoun Downs Ln,VA
Amazon AWS IAD - Dulles Campus,Amazon AWS,Sterling,Sterling,United States,22630-22651 Dulles Summit Ct,VA
Amazon AWS IAD - Prologis Campus,Amazon AWS,Sterling,Sterling,United States,45210-45220 Prologis Plz,VA
COPT MP-2,COPT Defense Properties,Sterling,Sterling,United States,"45771 Maries Rd, Maries Tech Park",VA
Amazon AWS IAD - 23005 International,Amazon AWS,Sterling,Sterling,United States,23005 International Dr,VA
Amazon AWS IAD - 45259 Severn,Amazon AWS,Sterling,Sterling,United States,45259 West Severn Way,VA
COPT MP-1,COPT Defense Properties,Sterling,Sterling,United States,"45761 Maries Rd, Maries Tech Park",VA
Amazon AWS IAD - 45220 Prologis,Amazon AWS,Sterling,Sterling,United States,45220 Prologis Plaza,VA
Google Arcola Data Center 2,Google,Sterling,Sterling,United States,24400 Howling Rooster Ln,VA
Vantage VA23,Vantage Data Centers,Sterling,Sterling,United States,22318 Glenn Drive,VA
Amazon AWS IAD - 21641 Charles View,Amazon AWS,Sterling,Sterling,United States,21641 Charles View Dr,VA
Amazon AWS IAD - 22945 International,Amazon AWS,Sterling,Sterling,United States,22945 International Dr,VA
Amazon AWS IAD - 45900 Pathfinder,Amazon AWS,Sterling,Sterling,United States,45900 Pathfinder Plz,VA
Windstream Sterling,Windstream,Sterling,Sterling,United States,21376 Potomac View Rd,VA
23540 Pebble Run Pl,Microsoft,Sterling,Sterling,United States,23540 Pebble Run Pl,VA
Amazon AWS IAD - 45111 Loudoun,Amazon AWS,Sterling,Sterling,United States,45111 Loudoun Downs Ln,VA
Amazon AWS IAD - 22745 Relocation,Amazon AWS,Sterling,Sterling,United States,22745 Relocation Dr,VA
Amazon AWS IAD - 21710 Charles View,Amazon AWS,Sterling,Sterling,United States,21710 Charles View Dr,VA
Google Arcola Data Center 1,Google,Sterling,Sterling,United States,24400 Howling Rooster Ln,VA
Amazon AWS IAD - 22868 International,Amazon AWS,Sterling,Sterling,United States,22868 International Dr,VA
Vantage VA12,Vantage Data Centers,Sterling,Sterling,United States,45194 Vantage Data Plaza,VA
Amazon AWS IAD - 22755 Relocation,Amazon AWS,Sterling,Sterling,United States,22755 Relocation Dr,VA
Vantage VA13,Vantage Data Centers,Sterling,Sterling,United States,Vantage Data Plaza,VA
Amazon AWS IAD - 22631 Dulles,Amazon AWS,Sterling,Sterling,United States,22631 Dulles Summit Ct,VA
Amazon AWS IAD - 45210 Prologis,Amazon AWS,Sterling,Sterling,United States,45210 Prologis Plaza,VA
Amazon AWS IAD - Pathfinder Campus,Amazon AWS,Sterling,Sterling,United States,45900-45950 Pathfinder Plz,VA
Amazon AWS IAD - 22760 Pacific,Amazon AWS,Sterling,Sterling,United States,22760 Pacific Blvd,VA
Amazon AWS IAD - 22651 Dulles,Amazon AWS,Sterling,Sterling,United States,22651 Dulles Summit Ct,VA
Prologis 45120 Global Plaza,Prologis,Sterling,Sterling,United States,45120 Global Plaza,VA
Amazon AWS IAD - 23835 Erins,Amazon AWS,Sterling,Sterling,United States,23835 Erins Run Dr,VA
Amazon AWS IAD - Severn & Squire Campus,Amazon AWS,Sterling,Sterling,United States,Squire Ct / West Severn Way,VA
Amazon AWS IAD - 21205 Atlantic Blvd,Amazon AWS,Sterling,Sterling,United States,21205 Atlantic Blvd,VA
COPT MP-3,COPT Defense Properties,Sterling,Sterling,United States,"45781 Maries Rd, Maries Tech Park",VA
Amazon AWS IAD - 45360 Severn,Amazon AWS,Sterling,Sterling,United States,45360 West Severn Way,VA
Amazon AWS IAD - 45110 Loudoun,Amazon AWS,Sterling,Sterling,United States,45110 Loudoun Downs Ln,VA
Vantage VA21,Vantage Data Centers,Sterling,Sterling,United States,22318 Glenn Drive,VA
Amazon AWS IAD - 21215 Atlantic Blvd,Amazon AWS,Sterling,Sterling,United States,21215 Atlantic Blvd,VA
Amazon AWS IAD - 21195 Atlantic Blvd,Amazon AWS,Sterling,Sterling,United States,21195 Atlantic Blvd,VA
Amazon AWS IAD - 22520 Randolph,Amazon AWS,Sterling,Sterling,United States,22520 Randolph Drive,VA
Amazon AWS IAD - 23825 Erins,Amazon AWS,Sterling,Sterling,United States,23825 Erins Run Dr,VA
Amazon AWS IAD - International Campus,Amazon AWS,Sterling,Sterling,United States,22868-22945 International Dr,VA
Vantage VA22,Vantage Data Centers,Sterling,Sterling,United States,22318 Glenn Drive,VA
Vantage VA14,Vantage Data Centers,Sterling,Sterling,United States,Vantage Data Plaza,VA
Amazon AWS IAD - 45930 Pathfinder,Amazon AWS,Sterling,Sterling,United States,45930 Pathfinder Plz,VA
Amazon AWS IAD - 21660 Charles View,Amazon AWS,Sterling,Sterling,United States,21660 Charles View Dr,VA
Amazon AWS IAD - 22630 Dulles,Amazon AWS,Sterling,Sterling,United States,22630 Dulles Summit Ct,VA
Amazon AWS IAD - 1304 Squire,Amazon AWS,Sterling,Sterling,United States,1304 Squire Ct,VA
Amazon AWS IAD - 23845 Erins,Amazon AWS,Sterling,Sterling,United States,23845 Erins Run Dr,VA
QTS Ashburn-Lockridge DC1,QTS Data Centers,Sterling,Sterling,United States,44675 Quality Tech Lane,VA
Google Arcola Data Center 3,Google,Sterling,Sterling,United States,24400 Howling Rooster Ln,VA
Amazon AWS IAD - 21645 Charles View,Amazon AWS,Sterling,Sterling,United States,21645 Charles View Dr,VA
Amazon AWS IAD - 45950 Pathfinder,Amazon AWS,Sterling,Sterling,United States,45950 Pathfinder Plz,VA
Amazon AWS IAD - 45305 Severn,Amazon AWS,Sterling,Sterling,United States,45305 West Severn Way,VA
PowerHouse Pacific - Building C,PowerHouse Data Centers,Sterling,Sterling,United States,22020 Broderick Dr,VA
PowerHouse Pacific - Building A,PowerHouse Data Centers,Sterling,Sterling,United States,22020 Broderick Dr,VA
PowerHouse Pacific - Building B,PowerHouse Data Centers,Sterling,Sterling,United States,22020 Broderick Dr,VA
Prologis Global Plaza Campus,Prologis,Sterling,Sterling,United States,42121-45120 Global Plaza,VA
Amazon AWS - 21670-21680 Ridgetop Circle,Amazon AWS,Sterling,Sterling,United States,21670-21680 Ridgetop Cir,VA
Amazon AWS - 21660 Ridgetop Circle,Amazon AWS,Sterling,Sterling,United States,21660 Ridgetop Cir,VA
STACK Infrastructure NVA04 Campus,STACK INFRASTRUCTURE,Sterling,Sterling,United States,Shellhorn Road,VA
Prologis 45181 Global Plaza,Prologis,Sterling,Sterling,United States,45181 Global Plaza,VA
Prologis 42121 Global Plaza,Prologis,Sterling,Sterling,United States,42121 Global Plaza,VA
STACK Infrastructure NVA04B,STACK INFRASTRUCTURE,Sterling,Sterling,United States,22285 Lockridge Rd,VA
QTS Ashburn-Lockridge DC2,QTS Data Centers,Sterling,Sterling,United States,44655 Quality Tech Lane,VA
STACK Infrastructure NVA04C,STACK INFRASTRUCTURE,Sterling,Sterling,United States,22295 Lockridge Rd,VA
STACK Infrastructure NVA04A,STACK INFRASTRUCTURE,Sterling,Sterling,United States,22275 Lockridge Rd,VA
Iron Mountain Data Centers RCH-1,Iron Mountain Data Centers,Sandston,Richmond,United States,6110 Technology Creek Dr,VA
"QTS Richmond 1 DC1, DC2, DC3",QTS Data Centers,Richmond,Richmond,United States,6000 Technology Blvd,VA
Microsoft Hillcrest Campus,Microsoft,South Hill,Richmond,United States,210 Tunstall Road,VA
TECfusions Clarksville,TECfusions,Clarksville,Richmond,United States,250 Burlington Dr,VA
DC BLOX Richmond,DC BLOX Inc.,Richmond,Richmond,United States,5209 Wilkinson Rd,VA
Chirisa Digital Drive DC1,Chirisa,Chester,Richmond,United States,1600 Digital Dr,VA
Chirisa Digital Drive DC2,Chirisa,Chester,Richmond,United States,1600 Digital Dr,VA
Cogent Data Center - Richmond,"Cogent Communications, Inc.",Richmond,Richmond,United States,1001 Oliver Hill Way,VA
Hanover Technology Park,Tract,Ashland,Richmond,United States,Hickory Hill Road & Old Ridge Road,VA
Chirisa Richmond Technology Park,Chirisa,Chester,Richmond,United States,1401 Meadowville Technology Parkway,VA
Chirisa Richmond Technology Park CTP-02,Chirisa,Chester,Richmond,United States,1401 Meadowville Technology Parkway,VA
Menlo Digital MD-DC3 (Richmond),Menlo Digital,Petersburg,Richmond,United States,2255 Jamestown Dr,VA
Carmel Church Data Hub,AVAIO Digital,Ruther Glen,Richmond,United States,US-1 & Jericho Rd,VA
PointOne Richmond Data Center Campus,PointOne,Charles City,Richmond,United States,2840 Roxbury Rd,VA
Hunting Hawk Technology Park,HHHunt Corporation,Glen Allen,Richmond,United States,Ashland Rd,VA
Infotel Systems Data Center,Infotel Systems,Henrico,Richmond,United States,6008 Hermitage Road,VA
Iron Mountain Data Centers RCH-3,Iron Mountain Data Centers,Sandston,Richmond,United States,Technology Creek Dr,VA
Google Project Loch,Google,Midlothian,Richmond,United States,"750 Watkins Centre Pkwy,",VA
Chirisa Richmond Technology Park CTP-01,Chirisa,Chester,Richmond,United States,1401 Meadowville Technology Parkway,VA
Windstream Innsbrook,Windstream,Richmond,Richmond,United States,4551 Cox Road,VA
Amazon AWS - Northeast Creek Technology Campus,Amazon AWS,Louisa,Richmond,United States,Jefferson Hwy,VA
Google Project Skye,Google,Moseley,Richmond,United States,4200 Moseley Rd,VA
Amazon AWS IAD - Mattermeade Campus,Amazon AWS,Woodford,Richmond,United States,Orrock Ln,VA
EdgeCore Louisa County,EdgeCore,Kents Store,Richmond,United States,within Shannon Hill Regional Business Park,VA
Microsoft Hillcrest (AVC02),Microsoft,"South Hill,",Richmond,United States,210 Tunstall Rd,VA
Microsoft Hillcrest (AVC01),Microsoft,"South Hill,",Richmond,United States,210 Tunstall Rd,VA
Meta Henrico Data Center,Meta,Sandston,Richmond,United States,6200 Technology Blvd,VA
Chirisa Richmond Technology Park CTP-06,Chirisa,Chester,Richmond,United States,1401 Meadowville Technology Parkway,VA
Chesterfield Technology Park,Tract,Colonial Heights,Richmond,United States,16100 Branders Bridge Rd,VA
Amazon AWS - Desper Creek Technology Campus,Amazon AWS,Louisa,Richmond,United States,Jefferson Hwy,VA
Iron Mountain Data Centers RCH-4,Iron Mountain Data Centers,Sandston,Richmond,United States,Technology Creek Dr,VA
Chirisa Richmond Technology Park CTP-03,Chirisa,Chester,Richmond,United States,1401 Meadowville Technology Parkway,VA
Meta Sandston,Meta,Sandston,Richmond,United States,3951 Portugee Rd,VA
Iron Mountain Data Centers RCH-2,Iron Mountain Data Centers,Sandston,Richmond,United States,Technology Creek Dr,VA
Google Project Peanut,Google,Chester,Richmond,United States,2700 Bermuda Hundred Rd,VA
Microsoft Hillcrest (AVC03),Microsoft,"South Hill,",Richmond,United States,210 Tunstall Rd,VA
Amazon AWS - Lake Anna Tech Campus,Amazon AWS,Mineral,Richmond,United States,Kentucky Springs Rd & Haley Dr,VA
LS Power Ashland - Building 3,LS Power,Ashland,Richmond,United States,10165 Old Ridge Rd,VA
AVAIO Ladysmith Campus,AVAIO Digital,Ladysmith,Richmond,United States,Ladysmith Rd & Bull Church Rd,VA
LS Power Ashland - Building 4,LS Power,Ashland,Richmond,United States,10165 Old Ridge Rd,VA
LS Power Ashland - Building 2,LS Power,Ashland,Richmond,United States,10165 Old Ridge Rd,VA
Farmville Data Hub,AVAIO Digital,Farmville,Richmond,United States,"Heartland Innovation Technology Park, Persimmon Tree Fork Rd",VA
LS Power Ashland Campus,LS Power,Ashland,Richmond,United States,10165 Old Ridge Rd,VA
Chirisa DDC Campus,Chirisa,Chester,Richmond,United States,1600 Digital Dr,VA
AVAIO Appomattox,AVAIO Digital,Appomattox,Richmond,United States,"within north of the town of Appomattox, VA",VA
LS Power Ashland - Building 1,LS Power,Ashland,Richmond,United States,10165 Old Ridge Rd,VA
Menlo Digital MD-DC3 - Building 1,Menlo Digital,Petersburg,Richmond,United States,2255 Jamestown Dr,VA
Menlo Digital MD-DC3 - Building 4,Menlo Digital,Petersburg,Richmond,United States,2255 Jamestown Dr,VA
Menlo Digital MD-DC3 - Building 2,Menlo Digital,Petersburg,Richmond,United States,2255 Jamestown Dr,VA
Menlo Digital MD-DC3 - Building 3,Menlo Digital,Petersburg,Richmond,United States,2255 Jamestown Dr,VA
Amazon AWS IAD - Cosner Tech Campus,Amazon AWS,Carters Store,Richmond,United States,4049 Massaponax Church Rd / 9300 Cosner Dr,VA
Lumen Richmond 1,Lumen,Richmond,Richmond,United States,8851 Park Central Drive,VA
Lumen Richmond 2,Lumen,Richmond,Richmond,United States,8145 Staples Mill Road,VA
Amazon AWS IAD - Massaponax Church Rd,Amazon AWS,Carters Store,Richmond,United States,Massaponax Church Rd,VA
Vantage VA4 - Fredericksburg,Vantage Data Centers,Fredericksburg,Fredericksburg,United States,225 Centreport Pkwy,VA
CleanArc VA1 Campus,CleanArc Data Centers,Ruther Glen,Fredericksburg,United States,18188 Bazaar Ave,VA
Amazon AWS IAD - Hunters Ridge Campus,Amazon AWS,Cosner's Corner,Fredericksburg,United States,4110 Overview Drive,VA
Amazon AWS IAD - Carters Store Tech Campus,Amazon AWS,Fredericksburg,Fredericksburg,United States,8432 Flippo Drive,VA
Amazon AWS IAD - Orrock Tech Campus,Amazon AWS,Thornburg,Fredericksburg,United States,Orrock Road,VA
STACK Infrastructure Fredericksburg,STACK INFRASTRUCTURE,Fredericksburg,Fredericksburg,United States,3050 Gordon W Shelton Blvd,VA
Dahlgren West Campus,Oasis Digital Properties,King George,Fredericksburg,United States,James Madison Pkwy,VA
Amazon AWS IAD - Birchwood Drive Campus,Amazon AWS,King George,Fredericksburg,United States,10900 Birchwood Dr,VA
PowerHouse 95 Campus,PowerHouse Data Centers,Fredericksburg,Fredericksburg,United States,Overview Dr & Cosner Dr,VA
Amazon AWS IAD - Potomac Church Tech Center,Amazon AWS,Stafford,Fredericksburg,United States,123-125 Old Potomac Church Rd,VA
Project Sisson Campus,Peterson Companies,Fredericksburg,Fredericksburg,United States,Kings Hwy (VA-3),VA
CleanArc VA1-2,CleanArc Data Centers,Ruther Glen,Fredericksburg,United States,18188 Bazaar Ave,VA
CleanArc VA1-3,CleanArc Data Centers,Ruther Glen,Fredericksburg,United States,18188 Bazaar Ave,VA
Amazon AWS IAD - 123 Old Potomac Church Rd,Amazon AWS,Stafford,Fredericksburg,United States,123 Old Potomac Church Rd,VA
PowerHouse 95 - Building 5,PowerHouse Data Centers,Fredericksburg,Fredericksburg,United States,Overview Dr & Cosner Dr,VA
PowerHouse 95 - Building 3,PowerHouse Data Centers,Fredericksburg,Fredericksburg,United States,Overview Dr & Cosner Dr,VA
Stafford Technology Campus,STACK INFRASTRUCTURE,Stafford,Fredericksburg,United States,"within E. Richmond Hwy, opp Sage Ln & Eskimo",VA
Amazon AWS IAD - 125 Old Potomac Church Rd,Amazon AWS,Stafford,Fredericksburg,United States,125 Old Potomac Church Rd,VA
PowerHouse 95 - Building 2,PowerHouse Data Centers,Fredericksburg,Fredericksburg,United States,Overview Dr & Cosner Dr,VA
CleanArc VA1-1,CleanArc Data Centers,Ruther Glen,Fredericksburg,United States,18188 Bazaar Ave,VA
PowerHouse 95 - Building 1,PowerHouse Data Centers,Fredericksburg,Fredericksburg,United States,Overview Dr & Cosner Dr,VA
PowerHouse 95 - Building 6,PowerHouse Data Centers,Fredericksburg,Fredericksburg,United States,Overview Dr & Cosner Dr,VA
PowerHouse 95 - Building 4,PowerHouse Data Centers,Fredericksburg,Fredericksburg,United States,Overview Dr & Cosner Dr,VA
Project Sisson DC12,Peterson Companies,Fredericksburg,Fredericksburg,United States,Kings Hwy (VA-3),VA
Project Sisson DC8,Peterson Companies,Fredericksburg,Fredericksburg,United States,Kings Hwy (VA-3),VA
Project Sisson DC15,Peterson Companies,Fredericksburg,Fredericksburg,United States,Kings Hwy (VA-3),VA
Project Sisson DC16,Peterson Companies,Fredericksburg,Fredericksburg,United States,Kings Hwy (VA-3),VA
Project Sisson DC11,Peterson Companies,Fredericksburg,Fredericksburg,United States,Kings Hwy (VA-3),VA
Project Sisson DC7,Peterson Companies,Fredericksburg,Fredericksburg,United States,Kings Hwy (VA-3),VA
Project Sisson DC13,Peterson Companies,Fredericksburg,Fredericksburg,United States,Kings Hwy (VA-3),VA
Project Sisson DC3,Peterson Companies,Fredericksburg,Fredericksburg,United States,Kings Hwy (VA-3),VA
Project Sisson DC10,Peterson Companies,Fredericksburg,Fredericksburg,United States,Kings Hwy (VA-3),VA
Project Sisson DC6,Peterson Companies,Fredericksburg,Fredericksburg,United States,Kings Hwy (VA-3),VA
Project Sisson DC4,Peterson Companies,Fredericksburg,Fredericksburg,United States,Kings Hwy (VA-3),VA
Project Sisson DC2,Peterson Companies,Fredericksburg,Fredericksburg,United States,Kings Hwy (VA-3),VA
Project Sisson DC14,Peterson Companies,Fredericksburg,Fredericksburg,United States,Kings Hwy (VA-3),VA
Project Sisson DC9,Peterson Companies,Fredericksburg,Fredericksburg,United States,Kings Hwy (VA-3),VA
Project Sisson DC1,Peterson Companies,Fredericksburg,Fredericksburg,United States,Kings Hwy (VA-3),VA
Project Sisson DC5,Peterson Companies,Fredericksburg,Fredericksburg,United States,Kings Hwy (VA-3),VA
Stafford Technology Campus - Building 18,STACK INFRASTRUCTURE,Stafford,Fredericksburg,United States,"within E. Richmond Hwy, opp Sage Ln & Eskimo",VA
Stafford Technology Campus - Building 13,STACK INFRASTRUCTURE,Stafford,Fredericksburg,United States,"within E. Richmond Hwy, opp Sage Ln & Eskimo",VA
Stafford Technology Campus - Building 15,STACK INFRASTRUCTURE,Stafford,Fredericksburg,United States,"within E. Richmond Hwy, opp Sage Ln & Eskimo",VA
Stafford Technology Campus - Building 20,STACK INFRASTRUCTURE,Stafford,Fredericksburg,United States,"within E. Richmond Hwy, opp Sage Ln & Eskimo",VA
Stafford Technology Campus - Building 5,STACK INFRASTRUCTURE,Stafford,Fredericksburg,United States,"within E. Richmond Hwy, opp Sage Ln & Eskimo",VA
Stafford Technology Campus - Building 22,STACK INFRASTRUCTURE,Stafford,Fredericksburg,United States,"within E. Richmond Hwy, opp Sage Ln & Eskimo",VA
Stafford Technology Campus - Building 14,STACK INFRASTRUCTURE,Stafford,Fredericksburg,United States,"within E. Richmond Hwy, opp Sage Ln & Eskimo",VA
Stafford Technology Campus - Building 19,STACK INFRASTRUCTURE,Stafford,Fredericksburg,United States,"within E. Richmond Hwy, opp Sage Ln & Eskimo",VA
Stafford Technology Campus - Building 8,STACK INFRASTRUCTURE,Stafford,Fredericksburg,United States,"within E. Richmond Hwy, opp Sage Ln & Eskimo",VA
Stafford Technology Campus - Building 17,STACK INFRASTRUCTURE,Stafford,Fredericksburg,United States,"within E. Richmond Hwy, opp Sage Ln & Eskimo",VA
Stafford Technology Campus - Building 2,STACK INFRASTRUCTURE,Stafford,Fredericksburg,United States,"within E. Richmond Hwy, opp Sage Ln & Eskimo",VA
Stafford Technology Campus - Building 6,STACK INFRASTRUCTURE,Stafford,Fredericksburg,United States,"within E. Richmond Hwy, opp Sage Ln & Eskimo",VA
Stafford Technology Campus - Building 12,STACK INFRASTRUCTURE,Stafford,Fredericksburg,United States,"within E. Richmond Hwy, opp Sage Ln & Eskimo",VA
Stafford Technology Campus - Building 23,STACK INFRASTRUCTURE,Stafford,Fredericksburg,United States,"within E. Richmond Hwy, opp Sage Ln & Eskimo",VA
Stafford Technology Campus - Building 16,STACK INFRASTRUCTURE,Stafford,Fredericksburg,United States,"within E. Richmond Hwy, opp Sage Ln & Eskimo",VA
Stafford Technology Campus - Building 11,STACK INFRASTRUCTURE,Stafford,Fredericksburg,United States,"within E. Richmond Hwy, opp Sage Ln & Eskimo",VA
Stafford Technology Campus - Building 3,STACK INFRASTRUCTURE,Stafford,Fredericksburg,United States,"within E. Richmond Hwy, opp Sage Ln & Eskimo",VA
Stafford Technology Campus - Building 7,STACK INFRASTRUCTURE,Stafford,Fredericksburg,United States,"within E. Richmond Hwy, opp Sage Ln & Eskimo",VA
Stafford Technology Campus - Building 4,STACK INFRASTRUCTURE,Stafford,Fredericksburg,United States,"within E. Richmond Hwy, opp Sage Ln & Eskimo",VA
Stafford Technology Campus - Building 9,STACK INFRASTRUCTURE,Stafford,Fredericksburg,United States,"within E. Richmond Hwy, opp Sage Ln & Eskimo",VA
Stafford Technology Campus - Building 21,STACK INFRASTRUCTURE,Stafford,Fredericksburg,United States,"within E. Richmond Hwy, opp Sage Ln & Eskimo",VA
Stafford Technology Campus - Building 10,STACK INFRASTRUCTURE,Stafford,Fredericksburg,United States,"within E. Richmond Hwy, opp Sage Ln & Eskimo",VA
Stafford Technology Campus - Building 1,STACK INFRASTRUCTURE,Stafford,Fredericksburg,United States,"within E. Richmond Hwy, opp Sage Ln & Eskimo",VA
Solutrix Norfolk Square,"Solutrix, LLC",Norfolk,Norfolk,United States,within Near Norfolk Intl. Airport,VA
EdgeConneX Norfolk - EDCNOR01,EdgeConneX,Norfolk,Norfolk,United States,3800 Village Ave,VA
NAP of Virginia Beach,PointOne,Virginia Beach,Norfolk,United States,1893 Corporate Landing Pkwy,VA
Telxius Virginia Beach CLS,Telxius,Virginia Beach,Norfolk,United States,1900 Corporate Landing Pkwy,VA
Globalinx Portsmouth,Globalinx,Portsmouth,Norfolk,United States,700 Port Centre Pkwy,VA
Amazon AWS IAD - 2097 Harpers Rd,Amazon AWS,Virginia Beach,Norfolk,United States,2097 Harpers Rd,VA
ATI DC-1,ATI Solutions Inc.,Chantilly,Chantilly,United States,4227 Lafayette Center Drive,VA
H5 Data Centers Virginia,H5 Data Centers,Chantilly,Chantilly,United States,4050 Lafayette Center Dr,VA
Amazon AWS IAD - 4151 Auto Park Cir,Amazon AWS,Chantilly,Chantilly,United States,4151 Auto Park Cir,VA
Amazon AWS IAD - Virginia Mallory Campus,Amazon AWS,Chantilly,Chantilly,United States,3980 Mallory Dr,VA
Amazon AWS IAD - Clubber & Prediction Campus,Amazon AWS,Chantilly,Chantilly,United States,Clubber Ln / Prediction Ln,VA
Amazon AWS IAD - Westfax Campus,Amazon AWS,Chantilly,Chantilly,United States,4100 Westfax Dr,VA
Chantilly Premier,Unknown Company,Chantilly,Chantilly,United States,Lee Jackson Memorial Hwy & Stonecroft Blvd,VA
Amazon AWS IAD - 43701 Clubber,Amazon AWS,Chantilly,Chantilly,United States,43701 Clubber Ln,VA
Amazon AWS IAD - 25311 Prediction,Amazon AWS,Chantilly,Chantilly,United States,25311 Prediction Ln,VA
Amazon AWS - 44150 Wade Dr,Amazon AWS,Chantilly,Chantilly,United States,44150 Wade Dr,VA
Amazon AWS IAD - 43764 Clubber,Amazon AWS,Chantilly,Chantilly,United States,43764 Clubber Ln,VA
Amazon AWS IAD - 25316 Prediction,Amazon AWS,Chantilly,Chantilly,United States,25316 Prediction Ln,VA
Amazon AWS IAD - 4101 Westfax,Amazon AWS,Chantilly,Chantilly,United States,4101A Westfax Dr,VA
Amazon AWS IAD - 25020 Willard,Amazon AWS,Chantilly,Chantilly,United States,25020 Willard Rd,VA
3721 Stonecroft Boulevard,Starwood Digital Ventures,Chantilly,Chantilly,United States,3721 Stonecroft Blvd,VA
Amazon AWS IAD - 43920 Lone Cedar,Amazon AWS,Chantilly,Chantilly,United States,43920 Lone Cedar Ln,VA
Amazon AWS IAD - 4100 Westfax,Amazon AWS,Chantilly,Chantilly,United States,4100B Westfax Dr,VA
Amazon AWS IAD - 43736 Clubber,Amazon AWS,Chantilly,Chantilly,United States,43736 Clubber Ln,VA
IBM WDC01,IBM,Chantilly,Chantilly,United States,4030 Lafayette Center Drive,VA
Amazon AWS IAD - Virginia Mallory 3,Amazon AWS,Chantilly,Chantilly,United States,3980 Mallory Dr,VA
Amazon AWS IAD - Virginia Mallory 2,Amazon AWS,Chantilly,Chantilly,United States,3980 Mallory Dr,VA
Amazon AWS IAD - Virginia Mallory 1,Amazon AWS,Chantilly,Chantilly,United States,3980 Mallory Dr,VA
GDC - VA10 Data Center,"NTT DATA, Inc.",Gainesville,Gainesville,United States,John Marshall Highway / Daves Store Lane,FL
GDC - VA11 Data Center,"NTT DATA, Inc.",Gainesville,Gainesville,United States,John Marshall Highway / Daves Store Lane,FL
Corscale Gainesville - Bldg 1,Corscale,Gainesville,Gainesville,United States,13760 University Blvd,FL
Corscale Gainesville - Bldg 2,Corscale,Gainesville,Gainesville,United States,13760 University Blvd,FL
Corscale Gainesville Crossing,Corscale,Gainesville,Gainesville,United States,13760 University Blvd,FL
Amazon AWS IAD - John Marshall Campus,Amazon AWS,Haymarket,Gainesville,United States,15395-15475 John Marshall Hwy,FL
John Marshall Commons Tech Park,The BlackChamber Group,Gainesville,Gainesville,United States,Catharpin Road / John Marshall,FL
Corscale Gainesville - Bldg 3,Corscale,Gainesville,Gainesville,United States,13760 University Blvd,FL
Amazon AWS IAD - 719 Blackwell Road,Amazon AWS,Warrenton,Gainesville,United States,719 Blackwell Rd,FL
NTT Gainesville Campus,"NTT DATA, Inc.",Gainesville,Gainesville,United States,John Marshall Highway / Daves Store Lane,FL
GDC - VA12 Data Center,"NTT DATA, Inc.",Gainesville,Gainesville,United States,John Marshall Highway / Daves Store Lane,FL
Project Turbo,"Project Turbo, LLC",Gainesville,Gainesville,United States,2400 O'Kelly Rd,FL
NTT Gainesville VA13,"NTT DATA, Inc.",Gainesville,Gainesville,United States,John Marshall Highway / Daves Store Lane,FL
Amazon AWS IAD - 15435 John Marshall,Amazon AWS,Haymarket,Gainesville,United States,15435 John Marshall Hwy,FL
Amazon AWS IAD - 15465 John Marshall,Amazon AWS,Haymarket,Gainesville,United States,15465 John Marshall Hwy,FL
Corscale Gainesville - Bldg 4,Corscale,Gainesville,Gainesville,United States,13760 University Blvd,FL
Amazon AWS IAD - 5915 Wellington,Amazon AWS,Gainesville,Gainesville,United States,5915 Wellington Rd,FL
Amazon AWS IAD - 15395 John Marshall,Amazon AWS,Haymarket,Gainesville,United States,15395 John Marshall Hwy,FL
Corscale Gainesville - Bldg 5,Corscale,Gainesville,Gainesville,United States,13760 University Blvd,FL
Amazon AWS IAD - 15475 John Marshall,Amazon AWS,Haymarket,Gainesville,United States,15475 John Marshall Hwy,FL
Village Place Technology Park Campus,The BlackChamber Group,Gainesville,Gainesville,United States,John Marshall Hwy,FL
Project Turbo - Building C,"Project Turbo, LLC",Gainesville,Gainesville,United States,2400 O'Kelly Rd,FL
Project Turbo - Building A,"Project Turbo, LLC",Gainesville,Gainesville,United States,2400 O'Kelly Rd,FL
Project Turbo - Building B,"Project Turbo, LLC",Gainesville,Gainesville,United States,2400 O'Kelly Rd,FL
Microsoft - 13490 University Blvd,Microsoft,Gainesville,Gainesville,United States,13490 University Blvd,FL
Village Place Technology Park Bldg 2,The BlackChamber Group,Gainesville,Gainesville,United States,John Marshall Hwy,FL
Village Place Technology Park Bldg 4,The BlackChamber Group,Gainesville,Gainesville,United States,John Marshall Hwy,FL
Amazon AWS IAD - 15455 John Marshall,Amazon AWS,Haymarket,Gainesville,United States,15455 John Marshall Hwy,FL
Village Place Technology Park Bldg 1,The BlackChamber Group,Gainesville,Gainesville,United States,John Marshall Hwy,FL
Village Place Technology Park Bldg 3,The BlackChamber Group,Gainesville,Gainesville,United States,John Marshall Hwy,FL
Amazon AWS IAD - 15445 John Marshall,Amazon AWS,Haymarket,Gainesville,United States,15445 John Marshall Hwy,FL
STACK Infrastructure NVA02 Campus,STACK INFRASTRUCTURE,Bristow,Bristow,United States,Hornbaker Rd / Linton Hall Rd,VA
Microsoft - 8008 Devlin Rd,Microsoft,Bristow,Bristow,United States,8008 Devlin Rd,VA
Amazon AWS - Devlin Tech Park,Amazon AWS,Linton Hall,Bristow,United States,Linton Hall Rd & Devlin Rd,VA
STACK Infrastructure NVA02I,STACK INFRASTRUCTURE,Bristow,Bristow,United States,Linton Hall Rd,VA
STACK Infrastructure NVA02H,STACK INFRASTRUCTURE,Bristow,Bristow,United States,Linton Hall Rd,VA
Amazon AWS IAD - 5845 Wellington,Amazon AWS,Bristow,Bristow,United States,5845 Wellington Rd,VA
Amazon AWS IAD - 5945 Wellington,Amazon AWS,Bristow,Bristow,United States,5945 Wellington Rd,VA
STACK Infrastructure NVA02J,STACK INFRASTRUCTURE,Bristow,Bristow,United States,Linton Hall Rd,VA
STACK Infrastructure NVA02D,STACK INFRASTRUCTURE,Bristow,Bristow,United States,9590 Hornbaker Rd,VA
STACK Infrastructure NVA02B,STACK INFRASTRUCTURE,Bristow,Bristow,United States,9720 Hornbaker Rd,VA
STACK Infrastructure NVA02C,STACK INFRASTRUCTURE,Bristow,Bristow,United States,9730 Hornbaker Rd,VA
STACK Infrastructure NVA02E,STACK INFRASTRUCTURE,Bristow,Bristow,United States,9604 Hornbaker Rd,VA
STACK Infrastructure NVA02A,STACK INFRASTRUCTURE,Bristow,Bristow,United States,9750 Hornbaker Rd,VA
Hunter Trust,JK Land Holdings,Bristow,Bristow,United States,8613 Linton Hall Rd,VA
Google Prince William County Campus,Google,Bristow,Bristow,United States,Wellington Road & Piney Branch Lane,VA
Amazon AWS IAD - Wellington Campus (Bristow),Amazon AWS,Bristow,Bristow,United States,5845-5915 Wellington Rd,VA
Google Prince William County - Building 4,Google,Bristow,Bristow,United States,Wellington Road & Piney Branch Lane,VA
Google Prince William County - Building 1,Google,Bristow,Bristow,United States,Wellington Road & Piney Branch Lane,VA
Google Prince William County - Building 3,Google,Bristow,Bristow,United States,Wellington Road & Piney Branch Lane,VA
Google Prince William County - Building 2,Google,Bristow,Bristow,United States,Wellington Road & Piney Branch Lane,VA
Evocative IAD1,Evocative Data Centers,Reston,Reston,United States,1807 Michael Faraday Court,VA
Cogent Data Center - Buffalo,"Cogent Communications, Inc.",Buffalo,Buffalo,United States,271 Bristol St,NY
Blockfusion Niagara Falls,Blockfusion,Niagara Falls,Buffalo,United States,5380 Frontier Ave,NY
DigiPowerX North Tonawanda,DigiPower X Inc.,North Tonawanda,Buffalo,United States,1070 Erie Ave,NY
Niagara Digital Campus,Urbacon Data Centre Solutions,Niagara Falls,Buffalo,United States,Rainbow Blvd & John B Daly Blvd,NY
DigiPowerX Buffalo,DigiPower X Inc.,Buffalo,Buffalo,United States,1001 E Delavan Ave,NY
325 Delware Avenue,The Benchmark Group,Buffalo,Buffalo,United States,325 Delaware Avenue,NY
Lake Mariner Data - Building 5,TeraWulf,Barker,Buffalo,United States,7725 Lake Rd,NY
Lake Mariner Data - Building 6,TeraWulf,Barker,Buffalo,United States,7725 Lake Rd,NY
Stream DC Genesee County,Stream Data Centers,Alabama,Buffalo,United States,within STAMP,NY
350 Main Place,Main Place Liberty Group,Buffalo,Buffalo,United States,350 Main Street,NY
Lake Mariner Data,TeraWulf,Barker,Buffalo,United States,7725 Lake Rd,NY
Nexeon BUF1,Nexeon,Buffalo,Buffalo,United States,325 Delaware Ave,NY
Lake Mariner Data - Building 3,TeraWulf,Barker,Buffalo,United States,7725 Lake Rd,NY
Lake Mariner Data - Building 4,TeraWulf,Barker,Buffalo,United States,7725 Lake Rd,NY
Stream DC New York,Stream Data Centers,Alabama,Buffalo,United States,6840 Crosby Rd,NY
Lake Mariner Data - Building 2,TeraWulf,Barker,Buffalo,United States,7725 Lake Rd,NY
Lake Mariner Data - Building 1,TeraWulf,Barker,Buffalo,United States,7725 Lake Rd,NY
Core42 Lake Mariner Data Center,Core42 - G42 Company,Barker,Buffalo,United States,7725 Lake Rd,NY
"The Four Winds of Lake Erie, LLC",Unknown Company,Westfield,Buffalo,United States,7060 E Lake Rd,NY
Lumen Buffalo 1,Lumen,Buffalo,Buffalo,United States,240 Scott Street,NY
Lumen Buffalo 2,Lumen,Buffalo,Buffalo,United States,325 Delaware Avenue,NY
60 Hudson Street (JFK12),Digital Realty,New York,New York,United States,60 Hudson Street,NY
111 Eight Avenue (JFK10),Digital Realty,New York,New York,United States,111 8th Avenue,NY
701 Union Boulevard (EWR15),Digital Realty,Totowa,New York,United States,701 Union Blvd,NY
703 Union Boulevard (EWR16),Digital Realty,Totowa,New York,United States,703 Union Blvd,NY
Hivelocity - New York 1,Hivelocity,Staten Island,New York,United States,7 Teleport Drive,NY
NYI - QTD1,QTD Systems,New York,New York,United States,60 Hudson Street,NY
DataBank LGA1 - Downtown New York City,DataBank,New York,New York,United States,60 Hudson St,NY
Opti9 NY1,Opti9 Technology,Garden City,New York,United States,501 Franklin Ave,NY
325 Hudson,325 Hudson,New York,New York,United States,325 Hudson,NY
1 Ramland,1547 Critical Systems Realty,Orangeburg,New York,United States,1 Ramland Rd,NY
Cogent Data Center - New York,"Cogent Communications, Inc.",New York,New York,United States,25 Broadway,NY
Hudson InterXchange,Hudson InterXchange,New York,New York,United States,60 Hudson Street,NY
365 Data Centers - New York 2,365 Data Centers,New York,New York,United States,325 Hudson St,NY
TELEHOUSE New York Chelsea,Telehouse America,New York,New York,United States,85 10th Avenue,NY
TELEHOUSE New York Teleport,Telehouse America,New York,New York,United States,7 Teleport Drive,NY
DataBank LGA2 - Downtown New York City,DataBank,Manhattan,New York,United States,111 8th Ave,NY
Delimiter Commack Data Center,Delimiter Corp,Commack,New York,United States,500 Commack Rd,NY
NYI - New York,QTD Systems,New York,New York,United States,100 William Street,NY
Crown Castle New York (NY1),CROWN CASTLE,New York City,New York,United States,111 8th Ave,NY
365 Data Centers - New York 1,365 Data Centers,New York,New York,United States,65 Broadway,NY
Equinix NY9,Equinix,New York,New York,United States,111 8th Avenue,NY
Epsilon Global Hubs - New York,Epsilon,New York,New York,United States,60 Hudson Street,NY
DataBank Orangeburg Campus,DataBank,Orangeburg,New York,United States,2000 Corporate Dr,NY
Dataverge NY,DataVerge,Brooklyn,New York,United States,882 3rd Ave,NY
111 Eight Avenue,Google,New York,New York,United States,111 8th Avenue,NY
Lunavi Orangeburg,Lunavi,Orangeburg,New York,United States,1 Ramland Rd,NY
365 Data Centers - New York 3,365 Data Centers,New York,New York,United States,121 Varick St.,NY
Speedcast NY,Speedcast International Ltd.,Hauppauge,New York,United States,45 Oser Avenue,NY
ColoHouse New York,ColoHouse,Orangeburg,New York,United States,1 Ramland Road,NY
DataBank LGA3 - Orangeburg,DataBank,Orangeburg,New York,United States,2000 Corporate Dr,NY
DataBank LGA4 - Orangeburg,DataBank,Orangeburg,New York,United States,2000 Corporate Dr,NY
NewBridge Brooklyn,NewBridge,Brooklyn,New York,United States,927 McDonald Ave,NY
H5 Data Centers New York,H5 Data Centers,New York,New York,United States,325 Hudson St,NY
CoreSite New York (NY1),CoreSite,New York,New York,United States,32 Avenue of the Americas,NY
75 Broad Street,JEMB Realty Inc.,New York,New York,United States,75 Broad Street,NY
Cogent Data Center - Hackensack,"Cogent Communications, Inc.",Hackensack,New York,United States,280 State St,NY
Evocative JFK2,Evocative Data Centers,Chappaqua,New York,United States,480 N Bedford Rd,NY
365 Data Centers - New York 4,365 Data Centers,New York,New York,United States,32 6th Ave,NY
Lumen New York 2,Lumen,New York,New York,United States,601 W 26th,NY
121 Varick St,121 Varick Street Corp.,New York,New York,United States,121 Varick St,NY
Csquare - New York EWR3-B,Csquare,Piscataway,New York,United States,365 S Randolphville,NY
Sentinel NY-1,Sentinel Datacenters,Orangeburg,New York,United States,155 Corporate Dr,NY
Metanet Staten Island,"Metanet, Inc.",Staten Island,New York,United States,7 Teleport Dr,NY
AT&T New York,AT&T,New York,New York,United States,811 10th Avenue,NY
CherryRoad NYC3,CherryRoad Technologies,Manhattan,New York,United States,375 Pearl Street,NY
Blue Hill Plaza,Blue Hill Data Services,Pearl River,New York,United States,2 Blue Hill Plaza,NY
Metanet Chelsea,"Metanet, Inc.",New York,New York,United States,85 10th Ave,NY
The Starrett-Lehigh Building,Windstream,New York,New York,United States,601 W 26th Street,NY
EXA DC New York,EXA Infrastructure,New York,New York,United States,60 Hudson Street,NY
Lumen New York 1,Lumen,New York,New York,United States,111 8th Avenue,NY
Crown Castle New York - 60 Hudson St,CROWN CASTLE,New York,New York,United States,60 Hudson St,NY
TeliaSonera NYKEC,Telia Company,New York,New York,United States,111 8th Avenue,NY
AT&T Secaucus,AT&T,Secaucus,New York,United States,15 Enterprise Ave N,NY
NaviSite New York,"NaviSite, Inc.",New York,New York,United States,395 Hudson St,NY
LG Networks NYC Node,Lumen,New York,New York,United States,150 Varick Street,NY
Tata Communications New York,Tata Communications,New York,New York,United States,32 6th Ave,NY
TELEHOUSE Briad Financial Center,Telehouse America,New York,New York,United States,33 Whitehall Street,NY
Metanet New York,"Metanet, Inc.",New York,New York,United States,111 8th Avenue,NY
RochesterColo.com - Rochester / Pittsford NY Data Center,"Rochester Colo, LLC",Pittsford,Rochester,United States,1100 Pittsford Victor Road,NY
Lumen Rochester 1,Lumen,Rochester,Rochester,United States,1 W Main St,NY
Lumen Gates,Lumen,Gates,Rochester,United States,150 Mile Crossing Blvd,NY
DotBlock.Com,DotBlock DataCenter,Clifton Park,Albany,United States,21 Corporate Dr,NY
Cogent Data Center - Albany,"Cogent Communications, Inc.",Glenmont,Albany,United States,89 Hannay Ln,NY
INOC ALB3,INOC Data Centers,Albany,Albany,United States,4 Tower Place,NY
INOC ALB1,INOC Data Centers,Albany,Albany,United States,80 State Street,NY
ColoHouse Albany,ColoHouse,Latham,Albany,United States,175 Old Loudon Road,NY
Windstream Albany,Windstream,Albany,Albany,United States,11 North Pearl Street,NY
Lumen Albany 3,Lumen,Albany,Albany,United States,11 North Pearl Street,NY
194 Washington Avenue,Unknown Company,Albany,Albany,United States,194 Washington Avenue,NY
80 State Street,Unknown Company,Albany,Albany,United States,80 State Street,NY
Crown Castle Albany,CROWN CASTLE,Albany,Albany,United States,80 State St,NY
Lumen Albany 1,Lumen,Albany,Albany,United States,316 North Pearl Street,NY
Lumen Albany 2,Lumen,Albany,Albany,United States,194 Washington Avenue,NY
Lumen Albany 4,Lumen,Colonie,Albany,United States,10 Airline Dr,NY
Hivelocity - Seattle 1,Hivelocity,Seattle,Seattle,United States,2001 6th Ave,WA
2020 5th Avenue (SEA11),Digital Realty,Seattle,Seattle,United States,2020 5th Avenue,WA
Csquare - Seattle SEA3-A,Csquare,Lynnwood,Seattle,United States,17300 Hwy 99,WA
Superb SEA2 - Seattle,HopOne Internet,Seattle,Seattle,United States,3311 S. 120th Pl.,WA
SDC Seattle Campus,Sabey Data Center Properties LLC,Tukwila,Seattle,United States,3355 35th Ave S,WA
DataBank SEA1 - Downtown Seattle,DataBank,Seattle,Seattle,United States,2001 6th Ave,WA
DataBank SEA2 - SeaTAC,DataBank,Tukwila,Seattle,United States,3311 S 120th Pl,WA
Lunavi Seattle,Lunavi,Seattle,Seattle,United States,2001 6th Avenue,WA
Colocation Northwest - Downtown Seattle,Colocation NorthWest,Seattle,Seattle,United States,2001 6th Ave,WA
Csquare - Seattle SEA1-B,Csquare,Seattle,Seattle,United States,3355 S 120th Pl,WA
Colocation Northwest - Redmond,Colocation NorthWest,Redmond,Seattle,United States,2520 152nd Ave NE,WA
CherryRoad SEA2,CherryRoad Technologies,Tukwila,Seattle,United States,3311 South 120th Place,WA
Cogent Data Center - Seattle,"Cogent Communications, Inc.",Federal Way,Seattle,United States,32275 32nd Ave. S.,WA
Pacific Internet North Datacenter,Pacific Internet,Bothell,Seattle,United States,Canyon Park,WA
LeaseWeb Seattle SEA-11,LeaseWeb,Tukwila,Seattle,United States,12101 Tukwila International Blvd,WA
Wowrack Tukwila,Wowrack,Tukwila,Seattle,United States,12201 Tukwila International Blvd,WA
Csquare - Seattle SEA2-A,Csquare,Tukwila,Seattle,United States,6101 S 180th St,WA
ColoInSeattle.com,ColoInSeattle.com,Seattle,Seattle,United States,12201 Tukwila International Blvd,WA
Csquare - Seattle SEA1-A,Csquare,Tukwila,Seattle,United States,12301 Tukwila International Blvd,WA
Pacific Internet South Datacenter,Pacific Internet,Tukwila,Seattle,United States,1300 SW 7th St,WA
Semaphore Seattle,Semaphore Corporation,Seattle,Seattle,United States,2001 6th Avenue,WA
KOMO Plaza,GI Property Management,Seattle,Seattle,United States,140 4th Avenue North,WA
1505 5th,Colliers International,Seattle,Seattle,United States,1505 5th Ave,WA
DataBank - 12201 Tukwila Intl Blvd,DataBank,Tukwila,Seattle,United States,12201 Tukwila Intl Blvd,WA
Evocative - INAP Seattle,Evocative Data Centers,Seattle,Seattle,United States,3555 S 120th Place,WA
Astute Hosting Seattle,Astute Hosting Incorporated,Seattle,Seattle,United States,2001 6th Ave,WA
Seattle Colocation,Seattle Colocation,Seattle,Seattle,United States,2001 6th Ave,WA
ColoCenters,"ColoCenters, Inc.",Seattle,Seattle,United States,2001 6th Ave,WA
Optic Fusion - Westin,"Optic Fusion, Inc.",Seattle,Seattle,United States,2001 6th Ave,WA
Lumen Bothell,Lumen,Bothell,Seattle,United States,22722 29th Drive SE,WA
Hostrunway Seattle,Hostrunway,98168 Seattle,Seattle,United States,"12201 Tukwila International Blvd #100, Tukwila",WA
Lumen Seattle,Lumen,Seattle,Seattle,United States,1000 Denny Way,WA
Wowrack Seattle,Wowrack,Seattle,Seattle,United States,2001 Sixth Avenue,WA
IBM SEA01,IBM,Seattle,Seattle,United States,3355 South 120th Place,WA
Verizon Seattle,Verizon Communications Inc.,Seattle,Seattle,United States,1100 2nd Ave,WA
SDC Seattle - Building A,Sabey Data Center Properties LLC,Tukwila,Seattle,United States,3411 S 120th Pl,WA
SDC Seattle - Building E,Sabey Data Center Properties LLC,Tukwila,Seattle,United States,3355 35th Ave S,WA
Lumen Seattle 1,Lumen,Seattle,Seattle,United States,1505 5th Avenue,WA
SDC Seattle - Building C,Sabey Data Center Properties LLC,Tukwila,Seattle,United States,3333 S 120th Pl,WA
SDC Seattle - Building B,Sabey Data Center Properties LLC,Tukwila,Seattle,United States,3311 S 120th Pl,WA
SDC Seattle - Building D,Sabey Data Center Properties LLC,Tukwila,Seattle,United States,3433 S 120th Pl,WA
250 Williams St NW (ATL14),Digital Realty,Atlanta,Atlanta,United States,250 Williams Street NW,GA
101 Aquila Way (ATL11),Digital Realty,Austell,Atlanta,United States,101 Aquila Way,GA
Hivelocity - Atlanta 2,Hivelocity,Atlanta,Atlanta,United States,250 Williams Street NW,GA
Flexential Atlanta - Douglasville 1 Data Center,Flexential,Douglasville,Atlanta,United States,1700 N. River Rd,GA
10 Forsyth Street NW,Digital Realty,Atlanta,Atlanta,United States,10 Forsyth St NW,GA
Flexential Atlanta - Douglasville 2 Data Center,Flexential,Douglasville,Atlanta,United States,1750 N. River Rd.,GA
Fort Gillem (ATL16),Digital Realty,Forest Park,Atlanta,United States,within the former Fort Gillem property,GA
Fort Gillem (ATL15),Digital Realty,Forest Park,Atlanta,United States,within the former Fort Gillem property,GA
Csquare - Atlanta ATL1-D,Csquare,Lithia Springs,Atlanta,United States,375 Riverside Pkwy,GA
CoreSite Atlanta (AT2),CoreSite,Marietta,Atlanta,United States,1130 Powers Ferry Place,GA
Csquare - Atlanta ATL1-A,Csquare,Lithia Springs,Atlanta,United States,375 Riverside Parkway,GA
T5 Data Centers - T5@Atlanta 1,T5 Data Centers,Lithia Springs,Atlanta,United States,1456 Trae Ln,GA
365 Data Centers - Smyrna,365 Data Centers,Smyrna,Atlanta,United States,5600 United Drive,GA
CleanSpark College Park,CleanSpark,College Park,Atlanta,United States,2380 Godby Rd,GA
QTS Suwanee 1 DC1,QTS Data Centers,Suwanee,Atlanta,United States,300 Satellite Blvd,GA
Evocative ATL1,Evocative Data Centers,Atlanta,Atlanta,United States,250 Williams Street,GA
CoreSite Atlanta (AT1),CoreSite,Atlanta,Atlanta,United States,55 Marietta Street NW,GA
QTS Suwanee 1 DC2,QTS Data Centers,Suwanee,Atlanta,United States,120 Satellite Boulevard,GA
JMF IXP Farm Columbus,JMF Solutions Inc,Columbus,Atlanta,United States,8 Corporate Ridge pkwy,GA
Cyber Wurx LLC,Cyber Wurx LLC,Atlanta,Atlanta,United States,55 Marietta Street,GA
QTS Atlanta 1 DC1,QTS Data Centers,Atlanta,Atlanta,United States,1025 Jefferson Street NW,GA
Data Canopy - Atlanta,Data Canopy,Lithia Springs,Atlanta,United States,2480 Rock House Rd,GA
T5 Data Centers - T5@Atlanta Campus,T5 Data Centers,Lithia Springs,Atlanta,United States,1456 Trae Ln,GA
DataBank ATL5 - Lithia Springs,DataBank,Lithia Springs,Atlanta,United States,4764 Bakers Ferry Rd SW,GA
4905 North Point Pkwy,Lincoln Property Company,Alpharetta,Atlanta,United States,4905 North Point Pkwy,GA
DataBank ATL4 - South Fulton,DataBank,South Fulton,Atlanta,United States,200 Selig Dr SW,GA
Lunavi Atlanta,Lunavi,Atlanta,Atlanta,United States,180 Peachtree Street,GA
T5 Data Centers - T5@Atlanta 4,T5 Data Centers,Lithia Springs,Atlanta,United States,1456 Trae Ln,GA
T5 Data Centers - T5@Atlanta 3,T5 Data Centers,Lithia Springs,Atlanta,United States,1456 Trae Ln,GA
STACK Infrastructure ATL01B,STACK INFRASTRUCTURE,Alpharetta,Atlanta,United States,3200 Webb Bridge Rd,GA
Microsoft Douglasville Campus,Microsoft,Lithia Springs,Atlanta,United States,1601 N River Rd,GA
T5 Data Centers - T5@Atlanta 2,T5 Data Centers,Lithia Springs,Atlanta,United States,1456 Trae Ln,GA
T5 Data Centers - T5@Atlanta 5,T5 Data Centers,Lithia Springs,Atlanta,United States,1456 Trae Ln,GA
CleanSpark Norcross,CleanSpark,Norcross,Atlanta,United States,5295 Brook Hollow Pkwy,GA
Edged Atlanta ATL1,Edged Energy,Atlanta,Atlanta,United States,1800 Tilford Yard,GA
Edged Atlanta ATL2,Edged Energy,Atlanta,Atlanta,United States,1800 Tilford Yard,GA
Edged Atlanta ATL3,Edged Energy,Atlanta,Atlanta,United States,1800 Tilford Yard,GA
Intero Systems Data Center,Intero Systems,College Park,Atlanta,United States,1800 Phoenix Blvd,GA
DC BLOX Atlanta West,DC BLOX Inc.,Lithia Springs,Atlanta,United States,1701 North River Road,GA
Edged Atlanta Campus,Edged Energy,Atlanta,Atlanta,United States,1800 Tilford Yard,GA
CloudFirst Atlanta Data Center 2,CloudFirst,Atlanta,Atlanta,United States,34 Peachtree St NW,GA
QTS Atlanta-Metro DC 1,QTS Data Centers,Atlanta,Atlanta,United States,1033 Jefferson St,GA
STACK Infrastructure ATL01A,STACK INFRASTRUCTURE,Alpharetta,Atlanta,United States,3200 Webb Bridge Rd,GA
DC BLOX Atlanta East,DC BLOX Inc.,Conyers,Atlanta,United States,1726 Farmer Road,GA
Volico Atlanta,Volico Data Center,Atlanta,Atlanta,United States,55 Marietta St,GA
QTS Atlanta-Fayetteville DC9,QTS Data Centers,Fayetteville,Atlanta,United States,1435 Hwy 54 W,GA
Microsoft Douglasville - Building 4,Microsoft,Lithia Springs,Atlanta,United States,1601 N River Rd,GA
QTS Atlanta-Fayetteville DC5,QTS Data Centers,Fayetteville,Atlanta,United States,1435 Hwy 54 W,GA
QTS Atlanta-Fayetteville DC1,QTS Data Centers,Fayetteville,Atlanta,United States,1435 Hwy 54 W,GA
QTS Atlanta-Fayetteville DC11,QTS Data Centers,Fayetteville,Atlanta,United States,1435 Hwy 54 W,GA
PwC Lithia Springs,PwC,Lithia Springs,Atlanta,United States,2480 Rock House Rd,GA
QTS Atlanta-Fayetteville DC13,QTS Data Centers,Fayetteville,Atlanta,United States,1435 Hwy 54 W,GA
QTS Atlanta-Fayetteville DC14,QTS Data Centers,Fayetteville,Atlanta,United States,1435 Hwy 54 W,GA
QTS Atlanta-Fayetteville DC10,QTS Data Centers,Fayetteville,Atlanta,United States,1435 Hwy 54 W,GA
QTS Atlanta-Fayetteville DC2,QTS Data Centers,Fayetteville,Atlanta,United States,1435 Hwy 54 W,GA
Prologis Project Sail,Prologis,Sargent,Atlanta,United States,Welcome To Sargent Rd & Wagers Mill Rd,GA
QTS Atlanta-Fayetteville DC8,QTS Data Centers,Fayetteville,Atlanta,United States,1435 Hwy 54 W,GA
Microsoft Douglasville - Building 3,Microsoft,Lithia Springs,Atlanta,United States,1601 N River Rd,GA
QTS Atlanta-Fayetteville DC4,QTS Data Centers,Fayetteville,Atlanta,United States,1435 Hwy 54 W,GA
QTS Atlanta-Fayetteville DC15,QTS Data Centers,Fayetteville,Atlanta,United States,1435 Hwy 54 W,GA
STACK Infrastructure ATL02,STACK INFRASTRUCTURE,Lithia Springs,Atlanta,United States,808 Factory Shoals Rd,GA
QTS Atlanta-Fayetteville,QTS Data Centers,Fayetteville,Atlanta,United States,1435 Hwy 54 W,GA
QTS Atlanta-Fayetteville DC6,QTS Data Centers,Fayetteville,Atlanta,United States,1435 Hwy 54 W,GA
Coloblox Marietta Data Center,Coloblox,Atlanta,Atlanta,United States,2812 Spring Rd SE,GA
Microsoft Douglasville - Building 1,Microsoft,Lithia Springs,Atlanta,United States,1601 N River Rd,GA
QTS Atlanta-Fayetteville DC7,QTS Data Centers,Fayetteville,Atlanta,United States,1435 Hwy 54 W,GA
Microsoft Douglasville - Building 2,Microsoft,Lithia Springs,Atlanta,United States,1601 N River Rd,GA
QTS Atlanta-Fayetteville DC3,QTS Data Centers,Fayetteville,Atlanta,United States,1435 Hwy 54 W,GA
CloudFirst Atlanta Data Center 1,CloudFirst,Atlanta,Atlanta,United States,55 Marietta,GA
Windstream Atlanta,Windstream,Atlanta,Atlanta,United States,1593 NE Expressway,GA
The Crossings Campus,Link Logistics,Union City,Atlanta,United States,Evans Dr & Westbrook Rd,GA
Douglas Waldrop,Trammell Crow Company,Winston,Atlanta,United States,2912 Post Rd,GA
Microsoft Project Rita Campus,Microsoft,Tyrone,Atlanta,United States,1960-2044 Georgia State Route 74,GA
Switch The KEEP Campus - Building 1,Switch,Lithia Springs,Atlanta,United States,1 Switch Way,GA
Project Bunkhouse,Unknown Company,Taylorsville,Atlanta,United States,Taff Road,GA
Project Sassy,Atlas Development LLC,Rome,Atlanta,United States,Plainville Road NE & Hwy 53,GA
Serverfarm Atlanta Data Center ATL2,Serverfarm,Covington,Atlanta,United States,10835 Hazelbrand Rd NE,GA
Amazon AWS - Legacy 75 Trade Center,Amazon AWS,Barnesville,Atlanta,United States,Interstate 75 & Highfalls Park Rd,GA
QTS Suwanee 1 Campus,QTS Data Centers,Suwanee,Atlanta,United States,300 Satellite Blvd NW,GA
Ardent Georgia,Ardent Data Centers,Maysville,Atlanta,United States,"within Maysville, 70 miles northeast of Atlanta",GA
Microsoft Union City - Building 1,Microsoft,Union City,Atlanta,United States,4810 Stonewall Tell Rd,GA
Microsoft Union City Campus,Microsoft,Union City,Atlanta,United States,4810 Stonewall Tell Rd,GA
QTS Atlanta-Fayetteville DC16,QTS Data Centers,Fayetteville,Atlanta,United States,Veterans Pkwy,GA
Amazon AWS - Rock House Road,Amazon AWS,Lithia Springs,Atlanta,United States,2335 Echo Rd,GA
T5 Data Centers - T5@Atlanta IV,T5 Data Centers,Fairburn,Atlanta,United States,"within Gullatt Road, Fairburn, Georgia",GA
Amazon AWS - 2250 Rockhouse Rd,Amazon AWS,Lithia Springs,Atlanta,United States,2250 Rock House Rd,GA
Vantage Westlake,Vantage Data Centers,South Fulton,Atlanta,United States,Plummer Rd SW & Riverside Dr SW,GA
Vantage College Park,Vantage Data Centers,College Park,Atlanta,United States,4380 Stacks Rd,GA
Meta Stanton Springs Campus,Meta,Social Circle,Atlanta,United States,100 Move Fast Way,GA
Microsoft Union City - Building 3,Microsoft,Union City,Atlanta,United States,4810 Stonewall Tell Rd,GA
Microsoft Union City - Building 2,Microsoft,Union City,Atlanta,United States,4810 Stonewall Tell Rd,GA
Google Douglas County Campus,Google,Lithia Springs,Atlanta,United States,300 Riverside Pkwy,GA
Amazon AWS - 7800 W Strickland St,Amazon AWS,Douglasville,Atlanta,United States,7800 W Strickland St,GA
Microsoft Palmetto,Microsoft,Palmetto,Atlanta,United States,8527 Williams Rd,GA
Lumen College Park,Lumen,College Park,Atlanta,United States,4311 Best Rd,GA
Project Gracie,Atlas Development LLC,Rome,Atlanta,United States,Vann Rd NW,GA
Gregory Road Data Center,Unknown Company,Covington,Atlanta,United States,Gregory Road,GA
Wallace Jackson Data Center Campus,Unknown Company,Griffin,Atlanta,United States,Jackson Rd & Wallace Rd,GA
TA Realty ATL03,TA Realty,Union City,Atlanta,United States,7170 Red Oak Rd,GA
Switch Atlanta North - The KEEP 2.0,Switch,Cartersville,Atlanta,United States,151 Etowah Ridge Trail SE,GA
Spalding Investments LLC,Unknown Company,Griffin,Atlanta,United States,High Falls Rd & South McDonough Rd,GA
Avemore Data Park,Atlas Development LLC,Villa Rica,Atlanta,United States,55-63 Goldworth Rd,GA
TA Realty - 4350 E Tanners Church,TA Realty,Ellenwood,Atlanta,United States,4350 E Tanners Church Rd,GA
Southern Telecom Atlanta,Southern Telecom,Atlanta,Atlanta,United States,270 Peachtree St,GA
Lumen Atlanta,Lumen,Atlanta,Atlanta,United States,345 Courtland St NE,GA
GrindCap Marietta DC-2,Grind Capital Group,Marietta,Atlanta,United States,1751 Bells Ferry Rd,GA
GrindCap Marietta DC-1,Grind Capital Group,Marietta,Atlanta,United States,1751 Bells Ferry Rd,GA
Bolingbroke Technology Campus,"Bolingbroke Technology Center, LLC",Macon,Atlanta,United States,US Highway 41 & I-475,GA
Microsoft East Point Campus,Microsoft,Atlanta,Atlanta,United States,4165 Ben Hill Rd,GA
Microsoft Project Rita - Building 2,Microsoft,Tyrone,Atlanta,United States,1960 Georgia State Route 74,GA
GrindCap Marietta Campus,Grind Capital Group,Marietta,Atlanta,United States,1751 Bells Ferry Rd,GA
Microsoft Project Rita - Building 1,Microsoft,Tyrone,Atlanta,United States,2044 Georgia State Route 74,GA
QTS Atlanta-Fayetteville DC12,QTS Data Centers,Fayetteville,Atlanta,United States,1435 Hwy 54 W,GA
Lumen Atlanta 2,Lumen,Atlanta,Atlanta,United States,"180 Peachtree St., N.W.",GA
Lumen Atlanta 5,Lumen,Atlanta,Atlanta,United States,953 Donnelly Ave SW,GA
Lumen Doraville 1,Lumen,Atlanta,Atlanta,United States,6855 Cresecent Drive,GA
Lumen Atlanta 6,Lumen,Atlanta,Atlanta,United States,874 Dekalb Avenue,GA
Verizon Atlanta,Verizon Communications Inc.,Smyrna,Atlanta,United States,4000 Highland Parkway SE,GA
Henderson Farms Campus DC1,Southeast Property Holdings LLC,Hampton,Atlanta,United States,McDonough Hampton Rd,GA
Bolingbroke Technology Campus - Bldg 5,"Bolingbroke Technology Center, LLC",Macon,Atlanta,United States,US Highway 41 & I-475,GA
Bolingbroke Technology Campus - Bldg 8,"Bolingbroke Technology Center, LLC",Macon,Atlanta,United States,US Highway 41 & I-475,GA
Bolingbroke Technology Campus - Bldg 2,"Bolingbroke Technology Center, LLC",Macon,Atlanta,United States,US Highway 41 & I-475,GA
Bolingbroke Technology Campus - Bldg 4,"Bolingbroke Technology Center, LLC",Macon,Atlanta,United States,US Highway 41 & I-475,GA
Bolingbroke Technology Campus - Bldg 3,"Bolingbroke Technology Center, LLC",Macon,Atlanta,United States,US Highway 41 & I-475,GA
Bolingbroke Technology Campus - Bldg 6,"Bolingbroke Technology Center, LLC",Macon,Atlanta,United States,US Highway 41 & I-475,GA
Bolingbroke Technology Campus - Bldg 9,"Bolingbroke Technology Center, LLC",Macon,Atlanta,United States,US Highway 41 & I-475,GA
Bolingbroke Technology Campus - Bldg 7,"Bolingbroke Technology Center, LLC",Macon,Atlanta,United States,US Highway 41 & I-475,GA
Henderson Farms Campus DC3,Southeast Property Holdings LLC,Hampton,Atlanta,United States,McDonough Hampton Rd,GA
Henderson Farms Campus DC2,Southeast Property Holdings LLC,Hampton,Atlanta,United States,McDonough Hampton Rd,GA
Bolingbroke Technology Campus - Bldg 1,"Bolingbroke Technology Center, LLC",Macon,Atlanta,United States,US Highway 41 & I-475,GA
Meta Stanton Springs - Building 3,Meta,Social Circle,Atlanta,United States,100 Move Fast Way,GA
Microsoft East Point (ATL06),Microsoft,Atlanta,Atlanta,United States,4165 Ben Hill Rd,GA
American Tower EDC Atlanta,American Tower Corporation,Atlanta,Atlanta,United States,2374 Fairburn Road Southwest,GA
STACK Infrastructure ATL01 Campus,STACK INFRASTRUCTURE,Alpharetta,Atlanta,United States,3200 Webb Bridge Rd,GA
Google Douglas County Data Center 2,Google,Lithia Springs,Atlanta,United States,300 Riverside Pkwy,GA
Meta Stanton Springs - Building 1,Meta,Social Circle,Atlanta,United States,100 Move Fast Way,GA
Meta Stanton Springs - Building 5,Meta,Social Circle,Atlanta,United States,100 Move Fast Way,GA
Google Douglas County Data Center 1,Google,Lithia Springs,Atlanta,United States,300 Riverside Pkwy,GA
Microsoft East Point (ATL07),Microsoft,Atlanta,Atlanta,United States,4165 Ben Hill Rd,GA
Meta Stanton Springs - Building 2,Meta,Social Circle,Atlanta,United States,100 Move Fast Way,GA
Meta Stanton Springs - Building 4,Meta,Social Circle,Atlanta,United States,100 Move Fast Way,GA
Henderson Farms Campus,Southeast Property Holdings LLC,Hampton,Atlanta,United States,McDonough Hampton Rd,GA
Switch The KEEP Campus - Building 2,Switch,Lithia Springs,Atlanta,United States,1 Switch Way,GA
Project Springbank Campus,Atlas Development LLC,Adairsville,Atlanta,United States,Barnsley Gardens Rd,GA
Project Springbank DC6,Atlas Development LLC,Adairsville,Atlanta,United States,Barnsley Gardens Rd,GA
Project Springbank DC5,Atlas Development LLC,Adairsville,Atlanta,United States,Barnsley Gardens Rd,GA
Switch The KEEP Campus - Building 3,Switch,Lithia Springs,Atlanta,United States,1 Switch Way,GA
Switch The KEEP Campus - Building 4,Switch,Lithia Springs,Atlanta,United States,1 Switch Way,GA
Project Springbank DC2,Atlas Development LLC,Adairsville,Atlanta,United States,Barnsley Gardens Rd,GA
Project Springbank DC1,Atlas Development LLC,Adairsville,Atlanta,United States,Barnsley Gardens Rd,GA
Project Springbank DC4,Atlas Development LLC,Adairsville,Atlanta,United States,Barnsley Gardens Rd,GA
Switch Atlanta - The KEEP Campus,Switch,Lithia Springs,Atlanta,United States,1 Switch Way,GA
Project Springbank DC3,Atlas Development LLC,Adairsville,Atlanta,United States,Barnsley Gardens Rd,GA
White Oak Technology Park,Trammell Crow Company,Appling,Augusta,United States,Innovation Pkwy / Morris Callaway Road,GA
Project Azalea,"Project Turbo, LLC",Thomson,Augusta,United States,2660-2358 Randall Hunt Rd,GA
QTS Augusta Campus,QTS Data Centers,Augusta,Augusta,United States,Gordon Hwy,GA
QTS Augusta DC4,QTS Data Centers,Augusta,Augusta,United States,Gordon Hwy,GA
QTS Augusta DC3,QTS Data Centers,Augusta,Augusta,United States,Gordon Hwy,GA
Pumpkin Technology Campus DC1,Cloverleaf Infrastructure,Harlem,Augusta,United States,Wrightsboro Rd & Appling Harlem Rd,GA
QTS Augusta DC1,QTS Data Centers,Augusta,Augusta,United States,Gordon Hwy,GA
Pumpkin Technology Campus DC4,Cloverleaf Infrastructure,Harlem,Augusta,United States,Wrightsboro Rd & Appling Harlem Rd,GA
QTS Augusta DC5,QTS Data Centers,Augusta,Augusta,United States,Gordon Hwy,GA
QTS Augusta DC2,QTS Data Centers,Augusta,Augusta,United States,Gordon Hwy,GA
Pumpkin Technology Campus,Cloverleaf Infrastructure,Harlem,Augusta,United States,Wrightsboro Rd & Appling Harlem Rd,GA
Pumpkin Technology Campus DC3,Cloverleaf Infrastructure,Harlem,Augusta,United States,Wrightsboro Rd & Appling Harlem Rd,GA
QTS Augusta DC6,QTS Data Centers,Augusta,Augusta,United States,Gordon Hwy,GA
Pumpkin Technology Campus DC2,Cloverleaf Infrastructure,Harlem,Augusta,United States,Wrightsboro Rd & Appling Harlem Rd,GA
Byrd Farms Technology Campus DC10,Byrd Farms LLC,Appling,Augusta,United States,Lonergan Hulme Rd & Nature's Way,GA
Byrd Farms Technology Campus DC16,Byrd Farms LLC,Appling,Augusta,United States,Lonergan Hulme Rd & Nature's Way,GA
Byrd Farms Technology Campus DC12,Byrd Farms LLC,Appling,Augusta,United States,Lonergan Hulme Rd & Nature's Way,GA
Byrd Farms Technology Campus DC14,Byrd Farms LLC,Appling,Augusta,United States,Lonergan Hulme Rd & Nature's Way,GA
Project Azalea - Building F,"Project Turbo, LLC",Thomson,Augusta,United States,2660-2358 Randall Hunt Rd,GA
Byrd Farms Technology Campus DC2,Byrd Farms LLC,Appling,Augusta,United States,Lonergan Hulme Rd & Nature's Way,GA
Byrd Farms Technology Campus DC6,Byrd Farms LLC,Appling,Augusta,United States,Lonergan Hulme Rd & Nature's Way,GA
Byrd Farms Technology Campus DC8,Byrd Farms LLC,Appling,Augusta,United States,Lonergan Hulme Rd & Nature's Way,GA
Byrd Farms Technology Campus DC15,Byrd Farms LLC,Appling,Augusta,United States,Lonergan Hulme Rd & Nature's Way,GA
Byrd Farms Technology Campus DC17,Byrd Farms LLC,Appling,Augusta,United States,Lonergan Hulme Rd & Nature's Way,GA
Byrd Farms Technology Campus DC7,Byrd Farms LLC,Appling,Augusta,United States,Lonergan Hulme Rd & Nature's Way,GA
Project Azalea - Building D,"Project Turbo, LLC",Thomson,Augusta,United States,2660-2358 Randall Hunt Rd,GA
Project Azalea - Building B,"Project Turbo, LLC",Thomson,Augusta,United States,2660-2358 Randall Hunt Rd,GA
Byrd Farms Technology Campus DC3,Byrd Farms LLC,Appling,Augusta,United States,Lonergan Hulme Rd & Nature's Way,GA
Byrd Farms Technology Campus DC13,Byrd Farms LLC,Appling,Augusta,United States,Lonergan Hulme Rd & Nature's Way,GA
Byrd Farms Technology Campus DC1,Byrd Farms LLC,Appling,Augusta,United States,Lonergan Hulme Rd & Nature's Way,GA
Project Azalea - Building E,"Project Turbo, LLC",Thomson,Augusta,United States,2660-2358 Randall Hunt Rd,GA
Byrd Farms Technology Campus DC4,Byrd Farms LLC,Appling,Augusta,United States,Lonergan Hulme Rd & Nature's Way,GA
Project Azalea - Building A,"Project Turbo, LLC",Thomson,Augusta,United States,2660-2358 Randall Hunt Rd,GA
Byrd Farms Technology Campus DC5,Byrd Farms LLC,Appling,Augusta,United States,Lonergan Hulme Rd & Nature's Way,GA
Project Azalea - Building C,"Project Turbo, LLC",Thomson,Augusta,United States,2660-2358 Randall Hunt Rd,GA
Byrd Farms Technology Campus DC18,Byrd Farms LLC,Appling,Augusta,United States,Lonergan Hulme Rd & Nature's Way,GA
Byrd Farms Technology Campus DC9,Byrd Farms LLC,Appling,Augusta,United States,Lonergan Hulme Rd & Nature's Way,GA
Byrd Farms Technology Campus DC11,Byrd Farms LLC,Appling,Augusta,United States,Lonergan Hulme Rd & Nature's Way,GA
Byrd Farms Technology Campus,Byrd Farms LLC,Appling,Augusta,United States,Lonergan Hulme Rd & Nature's Way,GA
Project Ruby,Habitat Real Estate Partners,Columbus,Columbus GA,United States,Skyler Dr,OH
CleanSpark Washington,CleanSpark,Washington,Washington,United States,197 Dixie Wood Rd,WA
Simpsonville Enterprise Data Center,Aphorio Carter,Simpsonville,Louisville,United States,70 Kingbrook Pkwy,KY
Louisville Enterprise Data Center,Aphorio Carter,Louisville,Louisville,United States,12901 Plantside Dr,KY
332 West Broadway,Unknown Company,Louisville,Louisville,United States,332 W. Broadway,KY
"Windstream Louisville, KY",Windstream,Louisville,Louisville,United States,929 Mason Avenue,KY
TeraWulf Hawesville,TeraWulf,Hawesville,Louisville,United States,1627 State Rte 3543,KY
Lumen Louisville 2,Lumen,Louisville,Louisville,United States,715 S 7th St,KY
PowerHouse Louisville Campus,PowerHouse Data Centers,Louisville,Louisville,United States,Camp Ground Rd,KY
Silica Broadband,Davey Holdings LLC,Prospect,Louisville,United States,12935 W U.S. Hwy 42,KY
Project Lincoln OC Data Center,Western Hospitality Partners,La Grange,Louisville,United States,3210 D W. Griffith Ln,KY
PowerHouse Louisville - Building 7,PowerHouse Data Centers,Louisville,Louisville,United States,Camp Ground Rd,KY
Lumen Louisville 1,Lumen,Louisville,Louisville,United States,848 S. 8th Street,KY
PowerHouse Louisville - Building 3,PowerHouse Data Centers,Louisville,Louisville,United States,Camp Ground Rd,KY
Lumen Louisville 3,Lumen,Louisville,Louisville,United States,332 W. Broadway,KY
PowerHouse Louisville - Building 5,PowerHouse Data Centers,Louisville,Louisville,United States,Camp Ground Rd,KY
PowerHouse Louisville - Building 2,PowerHouse Data Centers,Louisville,Louisville,United States,Camp Ground Rd,KY
PowerHouse Louisville - Building 6,PowerHouse Data Centers,Louisville,Louisville,United States,Camp Ground Rd,KY
PowerHouse Louisville - Building 4,PowerHouse Data Centers,Louisville,Louisville,United States,Camp Ground Rd,KY
PowerHouse Louisville - Building 1,PowerHouse Data Centers,Louisville,Louisville,United States,Camp Ground Rd,KY
Data Canopy - Louisville,Data Canopy,Louisville,Louisville,United States,1208 Quality Choice Pl,KY
350 East Cermak Road (ORD10),Digital Realty,Chicago,Chicago,United States,350 East Cermak Road,IL
600 S. Federal St. (ORD11),Digital Realty,Chicago,Chicago,United States,600 South Federal Street,IL
505 N Railroad Avenue (ORD23),Digital Realty,Northlake,Chicago,United States,505 N Railroad Ave,IL
1400 East Devon Avenue (CH3),Digital Realty,Elk Grove Village,Chicago,United States,1400 East Devon Avenue,IL
9333 Grand Avenue (ORD12),Digital Realty,Franklin Park,Chicago,United States,9333 Grand Avenue,IL
9355 Grand Ave (ORD13),Digital Realty,Franklin Park,Chicago,United States,9355 Grand Ave,IL
9377 Grand Ave (ORD14),Digital Realty,Franklin Park,Chicago,United States,9377 Grand Ave,IL
2425-2553 Edgington Street (ORD22),Digital Realty,Franklin Park,Chicago,United States,2425-2553 Edgington St,IL
9401 West Grand Avenue (ORD15),Digital Realty,Franklin Park,Chicago,United States,9401 W Grand Ave,IL
Hivelocity - Chicago 1,Hivelocity,Chicago,Chicago,United States,350 East Cermak Road,IL
CyrusOne CHI5 - Lombard,CyrusOne Data Centers,Lombard,Chicago,United States,1850 Springers Drive,IL
CyrusOne CHI2 - Aurora,CyrusOne Data Centers,Aurora,Chicago,United States,2805 Diehl Rd,IL
Summit Elk Grove Village,Summit (formerly Deft),Elk Grove Village,Chicago,United States,2200 Busse Rd,IL
Csquare - Chicago ORD4-A,Csquare,Lisle,Chicago,United States,4513 Western Ave,IL
TierPoint Chicago - West,TierPoint,Franklin Park,Chicago,United States,9333 West Grand Ave,IL
Prime Chicago Data Center Campus,Prime Data Centers,Elk Grove Village,Chicago,United States,1701 Midway Ct,IL
Prime Chicago - Building 3,Prime Data Centers,Elk Grove Village,Chicago,United States,1701 Midway Court,IL
Prime Chicago - Building 1,Prime Data Centers,Elk Grove Village,Chicago,United States,"1500 E Higgins Rd, Elk Grove Village, IL 60007, USA",IL
QTS Chicago 1 DC1,QTS Data Centers,Chicago,Chicago,United States,2800 S. Ashland Ave,IL
Summit Chicago,Summit (formerly Deft),Chicago,Chicago,United States,350 East Cermak Road,IL
Iron Mountain Data Centers CHI-1,Iron Mountain Data Centers,Des Plaines,Chicago,United States,1680 Touhy Avenue,IL
Equinix CH7,Equinix,Westmont,Chicago,United States,111 Plaza Drive,IL
CyrusOne CHI1 - Aurora,CyrusOne Data Centers,Lombard,Chicago,United States,2905 Diehl Rd.,IL
Legacy - Chicago Byte Exchange,Legacy Investing,Chicago,Chicago,United States,400 S LaSalle St,IL
Prime Chicago - Building 2,Prime Data Centers,Elk Grove Village,Chicago,United States,1600 Oakton St,IL
Metro Edge IMD1,Metro Edge,Chicago,Chicago,United States,1951 W Hastings St,IL
Element Critical Chicago One,Element Critical,Wood Dale,Chicago,United States,711 N. Edgewood Ave.,IL
Csquare - Chicago ORD1-A,Csquare,Chicago,Chicago,United States,350 East Cermak,IL
Skybox Chicago I,Skybox Datacenters,Elk Grove Village,Chicago,United States,800 E Devon Ave,IL
DataBank ORD4 - Chicago Tri-State,DataBank,Oak Brook,Chicago,United States,1808 Swift Dr,IL
DataBank ORD3 - Mount Prospect,DataBank,Mt. Prospect,Chicago,United States,800 E Business Center Dr,IL
Element Critical Chicago Two,Element Critical,Wood Dale,Chicago,United States,341 Haynes Dr,IL
Csquare - Chicago ORD1-C,Csquare,Chicago,Chicago,United States,350 E Cermak Rd,IL
Csquare - Chicago ORD1-D,Csquare,Chicago,Chicago,United States,350 E Cermak Rd,IL
GigeNET Chicago,GigeNET,Arlington Heights,Chicago,United States,545 E Algonquin Rd,IL
US Signal Chicago IL01,"US Signal Company, LLC",Oak Brook,Chicago,United States,810 Jorie Blvd,IL
STACK Infrastructure CHI01B,STACK INFRASTRUCTURE,Elk Grove Village,Chicago,United States,1301 Touhy Ave,IL
DataBank ORD1 - Downtown Chicago,DataBank,Chicago,Chicago,United States,600 S Federal St,IL
DataBank ORD2 - Chicago,DataBank,Chicago,Chicago,United States,840 S Canal St,IL
Stream DC Chicago I,Stream Data Centers,Elk Grove Village,Chicago,United States,2080 Lunt Avenue,IL
EdgeConneX Chicago - EDCCHI02,EdgeConneX,Elk Grove Village,Chicago,United States,2021 Lunt Ave,IL
ColoCrossing CH1,ColoCrossing,Elk Grove Village,Chicago,United States,2200 Busse Road,IL
Stream DC Chicago II,Stream Data Centers,Elk Grove Village,Chicago,United States,1925 Busse Road,IL
725 S. Wells,1547 Critical Systems Realty,Chicago,Chicago,United States,725 S Wells,IL
Csquare - Chicago ORD2-A,Csquare,Elk Grove Village,Chicago,United States,2425 Busse Road,IL
CDW Elk Grove Data Center,CDW Corporation,Elk Grove Village,Chicago,United States,1441 Touhy Ave,IL
Equinix CH3,Equinix,Elk Grove Village,Chicago,United States,1905 Lunt Avenue,IL
STACK Infrastructure CHI01A,STACK INFRASTRUCTURE,Elk Grove Village,Chicago,United States,1441 Touhy Ave,IL
SBA Edge Chicago,SBA Edge,West Chicago,Chicago,United States,603 Discovery Drive,IL
Digital Fortress Chicago,Digital Fortress,Lombard,Chicago,United States,360 E 22nd St.,IL
GDC - Chicago CH2 Data Center,"NTT DATA, Inc.",Itasca,Chicago,United States,275 Pierce Rd,IL
Aligned ORD-01,Aligned Data Centers,Northlake,Chicago,United States,505 Northwest Avenue,IL
Microsoft Northlake,Microsoft,Northlake,Chicago,United States,601-605 Northwest Ave,IL
Csquare - Chicago ORD1-B,Csquare,Chicago,Chicago,United States,350 East Cermak,IL
711 Ogden Avenue,CloudCenters,Lisle,Chicago,United States,711 Ogden Ave,IL
CloudHQ ORD Campus,CloudHQ,Des Plaines,Chicago,United States,1200 E Algonquin Rd,IL
CyrusOne CHI6 - Wood Dale,CyrusOne Data Centers,Wood Dale,Chicago,United States,Bryn Mawr Ave & Pine Ave,IL
STACK Infrastructure CHI02,STACK INFRASTRUCTURE,Elk Grove Village,Chicago,United States,1830 Jarvis Ave,IL
CoreWeave Hammond,CoreWeave,Hammond,Chicago,United States,301 Digital Xrds Dr,IL
Rackspace Chicago,Rackspace Hosting,Elk Grove Village,Chicago,United States,2200 Busse Road,IL
Chirisa Chirisa Volo Technology Park YLO-02,Chirisa,Volo,Chicago,United States,300 South Fish Lake Rd,IL
Chirisa Chirisa Volo Technology Park YLO-01,Chirisa,Volo,Chicago,United States,300 South Fish Lake Rd,IL
Joliet Technology Center,Hillwood Development Company,Joliet,Chicago,United States,S Rowell Rd & W Bernhard Rd,IL
360TCS Data Center,360 Technology Center Solutions,Lombard,Chicago,United States,360 E. 22nd St.,IL
Midway Technology Center,1547 Critical Systems Realty,Chicago,Chicago,United States,40 E Garfield Blvd,IL
Aligned Chicago Campus,Aligned Data Centers,Northlake,Chicago,United States,505 Northwest Avenue,IL
CloudHQ ORD3,CloudHQ,Des Plaines,Chicago,United States,1200 E Algonquin Rd,IL
Joliet Technology Center A1,Hillwood Development Company,Joliet,Chicago,United States,S Rowell Rd & W Bernhard Rd,IL
Microsoft Hoffman Estates - Building 1,Microsoft,Hoffman Estates,Chicago,United States,Lakewood Blvd,IL
Microsoft Hoffman Estates Campus,Microsoft,Hoffman Estates,Chicago,United States,Lakewood Blvd,IL
T5 Data Centers - T5@Grayslake Campus,T5 Data Centers,Grayslake,Chicago,United States,30907 N Alleghany Rd,IL
Chirisa Volo Technology Park,Chirisa,Volo,Chicago,United States,300 South Fish Lake Rd,IL
CloudHQ ORD2,CloudHQ,Des Plaines,Chicago,United States,1200 E Algonquin Rd,IL
T5 Data Centers - T5@Chicago V,T5 Data Centers,Elk Grove Village,Chicago,United States,within Elk Grove Village,IL
NTT Chicago Campus,"NTT DATA, Inc.",Itasca,Chicago,United States,255-275 Pierce Rd,IL
CloudHQ ORD1,CloudHQ,Des Plaines,Chicago,United States,1200 E Algonquin Rd,IL
T5 Data Centers - T5@Chicago lll,T5 Data Centers,Northlake,Chicago,United States,11650 W Grand Ave,IL
Aligned ORD-03,Aligned Data Centers,Elk Grove Village,Chicago,United States,50 NW Point Blvd,IL
Microsoft Elk Grove Campus,Microsoft,Elk Grove Village,Chicago,United States,"Elk Grove Technology Park, Innovation Dr & Oakton St",IL
Microsoft Hoffman Estates - Building 2,Microsoft,Hoffman Estates,Chicago,United States,Lakewood Blvd,IL
ColoHouse Chicago Cermak,ColoHouse,Chicago,Chicago,United States,350 E Cermak,IL
Aligned ORD-04,Aligned Data Centers,Elk Grove Village,Chicago,United States,150 NW Point Blvd,IL
Stream DC Chicago III,Stream Data Centers,Elk Grove Village,Chicago,United States,2000 Landmeier Rd,IL
Aligned ORD-02,Aligned Data Centers,Northlake,Chicago,United States,505 Northwest Avenue,IL
EdgeConneX Chicago - EDCCHI01,EdgeConneX,Elk Grove Village,Chicago,United States,1800 Nicholas Blvd,IL
Colovore ORD01,Colovore,Aurora,Chicago,United States,"within Aurora, 41 miles from Chicago",IL
Chicago Exchange,Menlo Digital,Chicago,Chicago,United States,601 W. Polk St,IL
Equinix CH5,Equinix,Elk Grove Village,Chicago,United States,2001 Lunt Ave,IL
ColoHouse Chicago Wells,ColoHouse,Chicago,Chicago,United States,725 S Wells Street,IL
LexisNexis Oak Brook,LexisNexis,Oak Brook,Chicago,United States,1808 Swift Dr,IL
Edged Chicago ORD1,Edged Energy,Aurora,Chicago,United States,2815 Bilter Rd,IL
Edged Chicago ORD3,Edged Energy,Aurora,Chicago,United States,2725 Bilter Rd,IL
Connect Chicago,Connect Data Centers by Oppidan,Carol Stream,Chicago,United States,245 Kehoe Blvd,IL
Edged Chicago ORD2,Edged Energy,Aurora,Chicago,United States,2835 Bilter Rd,IL
8080 S DuSable Lake Shore Drive,Related Digital,Chicago,Chicago,United States,8080 S DuSable Lake Shore Dr,IL
Edged Chicago Campus,Edged Energy,Aurora,Chicago,United States,2725-2815 Bilter Rd,IL
Compass Hoffman Estates,Compass Datacenters,Hoffman Estates,Chicago,United States,3333 Beverly Rd,IL
Microsoft Hoffman Estates - Building 4,Microsoft,Hoffman Estates,Chicago,United States,Lakewood Blvd,IL
Microsoft Hoffman Estates - Building 3,Microsoft,Hoffman Estates,Chicago,United States,Lakewood Blvd,IL
Microsoft Elk Grove - Building 1,Microsoft,Elk Grove Village,Chicago,United States,"Elk Grove Technology Park, Innovation Dr & Oakton St",IL
Microsoft Elk Grove - Building 2,Microsoft,Elk Grove Village,Chicago,United States,"Elk Grove Technology Park, Innovation Dr & Oakton St",IL
Microsoft Elk Grove - Building 3,Microsoft,Elk Grove Village,Chicago,United States,"Elk Grove Technology Park, Innovation Dr & Oakton St",IL
KARIS DeKalb Campus,KARIS Critical,DeKalb,Chicago,United States,Gurler Rd & Peace Rd,IL
Lumen Chicago 3,Lumen,Chicago,Chicago,United States,200 N LaSalle St,IL
Microsoft Plano (IL),Microsoft,Plano,Chicago,United States,Eldamain Rd & Corneils Rd,IL
KARIS Hoffman Estates,KARIS Critical,Hoffman Estates,Chicago,United States,Higgins Rd & Illinois Rte 59,IL
Meta DeKalb Campus,Meta,DeKalb,Chicago,United States,1550-2050 Metaverse Wy,IL
Lumen South Holland 1,Lumen,South Holland,Chicago,United States,200 E 166th St,IL
CyrusOne CHI3 - Aurora Campus,CyrusOne Data Centers,Aurora,Chicago,United States,2725 Bilter Rd,IL
Hostrunway Lombard,Hostrunway,Lombard,Chicago,United States,1850 Springer Dr,IL
WHP Braidwood Campus,Western Hospitality Partners,Braidwood,Chicago,United States,W Kennedy Rd,IL
Volico Chicago,Volico Data Center,Chicago,Chicago,United States,350 E Cermak Rd,IL
Data Canopy - Boeing,Data Canopy,Chicago,Chicago,United States,100 N Riverside Plaza,IL
NaviSite Oak Brook,"NaviSite, Inc.",Oak Brook,Chicago,United States,800 Jorie Blvd,IL
Joliet Technology Center A2,Hillwood Development Company,Joliet,Chicago,United States,S Rowell Rd & W Bernhard Rd,IL
Joliet Technology Center C5,Hillwood Development Company,Joliet,Chicago,United States,S Rowell Rd & W Bernhard Rd,IL
Joliet Technology Center C4,Hillwood Development Company,Joliet,Chicago,United States,S Rowell Rd & W Bernhard Rd,IL
Joliet Technology Center C2,Hillwood Development Company,Joliet,Chicago,United States,S Rowell Rd & W Bernhard Rd,IL
Joliet Technology Center C6,Hillwood Development Company,Joliet,Chicago,United States,S Rowell Rd & W Bernhard Rd,IL
Joliet Technology Center C3,Hillwood Development Company,Joliet,Chicago,United States,S Rowell Rd & W Bernhard Rd,IL
Joliet Technology Center D1,Hillwood Development Company,Joliet,Chicago,United States,S Rowell Rd & W Bernhard Rd,IL
Joliet Technology Center B3,Hillwood Development Company,Joliet,Chicago,United States,S Rowell Rd & W Bernhard Rd,IL
Joliet Technology Center B1,Hillwood Development Company,Joliet,Chicago,United States,S Rowell Rd & W Bernhard Rd,IL
Joliet Technology Center D5,Hillwood Development Company,Joliet,Chicago,United States,S Rowell Rd & W Bernhard Rd,IL
Joliet Technology Center B5,Hillwood Development Company,Joliet,Chicago,United States,S Rowell Rd & W Bernhard Rd,IL
Joliet Technology Center A3,Hillwood Development Company,Joliet,Chicago,United States,S Rowell Rd & W Bernhard Rd,IL
CyrusOne CHI3 - Building 2,CyrusOne Data Centers,Aurora,Chicago,United States,2725 Bilter Rd,IL
Joliet Technology Center D4,Hillwood Development Company,Joliet,Chicago,United States,S Rowell Rd & W Bernhard Rd,IL
Joliet Technology Center A4,Hillwood Development Company,Joliet,Chicago,United States,S Rowell Rd & W Bernhard Rd,IL
Joliet Technology Center D3,Hillwood Development Company,Joliet,Chicago,United States,S Rowell Rd & W Bernhard Rd,IL
Joliet Technology Center B2,Hillwood Development Company,Joliet,Chicago,United States,S Rowell Rd & W Bernhard Rd,IL
Joliet Technology Center D2,Hillwood Development Company,Joliet,Chicago,United States,S Rowell Rd & W Bernhard Rd,IL
Joliet Technology Center D6,Hillwood Development Company,Joliet,Chicago,United States,S Rowell Rd & W Bernhard Rd,IL
Joliet Technology Center A6,Hillwood Development Company,Joliet,Chicago,United States,S Rowell Rd & W Bernhard Rd,IL
Joliet Technology Center C1,Hillwood Development Company,Joliet,Chicago,United States,S Rowell Rd & W Bernhard Rd,IL
CyrusOne CHI3 - Building 1,CyrusOne Data Centers,Aurora,Chicago,United States,2725 Bilter Rd,IL
Joliet Technology Center B6,Hillwood Development Company,Joliet,Chicago,United States,S Rowell Rd & W Bernhard Rd,IL
Joliet Technology Center A5,Hillwood Development Company,Joliet,Chicago,United States,S Rowell Rd & W Bernhard Rd,IL
Joliet Technology Center B4,Hillwood Development Company,Joliet,Chicago,United States,S Rowell Rd & W Bernhard Rd,IL
CDC - Chicago CH5 Data Center,"NTT DATA, Inc.",Itasca,Chicago,United States,1250 N Arlington Heights Rd,IL
Lumen Chicago,Lumen,Chicago,Chicago,United States,111 N Canal St,IL
Lumen 350 E Cermak,Lumen,Chicago,Chicago,United States,350 E Cermark Road,IL
Synoptek - Chicago Data Center,Synoptek,Chicago,Chicago,United States,350 East Cermak Road,IL
360 East 22nd Street,360E 22nd LLC,Lombard,Chicago,United States,360 East 22nd Street,IL
NaviSite Chicago,"NaviSite, Inc.",Chicago,Chicago,United States,725 S Wells,IL
Lumen Broadview 1,Lumen,Broadview,Chicago,United States,2101 Roberts Drive,IL
Meta DeKalb - Building 4,Meta,DeKalb,Chicago,United States,1750 Metaverse Wy,IL
Meta DeKalb - Building 2,Meta,DeKalb,Chicago,United States,2050 Metaverse Wy,IL
Meta DeKalb - Building 3,Meta,DeKalb,Chicago,United States,1750 Metaverse Wy,IL
Lumen Chicago 5,Lumen,Chicago,Chicago,United States,600 S. Federal,IL
Meta DeKalb - Building 6,Meta,DeKalb,Chicago,United States,1550 Metaverse Wy,IL
Lumen Chicago 4,Lumen,Chicago,Chicago,United States,600 West Chicago Ave.,IL
Lumen Arlington Heights 1,Lumen,Arlington Heights,Chicago,United States,"1305 E. Algonquin Avenue,",IL
Meta DeKalb - Building 5,Meta,DeKalb,Chicago,United States,1550 Metaverse Wy,IL
Meta DeKalb - Building 1,Meta,DeKalb,Chicago,United States,2050 Metaverse Wy,IL
WHP Braidwood - Building 2,Western Hospitality Partners,Braidwood,Chicago,United States,W Kennedy Rd,IL
WHP Braidwood - Building 5,Western Hospitality Partners,Braidwood,Chicago,United States,W Kennedy Rd,IL
WHP Braidwood - Building 8,Western Hospitality Partners,Braidwood,Chicago,United States,W Kennedy Rd,IL
WHP Braidwood - Building 1,Western Hospitality Partners,Braidwood,Chicago,United States,W Kennedy Rd,IL
WHP Braidwood - Building 3,Western Hospitality Partners,Braidwood,Chicago,United States,W Kennedy Rd,IL
WHP Braidwood - Building 7,Western Hospitality Partners,Braidwood,Chicago,United States,W Kennedy Rd,IL
WHP Braidwood - Building 4,Western Hospitality Partners,Braidwood,Chicago,United States,W Kennedy Rd,IL
WHP Braidwood - Building 6,Western Hospitality Partners,Braidwood,Chicago,United States,W Kennedy Rd,IL
Lumen Chicago 2,Lumen,Chicago,Chicago,United States,900 N. Kingsbury Street,IL
US Signal Aurora IL02,"US Signal Company, LLC",Aurora,Aurora,United States,4267 Meridian Parkway,IL
Project Cardinal - Building 1,Pioneer Development,Yorkville,Aurora,United States,Route 47 & Galena Rd,IL
Project Cardinal,Pioneer Development,Yorkville,Aurora,United States,Route 47 & Galena Rd,IL
Prologis Project Steel - Building 15,Prologis,Yorkville,Aurora,United States,W Beecher Rd,IL
Plano Skies Campus,Savion Renewable Energy,Plano,Aurora,United States,Rock Creek Rd,IL
Prologis Project Steel - Building 19,Prologis,Yorkville,Aurora,United States,W Beecher Rd,IL
Prologis Project Steel - Building 6,Prologis,Yorkville,Aurora,United States,Beecher Rd,IL
Prologis Project Steel - Building 9,Prologis,Yorkville,Aurora,United States,Galena Rd & W Beecher Rd,IL
Prologis Project Steel - Building 12,Prologis,Yorkville,Aurora,United States,Eldamain Rd,IL
Prologis Project Steel - Building 8,Prologis,Yorkville,Aurora,United States,Galena Rd & Eldamain Rd,IL
Prologis Project Steel - Building 7,Prologis,Yorkville,Aurora,United States,Beecher Rd,IL
Prologis Project Steel - Building 20,Prologis,Yorkville,Aurora,United States,W Beecher Rd,IL
Prologis Project Steel - Building 16,Prologis,Yorkville,Aurora,United States,Eldamain Rd,IL
Prologis Project Steel,Prologis,Yorkville,Aurora,United States,Galena Rd & Eldamain Rd,IL
Prologis Project Steel - Building 4,Prologis,Yorkville,Aurora,United States,Beecher Rd,IL
Prologis Project Steel - Building 17,Prologis,Yorkville,Aurora,United States,W Beecher Rd,IL
Prologis Project Steel - Building 10,Prologis,Yorkville,Aurora,United States,Eldamain Rd,IL
Prologis Project Steel - Building 24,Prologis,Yorkville,Aurora,United States,W Beecher Rd,IL
Prologis Project Steel - Building 22,Prologis,Yorkville,Aurora,United States,W Beecher Rd,IL
Prologis Project Steel - Building 11,Prologis,Yorkville,Aurora,United States,W Beecher Rd,IL
Prologis Project Steel - Building 23,Prologis,Yorkville,Aurora,United States,W Beecher Rd,IL
Prologis Project Steel - Building 5,Prologis,Yorkville,Aurora,United States,Beecher Rd,IL
Prologis Project Steel - Building 13,Prologis,Yorkville,Aurora,United States,W Beecher Rd,IL
Prologis Project Steel - Building 14,Prologis,Yorkville,Aurora,United States,Eldamain Rd,IL
Prologis Project Steel - Building 1,Prologis,Yorkville,Aurora,United States,E Beecher Rd,IL
Prologis Project Steel - Building 3,Prologis,Yorkville,Aurora,United States,E Beecher Rd,IL
Prologis Project Steel - Building 18,Prologis,Yorkville,Aurora,United States,W Beecher Rd,IL
Prologis Project Steel - Building 21,Prologis,Yorkville,Aurora,United States,W Beecher Rd,IL
Prologis Project Steel - Building 2,Prologis,Yorkville,Aurora,United States,E Beecher Rd,IL
Project Cardinal - Building 10,Pioneer Development,Yorkville,Aurora,United States,Route 47 & Galena Rd,IL
Project Cardinal - Building 14,Pioneer Development,Yorkville,Aurora,United States,Route 47 & Galena Rd,IL
Project Cardinal - Building 4,Pioneer Development,Yorkville,Aurora,United States,Route 47 & Galena Rd,IL
Project Cardinal - Building 8,Pioneer Development,Yorkville,Aurora,United States,Route 47 & Galena Rd,IL
Project Cardinal - Building 13,Pioneer Development,Yorkville,Aurora,United States,Route 47 & Galena Rd,IL
Project Cardinal - Building 5,Pioneer Development,Yorkville,Aurora,United States,Route 47 & Galena Rd,IL
Project Cardinal - Building 7,Pioneer Development,Yorkville,Aurora,United States,Route 47 & Galena Rd,IL
Project Cardinal - Building 2,Pioneer Development,Yorkville,Aurora,United States,Route 47 & Galena Rd,IL
Project Cardinal - Building 6,Pioneer Development,Yorkville,Aurora,United States,Route 47 & Galena Rd,IL
Project Cardinal - Building 12,Pioneer Development,Yorkville,Aurora,United States,Route 47 & Galena Rd,IL
Project Cardinal - Building 3,Pioneer Development,Yorkville,Aurora,United States,Route 47 & Galena Rd,IL
Project Cardinal - Building 9,Pioneer Development,Yorkville,Aurora,United States,Route 47 & Galena Rd,IL
Project Cardinal - Building 11,Pioneer Development,Yorkville,Aurora,United States,Route 47 & Galena Rd,IL
CyrusOne Yorkville Campus,CyrusOne Data Centers,Yorkville,Aurora,United States,"within east of Eldamain Road, north of the Burlington Northern Santa Fe railroad and Faxon Road, and west of Beecher Road.",IL
Plano Skies DC3,Savion Renewable Energy,Plano,Aurora,United States,Rock Creek Rd,IL
Plano Skies DC6,Savion Renewable Energy,Plano,Aurora,United States,Rock Creek Rd,IL
Plano Skies DC2,Savion Renewable Energy,Plano,Aurora,United States,Rock Creek Rd,IL
Plano Skies DC4,Savion Renewable Energy,Plano,Aurora,United States,Rock Creek Rd,IL
Plano Skies DC5,Savion Renewable Energy,Plano,Aurora,United States,Rock Creek Rd,IL
Plano Skies DC1,Savion Renewable Energy,Plano,Aurora,United States,Rock Creek Rd,IL
Plano Skies DC7,Savion Renewable Energy,Plano,Aurora,United States,Rock Creek Rd,IL
CyrusOne Yorkville - Building 5,CyrusOne Data Centers,Yorkville,Aurora,United States,"within east of Eldamain Road, north of the Burlington Northern Santa Fe railroad and Faxon Road, and west of Beecher Road.",IL
CyrusOne Yorkville - Building 3,CyrusOne Data Centers,Yorkville,Aurora,United States,"within east of Eldamain Road, north of the Burlington Northern Santa Fe railroad and Faxon Road, and west of Beecher Road.",IL
CyrusOne Yorkville - Building 4,CyrusOne Data Centers,Yorkville,Aurora,United States,"within east of Eldamain Road, north of the Burlington Northern Santa Fe railroad and Faxon Road, and west of Beecher Road.",IL
CyrusOne Yorkville - Building 9,CyrusOne Data Centers,Yorkville,Aurora,United States,"within east of Eldamain Road, north of the Burlington Northern Santa Fe railroad and Faxon Road, and west of Beecher Road.",IL
CyrusOne Yorkville - Building 1,CyrusOne Data Centers,Yorkville,Aurora,United States,"within east of Eldamain Road, north of the Burlington Northern Santa Fe railroad and Faxon Road, and west of Beecher Road.",IL
CyrusOne Yorkville - Building 8,CyrusOne Data Centers,Yorkville,Aurora,United States,"within east of Eldamain Road, north of the Burlington Northern Santa Fe railroad and Faxon Road, and west of Beecher Road.",IL
CyrusOne Yorkville - Building 6,CyrusOne Data Centers,Yorkville,Aurora,United States,"within east of Eldamain Road, north of the Burlington Northern Santa Fe railroad and Faxon Road, and west of Beecher Road.",IL
CyrusOne Yorkville - Building 2,CyrusOne Data Centers,Yorkville,Aurora,United States,"within east of Eldamain Road, north of the Burlington Northern Santa Fe railroad and Faxon Road, and west of Beecher Road.",IL
CyrusOne Yorkville - Building 7,CyrusOne Data Centers,Yorkville,Aurora,United States,"within east of Eldamain Road, north of the Burlington Northern Santa Fe railroad and Faxon Road, and west of Beecher Road.",IL
Equinix SV1,Equinix,San Jose,San Jose,United States,11 Great Oaks Blvd,CA
Equinix SV3,Equinix,San Jose,San Jose,United States,1735 Lundy Ave,CA
Equinix SV5,Equinix,San Jose,San Jose,United States,9 Great Oaks Boulevard,CA
Equinix SV11,Equinix,San Jose,San Jose,United States,5 Great Oaks Boulevard,CA
Equinix SV10,Equinix,San Jose,San Jose,United States,7 Great Oaks Boulevard,CA
Equinix SV12x,Equinix,San Jose,San Jose,United States,123 Great Oaks Blvd,CA
Prime San Jose,Prime Data Centers,San Jose,San Jose,United States,6580 Via del Oro,CA
Element Critical Silicon Valley,Element Critical,Sunnyvale,San Jose,United States,1360 Kifer Rd,CA
STACK Infrastructure SVY01A,STACK INFRASTRUCTURE,San Jose,San Jose,United States,2001 Fortune Drive,CA
Microsoft Alviso-Milpitas Campus,Microsoft,San Jose,San Jose,United States,1657 Alviso Milpitas Rd,CA
ECL MV1,EdgeCloudLink (ECL),Mountain View,San Jose,United States,411 Clyde Ave,CA
Evocative OAK1,Evocative Data Centers,Emeryville,San Jose,United States,1400 65th Stret,CA
NVIDIA San Jose Data Center,NVIDIA,San Jose,San Jose,United States,300 Holger Way,CA
Menlo Digital MD-SV1 (Sunnyvale),Menlo Digital,Sunnyvale,San Jose,United States,888-894 Ross Dr,CA
Rackspace San Jose,Rackspace Hosting,San Jose,San Jose,United States,150 South 1st St,CA
QTS Santa Clara I & II,QTS Data Centers,Santa Clara,San Jose,United States,2805/2807 Mission College Blvd,CA
Cogent Data Center - San Jose,"Cogent Communications, Inc.",San Jose,San Jose,United States,801 Newhall St,CA
STACK Infrastructure SVY01B,STACK INFRASTRUCTURE,San Jose,San Jose,United States,2001 Fortune Drive,CA
Evocative SJC7,Evocative Data Centers,San Jose,San Jose,United States,534 Stockton Ave,CA
CoreSite San Jose (SV1),CoreSite,San Jose,San Jose,United States,55 South Market Street,CA
STACK Infrastructure SVY01D,STACK INFRASTRUCTURE,San Jose,San Jose,United States,2400 Ringwood Ave,CA
Amazon AWS SFO - 8050 Camino Arroyo,Amazon AWS,Gilroy,San Jose,United States,8050 Camino Arroyo Dr,CA
Microsoft Orchard Pkwy Campus,Microsoft,San Jose,San Jose,United States,2515 Orchard Pkwy,CA
STACK Infrastructure SVY01C,STACK INFRASTRUCTURE,San Jose,San Jose,United States,1849 Fortune Dr,CA
Equinix SV18,Equinix,San Jose,San Jose,United States,123 Great Oaks Blvd,CA
Equinix Great Oaks South Campus,Equinix,San Jose,San Jose,United States,123 Great Oaks Blvd,CA
AVAIO Pittsburg,AVAIO Digital,Pittsburg,San Jose,United States,2232 Golf Club Rd,CA
Arena Investors AI R&D,"Arena Investors, LP",San Jose,San Jose,United States,199 Bassett St,CA
Microsoft Alviso-Milpitas - Building 1,Microsoft,San Jose,San Jose,United States,1657 Alviso Milpitas Rd,CA
Microsoft Alviso-Milpitas - Building 2,Microsoft,San Jose,San Jose,United States,1657 Alviso Milpitas Rd,CA
Microsoft SJC04,Microsoft,San Jose,San Jose,United States,2515 Orchard Pkwy,CA
LightEdge - San Jose,LightEdge,San Jose,San Jose,United States,7 Great Oaks Blvd,CA
Equinix SV19,Equinix,San Jose,San Jose,United States,123 Great Oaks Blvd,CA
STACK Infrastructure SVY01 Campus,STACK INFRASTRUCTURE,San Jose,San Jose,United States,1849-2001 Fortune Drive / 2400 Ringwood Ave,CA
Microsoft SJC06,Microsoft,San Jose,San Jose,United States,2515 Orchard Pkwy,CA
Synoptek - San Jose Data Center,Synoptek,San Jose,San Jose,United States,11 Great Oaks Blvd,CA
Plug and Play Tech Center,Plug and Play Tech Center,Sunnyvale,San Jose,United States,440 N Wolfe Rd,CA
Prologis San Jose DC4,Prologis,San Jose,San Jose,United States,Zanker Rd,CA
Prologis San Jose DC2,Prologis,San Jose,San Jose,United States,Zanker Rd,CA
Prologis San Jose Campus,Prologis,San Jose,San Jose,United States,Zanker Rd,CA
Prologis San Jose DC1,Prologis,San Jose,San Jose,United States,Zanker Rd,CA
Prologis San Jose DC3,Prologis,San Jose,San Jose,United States,Zanker Rd,CA
China Mobile San Jose,China Mobile International,San Jose,San Jose,United States,6320-6340 San Ignacio Ave,CA
Got.Net Salinas,Got.Net,Salinas,San Jose,United States,1325 Abbott St,CA
Lumen San Jose 1,Lumen,San Jose,San Jose,United States,1741 Technology Drive,CA
Goodman Innovation Centre San Jose (DC1),Goodman,San Jose,San Jose,United States,350 W Trimble Rd,CA
Goodman Innovation Centre San Jose (DC2),Goodman,San Jose,San Jose,United States,370 W Trimble Rd,CA
NaviSite San Jose,"NaviSite, Inc.",San Jose,San Jose,United States,2720 Zanker Road,CA
Lumen San Jose,Lumen,Sunnyvale,San Jose,United States,1380 Kifer Road,CA
600 West 7th Street (LAX10),Digital Realty,Los Angeles,Los Angeles,United States,600 West 7th Street,CA
2260 E El Segundo Blvd (LAX12),Digital Realty,El Segundo,Los Angeles,United States,2260 East El Segundo Boulevard,CA
Hivelocity - Los Angeles 2,Hivelocity,Los Angeles,Los Angeles,United States,600 W. 7th St,CA
Hivelocity - Los Angeles 1,Hivelocity,Los Angeles,Los Angeles,United States,624 S Grand Ave,CA
4400 Pacific Blvd,Digital Realty,Vernon,Los Angeles,United States,4400 Pacific Blvd,CA
Csquare - Los Angeles LAX5-A,Csquare,Irvine,Los Angeles,United States,2681 Kelvin Ave,CA
Serverfarm Los Angeles Data Center LAX1,Serverfarm,El Segundo,Los Angeles,United States,444 North Nash Street,CA
Equinix LA2,Equinix,Los Angeles,Los Angeles,United States,818 W 7th Street,CA
Prime Los Angeles,Prime Data Centers,Vernon,Los Angeles,United States,4701 S Santa Fe Ave,CA
One Wilshire,GI Property Management,Los Angeles,Los Angeles,United States,624 South Grand Avenue,CA
Converge Technology Solutions Agoura Hills,Converge Technology Solutions,Agoura Hills,Los Angeles,United States,30077 Agoura Ct,CA
Cogent Data Center - La Mirada,"Cogent Communications, Inc.",La Mirada,Los Angeles,United States,16680 Valley View Avenue,CA
Cogent Data Center - Los Angeles,"Cogent Communications, Inc.",Los Angeles,Los Angeles,United States,530 W 6th St,CA
DataBank LAX1 - Los Angeles One Wilshire,DataBank,Los Angeles,Los Angeles,United States,624 South Grand Avenue,CA
Cogent Data Center - Burbank,"Cogent Communications, Inc.",Burbank,Los Angeles,United States,100 S Flower St,CA
Crown Castle Los Angeles LA1,CROWN CASTLE,Los Angeles,Los Angeles,United States,624 S Grand Ave,CA
Equinix LA3,Equinix,El Segundo,Los Angeles,United States,1920 E Maple Ave,CA
Crown Castle Los Angeles LA2,CROWN CASTLE,Los Angeles,Los Angeles,United States,609 W 7th St,CA
CoreSite One Wilshire (LA1),CoreSite,Los Angeles,Los Angeles,United States,624 South Grand Avenue,CA
Equinix LA1,Equinix,Los Angeles,Los Angeles,United States,600 West 7th Street,CA
CoreSite Los Angeles (LA2),CoreSite,Los Angeles,Los Angeles,United States,900 North Alameda,CA
Psychz Los Angeles,Psychz Networks,Los Angeles,Los Angeles,United States,700 Wilshire Blvd,CA
UnitedLayer Los Angeles,"UnitedLayer, Inc.",Los Angeles,Los Angeles,United States,624 S Grand Ave,CA
Csquare - Los Angeles LAX2,Csquare,Burbank,Los Angeles,United States,3015 Winona Avenue,CA
Evocative LAX14,Evocative Data Centers,Redondo Beach,Los Angeles,United States,3690 Redondo Beach Avenue,CA
DigiCo Los Angeles LAX1,DigiCo Infrastructure REIT,Monterey Park,Los Angeles,United States,1977 Saturn St,CA
Aon Center,Shorenstein,Los Angeles,Los Angeles,United States,707 Wilshire Boulevard,CA
TELEHOUSE Los Angeles Center,Telehouse America,Los Angeles,Los Angeles,United States,626 Wilshire Boulevard,CA
QuadraNet Los Angeles,QuadraNet.com,Los Angeles,Los Angeles,United States,530 W. 6th St.,CA
Goodman LAX01,Goodman,Vernon,Los Angeles,United States,3094 E Vernon Ave,CA
Evocative LAX2,Evocative Data Centers,Los Angeles,Los Angeles,United States,600 W 7th Street,CA
Subrigo - 650 South Grand,Subrigo,Los Angeles,Los Angeles,United States,650 South Grand Avenue,CA
CoreSite Los Angeles (LA3),CoreSite,Los Angeles,Los Angeles,United States,260 Bauchet St.,CA
365 Data Centers - Los Angeles 1,365 Data Centers,Los Angeles,Los Angeles,United States,600 W 7th St.,CA
Fireline Broadband Data Center,Fireline Broadband,Los Angeles,Los Angeles,United States,5900 Wilshire Blvd,CA
One Data Center Ontario,One Data Center America,Ontario,Los Angeles,United States,350 S Milliken Ave,CA
Alchemy LAX Data Center,"Dynascale, Inc.",Los Angeles,Los Angeles,United States,6171 West Century Blvd,CA
Edge Centres EC101 Los Angeles,Edge Centres,Los Angeles,Los Angeles,United States,707 Wilshire Blvd.,CA
Crown Castle Los Angeles LA3,CROWN CASTLE,Los Angeles,Los Angeles,United States,530 W 6th St,CA
Aptum Los Angeles,Aptum,Los Angeles,Los Angeles,United States,360 E 2nd Street,CA
DataBank - 707 Wilshire Blvd,DataBank,Los Angeles,Los Angeles,United States,707 Wilshire Blvd,CA
One Data Center America,One Data Center America,Ontario,Los Angeles,United States,3833 Ebony St,CA
Windstream Los Angeles,Windstream,Los Angeles,Los Angeles,United States,530 West 6th St,CA
Spectrum Networks El Segundo,Spectrum,El Segundo,Los Angeles,United States,2345 Alaska Ave,CA
365 Data Centers - Los Angeles 2,365 Data Centers,Los Angeles,Los Angeles,United States,624 South Grand Ave,CA
818 Plaza,"Downtown Properties Holdings, LLC",Los Angeles,Los Angeles,United States,818 West 7th Street,CA
365 Data Centers - Los Angeles 3,365 Data Centers,Los Angeles,Los Angeles,United States,900 N. Alameda St,CA
DigiCo Los Angeles LAX2,DigiCo Infrastructure REIT,Monterey Park,Los Angeles,United States,1980 Saturn St,CA
Lumen Los Angeles,Lumen,Los Angeles,Los Angeles,United States,818 W. 7th Street,CA
Quinby Building,Quinby Building,Los Angeles,Los Angeles,United States,650 South Grand Avenue,CA
IHNetworks Datacenter (SFV1),"IHNetworks, LLC",Chatsworth,Los Angeles,United States,20339 Nordhoff Street,CA
China Telecom One Wilshire,China Telecom Americas,Los Angeles,Los Angeles,United States,624 S Grand Ave,CA
NocRoom Los Angeles Colocation,NocRoom Miami Colocation VPS,Los Angeles,Los Angeles,United States,530 W 6th Street Penthouse,CA
Hostrunway Los Angeles,Hostrunway,Los Angeles,Los Angeles,United States,900 N Alameda St #200,CA
611 Wilshire,Xyvest Holdings,Los Angeles,Los Angeles,United States,611 Wilshire Blvd,CA
Long Beach Data Center,Long Beach Data Center,Long Beach,Los Angeles,United States,3910 E 7th St,CA
WebNX Los Angeles,WebNX Internet Services,Los Angeles,Los Angeles,United States,530 W 6th St,CA
Subrigo - 624 South Grand,Subrigo,Los Angeles,Los Angeles,United States,624 South Grand Avenue,CA
GDC - Sacramento CA1 Data Center,"NTT DATA, Inc.",Sacramento,Sacramento,United States,1200 Striker Avenue,CA
GDC - Sacramento CA3 Data Center,"NTT DATA, Inc.",Sacramento,Sacramento,United States,1625 West National Drive,CA
GDC - Sacramento CA2 Data Center,"NTT DATA, Inc.",Sacramento,Sacramento,United States,1312 Striker Avenue,CA
Prime Sacramento Data Center Campus,Prime Data Centers,McClellan Park,Sacramento,United States,2407 AK Street,CA
Quest Roseville HABC,Quest Technology Management,Roseville,Sacramento,United States,9000 Foothills Blvd,CA
365 Data Centers - Rancho Cordova,365 Data Centers,Rancho Cordova,Sacramento,United States,11085 Sun Center Dr,CA
Prime Sacramento - Data Center 1,Prime Data Centers,McClellan Park,Sacramento,United States,2407 AK Street,CA
EdgeConneX Sacramento - EDCSAC01,EdgeConneX,Rancho Cordova,Sacramento,United States,10980 Gold Center Dr,CA
Prime Sacramento - Data Center 2,Prime Data Centers,McClellan Park,Sacramento,United States,2408 AK Street,CA
Datacate Rancho Cordova,Datacate Inc.,Rancho Cordova,Sacramento,United States,2999 Gold Canal Dr.,CA
Cogent Data Center - Oroville,"Cogent Communications, Inc.",Oroville,Sacramento,United States,2405 Bird St,CA
TPx Sacramento Data Center,TPx Communications,Sacramento,Sacramento,United States,1515 K St,CA
Consolidated Citrus Heights,Consolidated Communications,Citrus Heights,Sacramento,United States,7656 Old Auburn Blvd,CA
Consolidated McClellan,Consolidated Communications,McClellan,Sacramento,United States,5115 Arnold Blvd,CA
Lumen Sacramento 1,Lumen,West Sacramento,Sacramento,United States,1075 Triangle Court,CA
Lumen Sacramento 2,Lumen,Sacramento,Sacramento,United States,1005 North B Street,CA
MDC San Diego - SDG1,MDC Data Centers,San Diego,San Diego,United States,7014 Manya Cir,CA
DataBank SAN1 - San Diego World Trade,DataBank,San Diego,San Diego,United States,12270 World Trade Dr,CA
EdgeConneX San Diego - EDCSDG01,EdgeConneX,San Diego,San Diego,United States,5761 Copley Drive,CA
ScaleMatrix San Diego,ScaleMatrix,San Diego,San Diego,United States,5775 Kearny Villa Rd,CA
Cogent Data Center - San Diego 2,"Cogent Communications, Inc.",San Diego,San Diego,United States,9530 Towne Centre Drive,CA
LightEdge - San Diego I,LightEdge,San Diego,San Diego,United States,9305 Lightwave Ave,CA
CARI.net Campus,CARI.net,Kearney Mesa,San Diego,United States,8915 Complex Drive,CA
I2B Networks San Diego,"I2B Networks, Inc",San Diego,San Diego,United States,8830 Complex Dr,CA
Cogent Data Center - San Diego 1,"Cogent Communications, Inc.",San Diego,San Diego,United States,525 B Street,CA
Cogent Data Center - San Diego 3,"Cogent Communications, Inc.",San Diego,San Diego,United States,1402 K St,CA
LightEdge - San Diego II,LightEdge,San Diego,San Diego,United States,9725 Scranton Road,CA
Lumen San Diego 1,Lumen,San Diego,San Diego,United States,8929 Aero Drive,CA
Lumen San Diego 2,Lumen,San Diego,San Diego,United States,8923 Complex Drive,CA
1100 Space Park Dr (SJC10),Digital Realty,Santa Clara,Santa Clara,United States,1100 Space Park Drive,CA
3105 Alfred Rd (SJC30),Digital Realty,Santa Clara,Santa Clara,United States,3105 Alfred Road,CA
3205 Alfred St (SJC35),Digital Realty,Santa Clara,Santa Clara,United States,3205 Alfred Street,CA
2820 Northwestern Pkwy (SJC34),Digital Realty,Santa Clara,Santa Clara,United States,2820 Northwestern Pkwy,CA
1201 Comstock St (SJC15),Digital Realty,Santa Clara,Santa Clara,United States,1201 Comstock Street,CA
2220 De La Cruz Blvd (SC1),Digital Realty,Santa Clara,Santa Clara,United States,2220 De La Cruz Boulevard,CA
2805 Lafayette St (SJC31),Digital Realty,Santa Clara,Santa Clara,United States,2805 Lafayette Street,CA
1525 Comstock St (SJC16),Digital Realty,Santa Clara,Santa Clara,United States,1525 Comstock Street,CA
1725 Comstock St (SJC29),Digital Realty,Santa Clara,Santa Clara,United States,1725 Comstock Street,CA
3011 Lafayette St (SJC11),Digital Realty,Santa Clara,Santa Clara,United States,3011 Lafayette Street,CA
Cologix SV1,Cologix,Santa Clara,Santa Clara,United States,2050 Martin Ave.,CA
1350 Duane & 3080 Raymond,Digital Realty,Santa Clara,Santa Clara,United States,1350 Duane Ave / 3080 Raymond St,CA
2825-2845 Lafayette Street (SJC36),Digital Realty,Santa Clara,Santa Clara,United States,2825-2845 Lafayette St,CA
2045 & 2055 LaFayette St (SJC17),Digital Realty,Santa Clara,Santa Clara,United States,2045 & 2055 LaFayette Street,CA
641 Walsh Ave (SJC37),Digital Realty,Santa Clara,Santa Clara,United States,641 Walsh Ave,CA
2401 Walsh St (SJC18),Digital Core REIT,Santa Clara,Santa Clara,United States,2401 Walsh Street,CA
2403 Walsh St (SJC19),Digital Core REIT,Santa Clara,Santa Clara,United States,2403 Walsh Street,CA
EdgeConneX Santa Clara - EDCSVC02,EdgeConneX,Santa Clara,Santa Clara,United States,1700 Richard Avenue,CA
CoreSite Silicon Valley (SV9),CoreSite,Santa Clara,Santa Clara,United States,2915 Stender Way,CA
Prime Santa Clara - 1111 Comstock,Prime Data Centers,Santa Clara,Santa Clara,United States,1111 Comstock St,CA
Prime Santa Clara - 1231 Comstock,Prime Data Centers,Santa Clara,Santa Clara,United States,1231 Comstock St,CA
DataBank SFO1 - Silicon Valley,DataBank,Santa Clara,Santa Clara,United States,5101 Lafayette St,CA
Equinix SV2,Equinix,Santa Clara,Santa Clara,United States,1350 Duane Ave,CA
Csquare - Silicon Valley SFO1-A,Csquare,Santa Clara,Santa Clara,United States,2401 Walsh Ave.,CA
Csquare - Silicon Valley SFO2-A,Csquare,Santa Clara,Santa Clara,United States,4700 Old Ironsides Dr,CA
EdgeCore Silicon Valley SV01,EdgeCore,Santa Clara,Santa Clara,United States,2201 Laurelwood Rd,CA
Equinix SV17 (NAP West),Equinix,Santa Clara,Santa Clara,United States,3030 Corvin Drive,CA
Csquare - Silicon Valley SFO4-B,Csquare,Santa Clara,Santa Clara,United States,1550 Space Park Dr,CA
Csquare - Silicon Valley SFO4-A,Csquare,Santa Clara,Santa Clara,United States,1500 Space Park Dr,CA
CoreSite Santa Clara (SV7),CoreSite,Santa Clara,Santa Clara,United States,3020 Coronado Drive,CA
Csquare - Silicon Valley SFO1-B,Csquare,Santa Clara,Santa Clara,United States,2403 Walsh Ave.,CA
Evocative SJC11,Evocative Data Centers,Santa Clara,Santa Clara,United States,2151 Mission College Blvd,CA
STACK Infrastructure SVY02A,STACK INFRASTRUCTURE,Santa Clara,Santa Clara,United States,1200 Memorex Dr,CA
Equinix SV14,Equinix,Santa Clara,Santa Clara,United States,2960 Corvin Drive,CA
Colovore SJC01,Colovore,Santa Clara,Santa Clara,United States,1101 Space Park Dr,CA
CyrusOne SCV1 - Santa Clara,CyrusOne Data Centers,Santa Clara,Santa Clara,United States,2600 De La Cruz Blvd.,CA
Csquare - Silicon Valley SFO2-B,Csquare,Santa Clara,Santa Clara,United States,4650 Old Ironsides Dr,CA
Prime Santa Clara - 2215 Martin,Prime Data Centers,Santa Clara,Santa Clara,United States,2215 Martin Ave,CA
Intel Santa Clara (D2P3),Intel Corporation,Santa Clara,Santa Clara,United States,2200 Mission College Blvd,CA
Equinix SV16,Equinix,Santa Clara,Santa Clara,United States,3000 Corvin Drive,CA
Equinix SV15,Equinix,Santa Clara,Santa Clara,United States,2970 Corvin Drive,CA
EdgeCore Silicon Valley Campus,EdgeCore,Santa Clara,Santa Clara,United States,2201 Laurelwood Rd,CA
EdgeCore Silicon Valley SV02,EdgeCore,Santa Clara,Santa Clara,United States,2201 Laurelwood Rd,CA
Evocative SJC3,Evocative Data Centers,Santa Clara,Santa Clara,United States,3080 Raymond Street,CA
Colovore SJC02,Colovore,Santa Clara,Santa Clara,United States,3060 Raymond St,CA
Connect Santa Clara,Connect Data Centers by Oppidan,Santa Clara,Santa Clara,United States,715-805 Comstock St,CA
Vantage CA3 - Santa Clara III,Vantage Data Centers,Santa Clara,Santa Clara,United States,2590 Walsh Ave,CA
OpenColo - SC1,OpenColo,Santa Clara,Santa Clara,United States,3223 Kenneth Street,CA
CoreSite Santa Clara (SV8),CoreSite,Santa Clara,Santa Clara,United States,3035 Stender Way,CA
Datacate Santa Clara,Datacate Inc.,Santa Clara,Santa Clara,United States,2151 Mission College Blvd,CA
CoreSite Santa Clara (SV3),CoreSite,Santa Clara,Santa Clara,United States,2901 Coronado Drive,CA
Evocative SJC14,Evocative Data Centers,Santa Clara,Santa Clara,United States,1525 Comstock Street,CA
CoreSite Santa Clara,CoreSite,Santa Clara,Santa Clara,United States,2805-2855 Bowers Ave,CA
CloudHQ SJC1,CloudHQ,Santa Clara,Santa Clara,United States,552 Reed St,CA
Amazon AWS SFO - Mission College Campus,Amazon AWS,Santa Clara,Santa Clara,United States,2305 Mission College Blvd,CA
CoreSite Santa Clara (SV4),CoreSite,Santa Clara,Santa Clara,United States,2972 Stender Way,CA
China Telecom Santa Clara,China Telecom Americas,Santa Clara,Santa Clara,United States,2807 Mission College Blvd,CA
Amazon AWS SFO - 2305 Mission B,Amazon AWS,Santa Clara,Santa Clara,United States,2305 Mission College Blvd,CA
CoreSite Santa Clara (SV5),CoreSite,Santa Clara,Santa Clara,United States,2950 Stender Way,CA
EdgeConneX Santa Clara - EDCSVC01,EdgeConneX,Santa Clara,Santa Clara,United States,1600 Memorex Dr,CA
StratCap Santa Clara,StratCap Data Centers,Santa Clara,Santa Clara,United States,3205 Bassett St,CA
Amazon AWS SFO - 2305 Mission A,Amazon AWS,Santa Clara,Santa Clara,United States,2305 Mission College Blvd,CA
Amazon AWS SFO - 960 Central,Amazon AWS,Santa Clara,Santa Clara,United States,960 Central Expy,CA
IBM SJC01,IBM,Santa Clara,Santa Clara,United States,3105 Alfred St,CA
Vantage CA2 - Building 3,Vantage Data Centers,Santa Clara,Santa Clara,United States,737 Mathew St,CA
Vantage CA2 -Santa Clara II Campus,Vantage Data Centers,Santa Clara,Santa Clara,United States,625-765 Mathew St,CA
Vantage CA2 - Building 1,Vantage Data Centers,Santa Clara,Santa Clara,United States,765 Mathew St,CA
Vantage CA2 - Building 2,Vantage Data Centers,Santa Clara,Santa Clara,United States,651 Mathew St,CA
Tata Communications Santa Clara,Tata Communications,Santa Clara,Santa Clara,United States,1100 Space Park Dr,CA
365 Main Street (SFO12),Digital Realty,San Francisco,San Francisco,United States,365 Main Street,CA
Fastmetrics 360 Spear Street,Fastmetrics LLC,San Francisco,San Francisco,United States,360 Spear Street,CA
Csquare - Silicon Valley SFO3-A,Csquare,Sunnyvale,San Francisco,United States,1400 Kifer Rd,CA
Fastmetrics 365 Main Street,Fastmetrics LLC,San Francisco,San Francisco,United States,365 Main Street,CA
Guadalupe Quarry Redevelopment Project,Orchard Partners,Brisbane,San Francisco,United States,1 Quarry Rd,CA
Csquare - Silicon Valley SFO3-B,Csquare,Sunnyvale,San Francisco,United States,1320 Kifer Rd,CA
CoreSite Santa Clara (SV6),CoreSite,Santa Clara,San Francisco,United States,3001 Coronado Dr,CA
Lumen San Francisco 1,Lumen,San Francisco,San Francisco,United States,185 Berry Street,CA
Lumen San Francisco 3,Lumen,San Francisco,San Francisco,United States,200 Paul Avenue,CA
Data Canopy - San Francisco,Data Canopy,San Francisco,San Francisco,United States,630 Third Street,CA
T5 Data Centers - T5@Silicon Valley,T5 Data Centers,Newark,Fremont,United States,39800 Eureka Dr,NJ
720 2nd Street (OAK10),Digital Realty,Oakland,Oakland,United States,720 2nd street,CA
Netrality - 1102 Grand Kansas City Data Center,Netrality,Kansas City,Kansas City MO,United States,1102 Grand Ave.,MO
Iron Mountain Data Centers KCM-1,Iron Mountain Data Centers,Kansas City,Kansas City MO,United States,6301 Winchester Ave,MO
IP Pathways Kansas City,IP Pathways,Kansas City,Kansas City MO,United States,324 East 11th St.,MO
LightEdge - Kansas City,LightEdge,Kansas City,Kansas City MO,United States,9050 NE Underground Dr.,MO
1530 Swift,NOCIX,Kansas City,Kansas City MO,United States,1530 Swift St.,MO
Patmos Kansas City,"Patmos Hosting, Inc.",Kansas City,Kansas City MO,United States,1601 McGee St,MO
SubTropolis Technology Center,Hunt Midwest,Kansas City,Kansas City MO,United States,8300 NE Underground Dr,MO
Cogent Data Center - Kansas City,"Cogent Communications, Inc.",Kansas City,Kansas City MO,United States,101 Holmes St,MO
Rackspace Kansas City,Rackspace Hosting,Kansas City,Kansas City MO,United States,10828 NW Airworld Drive,MO
Lambda Kansas City,Lambda,Kansas City,Kansas City MO,United States,11155 N Airworld Dr,MO
Edged Kansas City,Edged Energy,Kansas City,Kansas City MO,United States,3420 N Arlington Ave,MO
Nebius Kansas City,Nebius,Kansas City,Kansas City MO,United States,1601 McGee St,MO
NOCIX Clay,NOCIX,Kansas City,Kansas City MO,United States,201 E 16th Ave,MO
304 West 10th Street,Revitalization Unlimited,Kansas City,Kansas City MO,United States,304 W 10th St,MO
Google Project Kestrel Campus,Google,Kansas City,Kansas City MO,United States,N Winan Rd,MO
Windstream Kansas City,Windstream,Kansas City,Kansas City MO,United States,1201 Troost Ave,MO
Meta Kansas City Campus,Meta,Kansas City,Kansas City MO,United States,1800 NW 128 St,MO
Google Project Mica Campus,Google,Kansas City,Kansas City MO,United States,Interstate 435 and 169 Highway,MO
Meta Kansas City - Building 1,Meta,Kansas City,Kansas City MO,United States,1800 NW 128 St,MO
Google Project Shale DC4,Google,Kansas City,Kansas City MO,United States,N Arlington Ave,MO
Meta Kansas City - Building 3,Meta,Kansas City,Kansas City MO,United States,1800 NW 128 St,MO
Meta Kansas City - Building 2,Meta,Kansas City,Kansas City MO,United States,1800 NW 128 St,MO
Google Project Mica DC2,Google,Kansas City,Kansas City MO,United States,Interstate 435 and 169 Highway,MO
Lumen Kansas City 3,Lumen,Kansas City,Kansas City MO,United States,1212 E. 19th St,MO
Lumen Kansas City,Lumen,Kansas City,Kansas City MO,United States,1111 Main St.,MO
Google Project Shale DC1,Google,Kansas City,Kansas City MO,United States,N Arlington Ave,MO
Google Project Mica DC1,Google,Kansas City,Kansas City MO,United States,Interstate 435 and 169 Highway,MO
Google Project Shale DC2,Google,Kansas City,Kansas City MO,United States,N Arlington Ave,MO
Google Project Shale Campus,Google,Kansas City,Kansas City MO,United States,N Arlington Ave,MO
Google Project Shale DC3,Google,Kansas City,Kansas City MO,United States,N Arlington Ave,MO
Google Project Mica DC5,Google,Kansas City,Kansas City MO,United States,Interstate 435 and 169 Highway,MO
Google Project Mica DC3,Google,Kansas City,Kansas City MO,United States,Interstate 435 and 169 Highway,MO
Google Project Mica DC4,Google,Kansas City,Kansas City MO,United States,Interstate 435 and 169 Highway,MO
Netrality - 210 N Tucker St St. Louis Data Center,Netrality,St. Louis,St. Louis,United States,210 N Tucker,MO
Netrality - 900 Walnut St St. Louis Data Center,Netrality,St. Louis,St. Louis,United States,900 Walnut Street,MO
TierPoint St. Louis-Olive,TierPoint,St. Louis,St. Louis,United States,1111 Olive St,MO
TierPoint St. Louis-Walnut,TierPoint,St. Louis,St. Louis,United States,900 Walnut Street,MO
TierPoint St. Louis - Millpark,TierPoint,Maryland Heights,St. Louis,United States,2315 Millpark Drive,MO
TierPoint St Louis - Locust,TierPoint,St. Louis,St. Louis,United States,2300 Locust St,MO
H5 Data Centers St. Louis,H5 Data Centers,St. Louis,St. Louis,United States,710 N Tucker Blvd,MO
Cogent Data Center - St. Louis,"Cogent Communications, Inc.",St Louis,St. Louis,United States,1925 Chouteau Ave,MO
The Globe Building,The Globe Building,St. Louis,St. Louis,United States,710 North Tucker Blvd,MO
Harry S Truman Blvd & Highway 370,Unknown Company,Saint Charles,St. Louis,United States,Harry S Truman Blvd & Highway 370,MO
Gateway Digital Campus - Building 13,Provident Data Centers,Villa Ridge,St. Louis,United States,Robertsville Rd,MO
Gateway Digital Campus - Building 12,Provident Data Centers,Villa Ridge,St. Louis,United States,Robertsville Rd,MO
Hostirian St. Louis,Hostirian,St. Louis,St. Louis,United States,11756 Borman Drive,MO
Gateway Digital Campus - Building 11,Provident Data Centers,Villa Ridge,St. Louis,United States,Robertsville Rd,MO
Contegix St Louis,Contegix,Saint Louis,St. Louis,United States,210 North Tucker,MO
Verizon St. Louis #2,Verizon Communications Inc.,Maryland Heights,St. Louis,United States,2020 Westport Center Dr,MO
Lumen St. Louis 1,Lumen,St. Louis,St. Louis,United States,1015 Locust Street,MO
Amazon AWS - Project Green DC9,Amazon AWS,New Florence,St. Louis,United States,Hudson Rd & Ellis Rd,MO
Gateway Digital Campus - Building 4,Provident Data Centers,Villa Ridge,St. Louis,United States,Robertsville Rd,MO
Amazon AWS - Project Green DC3,Amazon AWS,New Florence,St. Louis,United States,Hudson Rd & Ellis Rd,MO
Crusoe Warrenton DC1,Crusoe Cloud,Warrenton,St. Louis,United States,22151 NW Service Rd,MO
Gateway Digital Campus - Building 5,Provident Data Centers,Villa Ridge,St. Louis,United States,Robertsville Rd,MO
Amazon AWS - Project Green DC4,Amazon AWS,New Florence,St. Louis,United States,Hudson Rd & Ellis Rd,MO
Amazon AWS - Project Green DC2,Amazon AWS,New Florence,St. Louis,United States,Hudson Rd & Ellis Rd,MO
Amazon AWS - Project Green DC7,Amazon AWS,New Florence,St. Louis,United States,Hudson Rd & Ellis Rd,MO
Gateway Digital Campus - Building 1,Provident Data Centers,Villa Ridge,St. Louis,United States,Robertsville Rd,MO
Crusoe Warrenton DC2,Crusoe Cloud,Warrenton,St. Louis,United States,22151 NW Service Rd,MO
Amazon AWS - Project Green DC5,Amazon AWS,New Florence,St. Louis,United States,Hudson Rd & Ellis Rd,MO
Amazon AWS - Project Green Campus,Amazon AWS,New Florence,St. Louis,United States,Hudson Rd & Ellis Rd,MO
Gateway Digital Campus - Building 3,Provident Data Centers,Villa Ridge,St. Louis,United States,Robertsville Rd,MO
Gateway Digital Campus - Building 7,Provident Data Centers,Villa Ridge,St. Louis,United States,Robertsville Rd,MO
Lumen St. Louis 2,Lumen,St Louis,St. Louis,United States,900 Walnut Street,MO
Gateway Digital Campus - Building 6,Provident Data Centers,Villa Ridge,St. Louis,United States,Robertsville Rd,MO
Amazon AWS - Project Green DC8,Amazon AWS,New Florence,St. Louis,United States,Hudson Rd & Ellis Rd,MO
Gateway Digital Campus - Building 9,Provident Data Centers,Villa Ridge,St. Louis,United States,Robertsville Rd,MO
Crusoe Warrenton Campus,Crusoe Cloud,Warrenton,St. Louis,United States,22151 NW Service Rd,MO
Amazon AWS - Project Green DC1,Amazon AWS,New Florence,St. Louis,United States,Hudson Rd & Ellis Rd,MO
Amazon AWS - Project Green DC6,Amazon AWS,New Florence,St. Louis,United States,Hudson Rd & Ellis Rd,MO
Gateway Digital Campus,Provident Data Centers,Villa Ridge,St. Louis,United States,Robertsville Rd,MO
Gateway Digital Campus - Building 8,Provident Data Centers,Villa Ridge,St. Louis,United States,Robertsville Rd,MO
Amazon AWS - Project Green DC10,Amazon AWS,New Florence,St. Louis,United States,Hudson Rd & Ellis Rd,MO
Amazon AWS - Project Green DC13,Amazon AWS,New Florence,St. Louis,United States,Hudson Rd & Ellis Rd,MO
Amazon AWS - Project Green DC11,Amazon AWS,New Florence,St. Louis,United States,Hudson Rd & Ellis Rd,MO
Amazon AWS - Project Green DC12,Amazon AWS,New Florence,St. Louis,United States,Hudson Rd & Ellis Rd,MO
Gateway Digital Campus - Building 10,Provident Data Centers,Villa Ridge,St. Louis,United States,Robertsville Rd,MO
Gateway Digital Campus - Building 2,Provident Data Centers,Villa Ridge,St. Louis,United States,Robertsville Rd,MO
Project Spade DC3,Unknown Company,New Florence,St. Louis,United States,Tree Farm Rd,MO
Project Spade DC1,Unknown Company,New Florence,St. Louis,United States,Tree Farm Rd,MO
Project Spade DC2,Unknown Company,New Florence,St. Louis,United States,Tree Farm Rd,MO
LightEdge - Saint Louis,LightEdge,Saint Louis,St. Louis,United States,210 N. Tucker Blvd,MO
Project Spade Campus,Unknown Company,New Florence,St. Louis,United States,Tree Farm Rd,MO
T5 Data Centers - T5@Minneapolis,T5 Data Centers,Minneapolis,Minneapolis,United States,1001 3rd Ave S,MN
US Signal Minneapolis MN01,"US Signal Company, LLC",Eden Prairie,Minneapolis,United States,10290 W 70th St,MN
LightEdge - Minneapolis I,LightEdge,Chaska,Minneapolis,United States,1708 West Creek Lane,MN
IronGate Twin Cities West,IronGate Data Centers,St. Paul,Minneapolis,United States,500 Bielenberg Dr,MN
DataBank MSP3 - Brooklyn Park,DataBank,Brooklyn Park,Minneapolis,United States,8111 Oxbow Creek Dr N,MN
EdgeConneX Minneapolis - EDCMSP01,EdgeConneX,Eden Prairie,Minneapolis,United States,6875 Shady Oak Rd,MN
Csquare - Minneapolis MSP1-A,Csquare,Shakopee,Minneapolis,United States,4450 Dean Lakes Blvd,MN
DataBank MSP4 - Downtown,DataBank,Minneapolis,Minneapolis,United States,511 11th Avenue S,MN
Unisys Eagan DC,Jones Lang LaSalle (JLL),Eagan,Minneapolis,United States,3199 Pilot Knob Rd.,MN
DataBank MSP2 - East Twin Cities,DataBank,Eagan,Minneapolis,United States,3255 Neil Armstrong Boulevard,MN
IronGate Twin Cities East,IronGate Data Centers,Woodbury,Minneapolis,United States,401 Bielenberg Dr,MN
CENTRA Minneapolis (MSP1),CENTRA,Eagan,Minneapolis,United States,3640 Nasseff Way,MN
Cogent Data Center - St. Paul,"Cogent Communications, Inc.",St Paul,Minneapolis,United States,847 Earl St,MN
Connect Eagan,Connect Data Centers by Oppidan,Eagan,Minneapolis,United States,550 Opperman Dr,MN
511 Building,Unknown Company,Minneapolis,Minneapolis,United States,511 11th Avenue South,MN
CloudHQ MSP1,CloudHQ,Chaska,Minneapolis,United States,2007 Schoolmaster Dr,MN
Meta Rosemount Data Center,Meta,Rosemount,Minneapolis,United States,1367 145th St E,MN
Consolidated Mankato,Consolidated Communications,Mankato,Minneapolis,United States,221 E Hickory Street,MN
Consolidated Edina,Consolidated Communications,Edina,Minneapolis,United States,7700 France Avenue,MN
IronGate Downtown Minneapolis,IronGate Data Centers,Minneapolis,Minneapolis,United States,110n N 1st St,MN
DataBank - 10300 6th Ave,DataBank,Plymouth,Minneapolis,United States,10300 6th Ave,MN
Trustwave NOC,"Trustwave Holdings, Inc.",Eden Prairie,Minneapolis,United States,7599 Corporate Way,MN
250 Marquette Avenue,"KBS Capital Markets Group, LLC",Minneapolis,Minneapolis,United States,250 Marquette Avenue,MN
US Internet Robbinsdale,US Internet,Robbinsdale,Minneapolis,United States,3819 W Broadway,MN
Aureon Minneapolis,Aureon Networks,Minneapolis,Minneapolis,United States,511 11th Ave S,MN
Farmington Technology Park - Building 7,Tract,Farmington,Minneapolis,United States,2806 225th St W,MN
Farmington Technology Park - Building 3,Tract,Farmington,Minneapolis,United States,2830 220th St W,MN
Farmington Technology Park - Building 8,Tract,Farmington,Minneapolis,United States,2806 225th St W,MN
Farmington Technology Park - Building 10,Tract,Farmington,Minneapolis,United States,2806 225th St W,MN
Farmington Technology Park - Building 4,Tract,Farmington,Minneapolis,United States,2830 220th St W,MN
Connect Apple Valley,Connect Data Centers by Oppidan,Apple Valley,Minneapolis,United States,150th St W & Pilot Knob Rd,MN
Windstream Minneapolis,Windstream,Minneapolis,Minneapolis,United States,401 2nd Ave S,MN
Farmington Technology Park - Building 2,Tract,Farmington,Minneapolis,United States,2830 220th St W,MN
Farmington Technology Park - Building 9,Tract,Farmington,Minneapolis,United States,2806 225th St W,MN
Farmington Technology Park - Building 11,Tract,Farmington,Minneapolis,United States,2806 225th St W,MN
Farmington Technology Park - Building 5,Tract,Farmington,Minneapolis,United States,2830 220th St W,MN
Farmington Technology Park - Building 12,Tract,Farmington,Minneapolis,United States,2806 225th St W,MN
Farmington Technology Park - Building 6,Tract,Farmington,Minneapolis,United States,2830 220th St W,MN
Farmington Technology Park - Building 1,Tract,Farmington,Minneapolis,United States,2830 220th St W,MN
Lumen Minnetonka 1,Lumen,Minnetonka,Minneapolis,United States,5500 Feltl Rd,MN
Archer Minneapolis Campus,Archer Datacenters,Faribault,Minneapolis,United States,15339 Acorn Trail,MN
ABcom,ABcom,New Brighton,Minneapolis,United States,213 Old Highway 8 SW,MN
Monticello Tech Park,Unknown Company,Monticello,Minneapolis,United States,MN-25 & 85th St NE,MN
Amazon AWS - Sherco Power Plant,Amazon AWS,Becker,Minneapolis,United States,within Sherco Power Plant,MN
Scannell Technology Park,Scannell Properties,Monticello,Minneapolis,United States,90th St NE,MN
Scannell Technology Park - Building 2,Scannell Properties,Monticello,Minneapolis,United States,90th St NE,MN
Archer Minneapolis - Building 2,Archer Datacenters,Faribault,Minneapolis,United States,15339 Acorn Trail,MN
Archer Minneapolis - Building 5,Archer Datacenters,Faribault,Minneapolis,United States,15339 Acorn Trail,MN
Archer Minneapolis - Building 4,Archer Datacenters,Faribault,Minneapolis,United States,15339 Acorn Trail,MN
Archer Minneapolis - Building 6,Archer Datacenters,Faribault,Minneapolis,United States,15339 Acorn Trail,MN
Archer Minneapolis - Building 3,Archer Datacenters,Faribault,Minneapolis,United States,15339 Acorn Trail,MN
Scannell Technology Park - Building 3,Scannell Properties,Monticello,Minneapolis,United States,90th St NE,MN
Scannell Technology Park - Building 4,Scannell Properties,Monticello,Minneapolis,United States,90th St NE,MN
Archer Minneapolis - Building 1,Archer Datacenters,Faribault,Minneapolis,United States,15339 Acorn Trail,MN
Scannell Technology Park - Building 1,Scannell Properties,Monticello,Minneapolis,United States,90th St NE,MN
Lumen Minnetonka 2,Lumen,Minnetonka,Minneapolis,United States,5480 Feltl Rd,MN
Google Pine Island,Google,Pine Island,Rochester,United States,500th St & Hwy 52,NY
123Net Southfield NW DC2,123Net,Southfield,Detroit,United States,24275 Northwestern Hwy,MI
OTAVA Metro Detroit,OTAVA,Westland,Detroit,United States,6435 North Hix Rd,MI
US Signal Detroit MI03,"US Signal Company, LLC",Belleville,Detroit,United States,9275 Haggerty Rd,MI
123Net Southfield W DC3,123Net,Southfield,Detroit,United States,24245 Northwestern Hwy,MI
ManagedWay Data Center #1,ManagedWay Company,Troy,Detroit,United States,319 Executive Dr,MI
US Signal Detroit MI04,"US Signal Company, LLC",Southfield,Detroit,United States,21648 Melrose Ave,MI
US Signal Detroit MI05,"US Signal Company, LLC",Auburn Hills,Detroit,United States,1035 W Entrance Dr,MI
ManagedWay Data Center #2,ManagedWay Company,Troy,Detroit,United States,600 Executive Dr,MI
TelNet Worldwide - SFLFMI72W00,TelNet Worldwide,Southfield,Detroit,United States,21005 Lasher Road Bldg 4,MI
Cogent Data Center - Detroit,"Cogent Communications, Inc.",Detroit,Detroit,United States,1320 3rd Ave,MI
Raeden Detroit 1,Raeden,Detroit,Detroit,United States,615 W Lafayette Blvd,MI
Liquid Web Southfield,Liquid Web,Southfield,Detroit,United States,21700 Melrose Ave,MI
Liquid Web Dearborn,Liquid Web,Dearborn,Detroit,United States,22005 Outer Dr W,MI
Solstice Data Allen Park,Solstice Data,Allen Park,Detroit,United States,7500 Enterprise Dr,MI
Clear Rate Troy Datacenter,Clear Rate Communications,Troy,Detroit,United States,2600 W Big Beaver Rd,MI
Raeden Detroit 2,Raeden,Detroit,Detroit,United States,1050 Woodward Ave,MI
Raeden Detroit 3,Raeden,Gibraltar,Detroit,United States,27800 W Jefferson Ave,MI
IronGate The Bunker,IronGate Data Centers,Warren,Detroit,United States,28201 Van Dyke Ave,MI
RT Software Systems,RT Software Hosting,Berkley,Detroit,United States,3811 West 12 Mile Road,MI
Windstream Farmington Hills,Windstream,Farmington Hills,Detroit,United States,23629 Industrial Park Dr,MI
Google Van Buren Campus,Google,Van Buren Township,Detroit,United States,N Interstate 94 Service Dr & Haggerty Rd,MI
Verizon Detroit #2,Verizon Communications Inc.,Southfield,Detroit,United States,21555 Melrose Ave.,MI
Lumen Detroit 3,Lumen,Detroit,Detroit,United States,1965 Porter,MI
Google Van Buren - Building 3,Google,Van Buren Township,Detroit,United States,N Interstate 94 Service Dr & Haggerty Rd,MI
Lumen Detroit,Lumen,Southfield,Detroit,United States,19675 West Ten Mile Road,MI
Google Van Buren - Building 2,Google,Van Buren Township,Detroit,United States,N Interstate 94 Service Dr & Haggerty Rd,MI
Google Van Buren - Building 1,Google,Van Buren Township,Detroit,United States,N Interstate 94 Service Dr & Haggerty Rd,MI
120 East Van Buren St (PHX10),Digital Realty,Phoenix,Phoenix,United States,120 East Van Buren Street,AZ
Iron Mountain Data Centers AZS-1,Iron Mountain Data Centers,Scottsdale,Phoenix,United States,8521 E Princess Drive,AZ
CyrusOne Phoenix Campus,CyrusOne Data Centers,Chandler,Phoenix,United States,2335 South Ellis St,AZ
RadiusDC Phoenix I DC1,RadiusDC,Phoenix,Phoenix,United States,3402 E University Dr,AZ
GDC - Phoenix PH1 Data Center,"NTT DATA, Inc.",Mesa,Phoenix,United States,10256 E Elliot Rd,AZ
H5 Data Centers Phoenix,H5 Data Centers,Chandler,Phoenix,United States,2600 W. Germann Rd.,AZ
Iron Mountain Data Centers AZP-1,Iron Mountain Data Centers,Phoenix,Phoenix,United States,615 North 48th Street,AZ
Csquare - Phoenix PHX3-A,Csquare,Mesa,Phoenix,United States,1301 W University Drive,AZ
Iron Mountain Data Centers AZP-2,Iron Mountain Data Centers,Phoenix,Phoenix,United States,4802 East Van Buren Street,AZ
US Signal Phoenix AZ01,"US Signal Company, LLC",Gilbert,Phoenix,United States,1655 W Sunrise Blvd,AZ
Comarch Mesa,Comarch,Mesa,Phoenix,United States,3223 S Ellsworth Rd,AZ
Prime Phoenix Data Center Campus,Prime Data Centers,Avondale,Phoenix,United States,11753 W Lower Buckeye Rd,AZ
CyrusOne PHX3 - Chandler,CyrusOne Data Centers,Chandler,Phoenix,United States,2305 South Ellis St.,AZ
Prime Phoenix - Building 4,Prime Data Centers,Avondale,Phoenix,United States,11753 W. Lower Buckeye #4,AZ
Prime Phoenix - Building 3,Prime Data Centers,Avondale,Phoenix,United States,11753 W. Lower Buckeye #3,AZ
Prime Phoenix - Building 5,Prime Data Centers,Avondale,Phoenix,United States,11753 W. Lower Buckeye #5,AZ
Prime Phoenix - Building 2,Prime Data Centers,Avondale,Phoenix,United States,11753 W. Lower Buckeye #2,AZ
Prime Phoenix - Building 1,Prime Data Centers,Avondale,Phoenix,United States,11753 W. Lower Buckeye #1,AZ
Csquare - Phoenix PHX1-A,Csquare,Phoenix,Phoenix,United States,615 N 48th St,AZ
Aligned PHX01,Aligned Data Centers,Phoenix,Phoenix,United States,2500 West Union Hills,AZ
CyrusOne PHX1 - Chandler,CyrusOne Data Centers,Chandler,Phoenix,United States,2335 South Ellis St.,AZ
LexisNexis Scottsdale,LexisNexis,Scottsdale,Phoenix,United States,8521 E Princess Dr,AZ
"Stream DC Phoenix I - VI , Goodyear Campus",Stream Data Centers,Goodyear,Phoenix,United States,2950 S. Litchfield Road,AZ
Csquare - Phoenix PHX2-A,Csquare,Tempe,Phoenix,United States,2055 E Technology Cir,AZ
LightEdge - Phoenix,LightEdge,Phoenix,Phoenix,United States,120 East Van Buren,AZ
CyrusOne PHX5 - Chandler,CyrusOne Data Centers,Chandler,Phoenix,United States,2405 South Ellis St.,AZ
EdgeCore Phoenix Campus,EdgeCore,Mesa,Phoenix,United States,3856 S Everton Terrace,AZ
CyrusOne PHX2 - Chandler,CyrusOne Data Centers,Chandler,Phoenix,United States,2305 South Ellis St.,AZ
CyrusOne PHX4 - Chandler,CyrusOne Data Centers,Chandler,Phoenix,United States,2495 South Ellis St.,AZ
CyrusOne PHX6 - Chandler,CyrusOne Data Centers,Chandler,Phoenix,United States,2605 South Ellis St.,AZ
DataBank PHX2 - Phoenix Sky Harbor,DataBank,Phoenix,Phoenix,United States,615 North 48th Street,AZ
DCX Goodyear,DCX,Goodyear,Phoenix,United States,16422 W Commerce Dr,AZ
CyrusOne PHX7 - Chandler,CyrusOne Data Centers,Chandler,Phoenix,United States,2705 South Ellis St.,AZ
11:11 Systems Scottsdale,11:11 Systems,Scottsdale,Phoenix,United States,7499 E Paradise Ln,AZ
Evocative PHX1,Evocative Data Centers,Phoenix,Phoenix,United States,2500 W Union Hills Drive,AZ
Raeden Phoenix,Raeden,Phoenix,Phoenix,United States,1710 E Grant St,AZ
Southwest Crossing Data Center Campus,"Ryan Companies US, Inc.",Eloy,Phoenix,United States,W Houser Rd,AZ
Edged Phoenix,Edged Energy,Gilbert,Phoenix,United States,8811 E Warner Rd,AZ
QTS Phoenix-Van Buren,QTS Data Centers,Phoenix,Phoenix,United States,120 East Van Buren Street,AZ
RadiusDC Phoenix I DC2,RadiusDC,Phoenix,Phoenix,United States,3221 E Elwood St,AZ
DataBank PHX1 - Downtown Phoenix,DataBank,Phoenix,Phoenix,United States,3110 N Central St,AZ
EdgeCore PH03,EdgeCore,Mesa,Phoenix,United States,3856 S Everton Terrace,AZ
CyrusOne PHX8 - Chandler,CyrusOne Data Centers,Chandler,Phoenix,United States,2705 South Ellis St.,AZ
Novva Mesa,Novva,Mesa,Phoenix,United States,S Ellsworth Rd & E Warner Rd,AZ
Compass Goodyear Campus,Compass Datacenters,Goodyear,Phoenix,United States,850 S Bullard Ave,AZ
EdgeCore PH02,EdgeCore,Mesa,Phoenix,United States,3856 S Everton Terrace,AZ
EdgeCore PH01,EdgeCore,Mesa,Phoenix,United States,3856 S Everton Terrace,AZ
2500 W Frye Rd,Lincoln Property Company,Chandler,Phoenix,United States,2500 W Frye Rd,AZ
5CDC Phoenix - PHX01,5C Group Inc.,Phoenix,Phoenix,United States,"within Phoenix, Arizona",AZ
PhoenixNAP West University,PhoenixNAP,Tempe,Phoenix,United States,2353 W University Dr,AZ
Liquid Web Phoenix,Liquid Web,Scottsdale,Phoenix,United States,7025 N Scottsdale Rd,AZ
Microsoft Goodyear (PHX70),Microsoft,Goodyear,Phoenix,United States,3785 N Citrus Rd,AZ
Microsoft El Mirage Campus,Microsoft,El Mirage,Phoenix,United States,12901 W Olive Ave,AZ
Buckeye Tech Corridor,Tract,Buckeye,Phoenix,United States,W Yuma Rd & S Johnson Rd,AZ
Microsoft Goodyear Airpark Campus,Microsoft,Goodyear,Phoenix,United States,W Broadway Rd,AZ
Microsoft GoodyearAirpark (PHX10),Microsoft,Goodyear,Phoenix,United States,W Broadway Rd,AZ
EdgeCore PH05,EdgeCore,Mesa,Phoenix,United States,3856 S Everton Terrace,AZ
EdgeCore PH04,EdgeCore,Mesa,Phoenix,United States,3856 S Everton Terrace,AZ
Microsoft Goodyear Campus,Microsoft,Goodyear,Phoenix,United States,3785 N Citrus Rd,AZ
Iron Mountain Data Centers AZP-3,Iron Mountain Data Centers,Phoenix,Phoenix,United States,1110 N 52nd St,AZ
Expedient Phoenix,Expedient Data Centers,Phoenix,Phoenix,United States,2475 W Townley Ave,AZ
QTS Phoenix Campus,QTS Data Centers,Phoenix,Phoenix,United States,1200 40th Street,AZ
Aligned PHX07,Aligned Data Centers,Waddell,Phoenix,United States,8785 N Reems Rd,AZ
Vantage Phoenix Campus (AZ1),Vantage Data Centers,Goodyear,Phoenix,United States,45 S Bullard Ave,AZ
Southwest Crossing Data Center 2,"Ryan Companies US, Inc.",Eloy,Phoenix,United States,W Houser Rd,AZ
Southwest Crossing Data Center 3,"Ryan Companies US, Inc.",Eloy,Phoenix,United States,W Houser Rd,AZ
491st Ave & Thomas Rd,Unknown Company,Wintersburg,Phoenix,United States,491st Ave & Thomas Rd,AZ
Southwest Crossing Data Center 1,"Ryan Companies US, Inc.",Eloy,Phoenix,United States,W Houser Rd,AZ
Apple Mesa Data Center,Apple,Mesa,Phoenix,United States,3740 S Signal Butte Road,AZ
Hostrunway Phoenix,Hostrunway,85286 Phoenix,Phoenix,United States,2600 W Germann Rd Chandler,AZ
Microsoft El Mirage (PHX83),Microsoft,El Mirage,Phoenix,United States,12901 W Olive Ave,AZ
Compass Goodyear - Building 1,Compass Datacenters,Goodyear,Phoenix,United States,850 S Bullard Ave,AZ
Compass Goodyear - Building 3,Compass Datacenters,Goodyear,Phoenix,United States,850 S Bullard Ave,AZ
NTT Pecos Road Campus,"NTT DATA, Inc.",Mesa,Phoenix,United States,E Pecos Rd & S Crismon Rd,AZ
Microsoft Goodyear (PHX71),Microsoft,Goodyear,Phoenix,United States,3785 N Citrus Rd,AZ
Aligned PHX13,Aligned Data Centers,Waddell,Phoenix,United States,8805 N Reems Rd,AZ
Prologis Sky Harbor Business Center,Prologis,Phoenix,Phoenix,United States,1710 E Grant St,AZ
Compass Goodyear - Building 8,Compass Datacenters,Goodyear,Phoenix,United States,850 S Bullard Ave,AZ
Amazon AWS - Loop 202 & Dobbins Road,Amazon AWS,Laveen,Phoenix,United States,Loop 202 and W Dobbins Road,AZ
Aligned - Peoria Logistics Park,Aligned Data Centers,Peoria,Phoenix,United States,"Peoria Logistics Park, N 75th Ave & W Northern Ave",AZ
Aligned PHX12,Aligned Data Centers,Waddell,Phoenix,United States,8805 N Reems Rd,AZ
Aligned PHX04,Aligned Data Centers,Chandler,Phoenix,United States,S Price Rd & W Innovation St,AZ
QTS Glendale,QTS Data Centers,Glendale,Phoenix,United States,4001 N 159th Ave,AZ
Aligned PHX09,Aligned Data Centers,Chandler,Phoenix,United States,3151 W Behrend Dr,AZ
Microsoft El Mirage (PHX82),Microsoft,El Mirage,Phoenix,United States,12901 W Olive Ave,AZ
Compass Goodyear - Building 4,Compass Datacenters,Goodyear,Phoenix,United States,850 S Bullard Ave,AZ
Aligned PHX14,Aligned Data Centers,Waddell,Phoenix,United States,8805 N Reems Rd,AZ
Hassayampa Ranch,Arizona Land Consulting (ALC),Buckeye,Phoenix,United States,"Hassayampa Ranch, Tonopah Salome Hwy",AZ
Compass Goodyear - Building 6,Compass Datacenters,Goodyear,Phoenix,United States,850 S Bullard Ave,AZ
Aligned PHX06,Aligned Data Centers,Chandler,Phoenix,United States,2500 S Price Rd,AZ
Microsoft Goodyear Airpark (PHX11),Microsoft,Goodyear,Phoenix,United States,W Broadway Rd,AZ
Compass Goodyear - Building 5,Compass Datacenters,Goodyear,Phoenix,United States,850 S Bullard Ave,AZ
Microsoft Goodyear Airpark (PHX15),Microsoft,Goodyear,Phoenix,United States,W Broadway Rd,AZ
Microsoft El Mirage (PHX81),Microsoft,El Mirage,Phoenix,United States,12901 W Olive Ave,AZ
Phoenix Internet,Phoenix Internet,Phoenix,Phoenix,United States,2922 W Clarendon Ave,AZ
Microsoft Goodyear Airpark (PHX13),Microsoft,Goodyear,Phoenix,United States,W Broadway Rd,AZ
Windstream Phoenix,Windstream,Phoenix,Phoenix,United States,1710 E Grant St,AZ
Aligned Waddell Campus,Aligned Data Centers,Waddell,Phoenix,United States,8805-8785 N Reems Rd,AZ
Aligned PHX08,Aligned Data Centers,Chandler,Phoenix,United States,3202 W Behrend Dr,AZ
Pinal Airpark Road,Beale Infrastructure,Marana,Phoenix,United States,E Pinal Airpark Rd & I-10,AZ
Vermaland Pinal County,Vermaland,Eloy,Phoenix,United States,E Sasco Rd,AZ
Compass Goodyear - Building 7,Compass Datacenters,Goodyear,Phoenix,United States,850 S Bullard Ave,AZ
Microsoft El Mirage (PHX80),Microsoft,El Mirage,Phoenix,United States,12901 W Olive Ave,AZ
Microsoft Goodyear Airpark (PHX14),Microsoft,Goodyear,Phoenix,United States,W Broadway Rd,AZ
QTS Avondale,QTS Data Centers,Avondale,Phoenix,United States,S Avondale Blvd & W Lower Buckeye Rd,AZ
ColoHouse Phoenix,ColoHouse,Chandler,Phoenix,United States,2335 South Ellis Street,AZ
Meta Mesa Campus,Meta,Mesa,Phoenix,United States,3841 S Ellsworth Rd,AZ
Johnson Road and Southern Avenue,Arizona Land Consulting (ALC),Buckeye,Phoenix,United States,W Southern Ave & S Johnson Rd,AZ
Compass Goodyear - Building 2,Compass Datacenters,Goodyear,Phoenix,United States,850 S Bullard Ave,AZ
Microsoft Goodyear Airpark (PHX12),Microsoft,Goodyear,Phoenix,United States,W Broadway Rd,AZ
Lumen Phoenix 3,Lumen,Phoenix,Phoenix,United States,801 South 16th Street,AZ
Compass PHX II - Building 3,Compass Datacenters,El Mirage,Phoenix,United States,W Peoria Ave & N El Mirage Rd,AZ
Compass PHX II Campus,Compass Datacenters,El Mirage,Phoenix,United States,W Peoria Ave & N El Mirage Rd,AZ
Compass PHX II - Building 1,Compass Datacenters,El Mirage,Phoenix,United States,W Peoria Ave & N El Mirage Rd,AZ
Compass PHX II - Building 2,Compass Datacenters,El Mirage,Phoenix,United States,W Peoria Ave & N El Mirage Rd,AZ
Fortescue Buckeye,Fortescue,Buckeye,Phoenix,United States,W Patterson Rd,AZ
HBS Phoenix,Heartland Business System,Phoenix,Phoenix,United States,10201 S 51st St,AZ
EdgeCore Florence Tech Park - Building 10,EdgeCore,Florence,Phoenix,United States,E Arizona Farms Rd & N Attaway Rd,AZ
Amazon AWS PHX - 9848 E Pecos Road,Amazon AWS,Mesa,Phoenix,United States,9848 E Pecos Rd,AZ
EdgeCore Florence Tech Park - Building 5,EdgeCore,Florence,Phoenix,United States,E Arizona Farms Rd & N Attaway Rd,AZ
EdgeCore Florence Tech Park - Building 3,EdgeCore,Florence,Phoenix,United States,E Arizona Farms Rd & N Attaway Rd,AZ
EdgeCore Florence Tech Park - Building 9,EdgeCore,Florence,Phoenix,United States,E Arizona Farms Rd & N Attaway Rd,AZ
EdgeCore Florence Tech Park - Building 1,EdgeCore,Florence,Phoenix,United States,E Arizona Farms Rd & N Attaway Rd,AZ
EdgeCore Florence Tech Park - Building 2,EdgeCore,Florence,Phoenix,United States,E Arizona Farms Rd & N Attaway Rd,AZ
Google Mesa Campus,Google,Mesa,Phoenix,United States,E Elliot Rd & S Sossaman Rd,AZ
GDC - Phoenix PH6 Data Center,"NTT DATA, Inc.",Mesa,Phoenix,United States,10256 E Elliot Rd,AZ
EdgeCore Florence Tech Park - Building 6,EdgeCore,Florence,Phoenix,United States,E Arizona Farms Rd & N Attaway Rd,AZ
Amazon AWS PHX - 10464 E Pecos Road,Amazon AWS,Mesa,Phoenix,United States,10464 E Pecos Rd,AZ
EdgeCore Florence Tech Park,EdgeCore,Florence,Phoenix,United States,E Arizona Farms Rd & N Attaway Rd,AZ
NTT Elliot Road Campus,"NTT DATA, Inc.",Mesa,Phoenix,United States,10256 E Elliot Rd,AZ
EdgeCore Florence Tech Park - Building 4,EdgeCore,Florence,Phoenix,United States,E Arizona Farms Rd & N Attaway Rd,AZ
Vantage AZ14 - Phoenix,Vantage Data Centers,Goodyear,Phoenix,United States,45 S Bullard Ave,AZ
EdgeCore Florence Tech Park - Building 7,EdgeCore,Florence,Phoenix,United States,E Arizona Farms Rd & N Attaway Rd,AZ
EdgeCore Florence Tech Park - Building 8,EdgeCore,Florence,Phoenix,United States,E Arizona Farms Rd & N Attaway Rd,AZ
Vantage AZ15 - Phoenix,Vantage Data Centers,Goodyear,Phoenix,United States,45 S Bullard Ave,AZ
Project Baccara - Building 2,"Takanock, LLC",Waddell,Phoenix,United States,14707-14323 W Olive Ave,AZ
Project Baccara - Building 1,"Takanock, LLC",Waddell,Phoenix,United States,14707-14323 W Olive Ave,AZ
STACK Infrastructure PHX01B,STACK INFRASTRUCTURE,Avondale,Phoenix,United States,W Lower Buckeye Rd & S Litchfield Rd,AZ
Meta Mesa - Building 5,Meta,Mesa,Phoenix,United States,3841 S Ellsworth Rd,AZ
Meta Mesa - Building 3,Meta,Mesa,Phoenix,United States,3841 S Ellsworth Rd,AZ
Meta Mesa - Building 1,Meta,Mesa,Phoenix,United States,3841 S Ellsworth Rd,AZ
Meta Mesa - Building 2,Meta,Mesa,Phoenix,United States,3841 S Ellsworth Rd,AZ
Vantage AZ11 - Phoenix,Vantage Data Centers,Goodyear,Phoenix,United States,45 S Bullard Ave,AZ
Google Mesa - Phase 1,Google,Mesa,Phoenix,United States,E Elliot Rd & S Sossaman Rd,AZ
Google Mesa - Phase 3,Google,Mesa,Phoenix,United States,E Elliot Rd & S Sossaman Rd,AZ
Project Baccara Campus,"Takanock, LLC",Waddell,Phoenix,United States,14707-14323 W Olive Ave,AZ
Vantage AZ13 - Phoenix,Vantage Data Centers,Goodyear,Phoenix,United States,45 S Bullard Ave,AZ
GDC - Phoenix PH5 Data Center,"NTT DATA, Inc.",Mesa,Phoenix,United States,10256 E Elliot Rd,AZ
Amazon AWS PHX - Pecos Road Campus,Amazon AWS,Mesa,Phoenix,United States,9848-10464 E Pecos Road,AZ
Meta Mesa - Building 4,Meta,Mesa,Phoenix,United States,3841 S Ellsworth Rd,AZ
STACK Infrastructure PHX01C,STACK INFRASTRUCTURE,Avondale,Phoenix,United States,W Lower Buckeye Rd & S Litchfield Rd,AZ
Lumen Phoenix 1,Lumen,Phoenix,Phoenix,United States,811 South 16th Street,AZ
Google Mesa - Phase 2,Google,Mesa,Phoenix,United States,E Elliot Rd & S Sossaman Rd,AZ
STACK Infrastructure PHX01A,STACK INFRASTRUCTURE,Avondale,Phoenix,United States,W Lower Buckeye Rd & S Litchfield Rd,AZ
GDC - Phoenix PH2 Data Center,"NTT DATA, Inc.",Mesa,Phoenix,United States,10256 E Elliot Rd,AZ
Lumen Phoenix 2,Lumen,Phoenix,Phoenix,United States,17 E. Virginia Ave,AZ
GDC - Phoenix PH3 Data Center,"NTT DATA, Inc.",Mesa,Phoenix,United States,10256 E Elliot Rd,AZ
GDC - Phoenix PH4 Data Center,"NTT DATA, Inc.",Mesa,Phoenix,United States,10256 E Elliot Rd,AZ
Vantage AZ12 - Phoenix,Vantage Data Centers,Goodyear,Phoenix,United States,45 S Bullard Ave,AZ
Menlo Digital MD-PX1 (Phoenix),Menlo Digital,Phoenix,Phoenix,United States,4801-4811 E Thistle Landing Dr,AZ
Lumen Phoenix 4,Lumen,Phoenix,Phoenix,United States,3220 N 3rd St,AZ
Menlo Digital MD-PX1 - Building 2,Menlo Digital,Phoenix,Phoenix,United States,4801-4811 E Thistle Landing Dr,AZ
Menlo Digital MD-PX1 - Building 3,Menlo Digital,Phoenix,Phoenix,United States,4801-4811 E Thistle Landing Dr,AZ
Menlo Digital MD-PX1 - Building 5,Menlo Digital,Phoenix,Phoenix,United States,4801-4811 E Thistle Landing Dr,AZ
Menlo Digital MD-PX1 - Building 4,Menlo Digital,Phoenix,Phoenix,United States,4801-4811 E Thistle Landing Dr,AZ
Menlo Digital MD-PX1 - Building 1,Menlo Digital,Phoenix,Phoenix,United States,4801-4811 E Thistle Landing Dr,AZ
Login DC2,"Login, LLC",Tucson,Tucson,United States,1855 N 6th Ave,AZ
Ark Data Centers Tucson,Ark Data Centers,Tucson,Tucson,United States,1215 E Pennsylvania St,AZ
Winsor Colocation,Winsor Consulting Group,Tucson,Tucson,United States,3821 E Broadway Blvd,AZ
TECfusions Tucson,TECfusions,Tucson,Tucson,United States,3701 E Columbia St,AZ
Project Blue,Beale Infrastructure,Tucson,Tucson,United States,S Harrison Rd / E Brekke Rd / S Houghton Rd,AZ
Login DC1,"Login, LLC",Tucson,Tucson,United States,4003 East Speedway Boulevard,AZ
FirstDigital Tucson,FirstDigital,Tucson,Tucson,United States,3836 S Evans Blvd,AZ
Lumen Tucson,Lumen,Tucson,Tucson,United States,135 N. 6th Avenue,AZ
MSA Evergreen Heights,Management Science Associates,Pittsburgh,Pittsburgh,United States,115 Evergreen Heights Dr,PA
MSA Rockpointe,Management Science Associates,Tarentum,Pittsburgh,United States,within Just a few miles from Pittsburgh,PA
Iron Mountain Data Centers WPA-1,Iron Mountain Data Centers,Boyers,Pittsburgh,United States,1137 Branchton Road,PA
EdgeConneX Pittsburgh - EDCPIT01,EdgeConneX,Pittsburgh,Pittsburgh,United States,282 Corliss St,PA
Ardent Pittsburgh,Ardent Data Centers,McKees Rocks,Pittsburgh,United States,615 McMichael Rd,PA
TeraSwitch Networks Pittsburgh,TeraSwitch Networks Inc.,Pittsburgh,Pittsburgh,United States,100 S Commons,PA
H5 Data Centers Pittsburgh,H5 Data Centers,Pittsburgh,Pittsburgh,United States,2202 Liberty Ave,PA
DQE Butler,DQE Communications,Butler,Pittsburgh,United States,238 Pillow St,PA
182 Northpointe Blvd,Chirisa,Freeport,Pittsburgh,United States,182 Northpointe Blvd,PA
viLogics Pittsburgh,viLogics Data Centers,Pittsburgh,Pittsburgh,United States,322 4th Ave,PA
Expedient Pittsburgh North Shore,Expedient Data Centers,Pittsburgh,Pittsburgh,United States,100 S Commons,PA
TECfusions New Kensington,TECfusions,New Kensington,Pittsburgh,United States,100 Technical Drive,PA
Consolidated Pittsburgh,Consolidated Communications,Pittsburgh,Pittsburgh,United States,115 Evergreen Heights Dr,PA
iM Critical Pittsburgh,iM Critical,Pittsburgh,Pittsburgh,United States,900 Brinton Rd,PA
Mawson Midland,Mawson Infrastructure Group,Midland,Pittsburgh,United States,950 Railroad Ave,PA
Bitfarms Scrubgrass,Bitfarms Ltd.,Kennerdell,Pittsburgh,United States,2151 Lisbon Road,PA
Consolidated Tarentum,Consolidated Communications,Tarentum,Pittsburgh,United States,400 MSA Dr,PA
Nova Place,Faros Properties,Pittsburgh,Pittsburgh,United States,100 S Commons,PA
Aligned - Shippingport Industrial Park,Aligned Data Centers,MacArthur,Pittsburgh,United States,"Shippingport Industrial Park, Church Ln",PA
Lumen Pittsburgh 2,Lumen,Pittsburgh,Pittsburgh,United States,200 Technology Dr,PA
The Homer City Energy Campus,Homer City Redevelopment LLC,Homer City,Pittsburgh,United States,1750 Power Plant Rd,PA
Bitfarms Sharon,Bitfarms Ltd.,Sharon,Pittsburgh,United States,"within Sharon, Pennsylvania",PA
TECfusions Keystone Connect,TECfusions,Upper Burrell,Pittsburgh,United States,within the former Alcoa R&D campus,PA
151 Porter St,Unknown Company,Springdale,Pittsburgh,United States,151 Porter St,PA
Lumen Pittsburgh 1,Lumen,Pittsburgh,Pittsburgh,United States,143 25th Street,PA
American Tower EDC Pittsburg,American Tower Corporation,Pittsburgh,Pittsburgh,United States,1000 Agnew Rd,PA
Flexential Phiadelphia - Collegeville Data Center,Flexential,Collegeville,Philadelphia,United States,101 Troutman Rd,PA
TierPoint Philadelphia- Navy Yard,TierPoint,Pennsylvania,Philadelphia,United States,4775 League Island Boulevard,PA
DataBank PHL1 - Downtown Philadelphia,DataBank,Philadelphia,Philadelphia,United States,401 N Broad St,PA
Keystone NAP,Keystone NAP,Fairless Hills,Philadelphia,United States,150 Solar Dr,PA
Equinix PH1,Equinix,Philadelphia,Philadelphia,United States,401 North Broad Street,PA
TrueNet,TrueNet,West Chester,Philadelphia,United States,24 Hagerty Blvd,PA
11:11 Systems Philadelphia,11:11 Systems,Philadelphia,Philadelphia,United States,401 N Broad Street,PA
DaSTOR King of Prussia I,"DaSTOR, LLC",King of Prussia,Philadelphia,United States,411 Swedeland Rd,PA
DaSTOR King of Prussia II,"DaSTOR, LLC",King of Prussia,Philadelphia,United States,3400 Horizon Dr.,PA
Comcast Moorestown,Comcast,Moorestown,Philadelphia,United States,650 Centerton Rd,PA
Crown Castle Philadelphia (PA1),CROWN CASTLE,Philadelphia,Philadelphia,United States,401 N Broad St,PA
Unisecure Philadelphia DC,Unisecure Data Centers,Philadelphia,Philadelphia,United States,2401 Locust St,PA
Crown Castle Philadelphia (PA2),CROWN CASTLE,Philadelphia,Philadelphia,United States,1309 Noble St,PA
Windstream New York,Windstream,Philadelphia,Philadelphia,United States,401 N Broad Street,PA
1500 Spring Garden Street,InterVest Capital Partners,Philadelphia,Philadelphia,United States,1500 Spring Garden St,PA
1547 Chester County PA,1547 Critical Systems Realty,Malvern,Philadelphia,United States,N Malvern Hunt Way & Swedesford Rd,PA
ColoHouse Philadelphia,ColoHouse,Philadelphia,Philadelphia,United States,2401 Locust Street,PA
Comcast West Chester,Comcast,West Chester,Philadelphia,United States,1354 E Boot Rd,PA
LightWave Networks,"LightWave Networks, Inc",Philadelphia,Philadelphia,United States,401 North Broad St,PA
Pennhurst Data Center Campus,Unknown Company,Spring City,Philadelphia,United States,1205 Commonwealth Dr,PA
Keystone Trade Center,NorthPoint Development,Fairless Hills,Philadelphia,United States,700 S Port Rd,PA
York Energy Center DC,Calpine Corporation,Delta,Philadelphia,United States,1055 Pikes Peak Rd,PA
Lumen Philadelphia 1,Lumen,Philadelphia,Philadelphia,United States,401 N Broad Street,PA
Project Laurel Campus,Unknown Company,Pottstown,Philadelphia,United States,Sanatoga Rd / Evergreen Rd / Possum Hollow Rd / Lightcap Rd,PA
Project Laurel - Building 1,Unknown Company,Pottstown,Philadelphia,United States,Evergreen Rd,PA
Project Laurel - Building 8,Unknown Company,Pottstown,Philadelphia,United States,Lightcap Rd & Possum Hollow Rd,PA
Project Laurel - Building 7,Unknown Company,Pottstown,Philadelphia,United States,Lightcap Rd,PA
Project Laurel - Building 6,Unknown Company,Pottstown,Philadelphia,United States,Lightcap Rd,PA
Project Laurel - Building 3,Unknown Company,Pottstown,Philadelphia,United States,Sanatoga Rd,PA
Project Laurel - Building 4,Unknown Company,Pottstown,Philadelphia,United States,Sanatoga Rd,PA
Project Laurel - Building 5,Unknown Company,Pottstown,Philadelphia,United States,Lightcap Rd,PA
Project Laurel - Building 2,Unknown Company,Pottstown,Philadelphia,United States,Evergreen Rd & Sanatoga Rd,PA
Lumen Philadelphia 3,Lumen,Philadelphia,Philadelphia,United States,3020 Market Street,PA
Lumen Philadelphia 2,Lumen,Philadelphia,Philadelphia,United States,701 Market Street,PA
410 Commerce Blvd (EWR14),Digital Realty,Carlstadt,Newark,United States,410 Commerce Blvd,NJ
CyrusOne NYM1 - Somerset,CyrusOne Data Centers,Somerset,Newark,United States,800 Cottontail Ln.,NJ
DataBank EWR1 - Downtown Newark,DataBank,Newark,Newark,United States,165 Halsey St,NJ
Equinix NY1,Equinix,Newark,Newark,United States,165 Halsey St,NJ
CyrusOne NYM2 - Totowa,CyrusOne Data Centers,Totowa,Newark,United States,50 Madison Road,NJ
Crown Castle Newawk (NJ1),CROWN CASTLE,Newawk,Newark,United States,165 Halsey St,NJ
US Liquidity Center (USLC),"Intercontinental Exchange, Inc. (ICE)",Mahwah,Newark,United States,1700 MacArthur Blvd,NJ
Cogent Data Center - Franklin,"Cogent Communications, Inc.",Franklin,Newark,United States,254 State Highway 23,NJ
Cogent Data Center - Sparta,"Cogent Communications, Inc.",Sparta,Newark,United States,500 Weldon Rd,NJ
600 Commerce Boulevard,Russo Development,Carlstadt,Newark,United States,600 Central Blvd,NJ
CoreWeave Kenilworth,CoreWeave,Kenilworth,Newark,United States,"2000 Galloping Hill Rd, 11 Nest Drive",NJ
BT Nutley,BT Services (British Telecom),Nutley,Newark,United States,492 River Rd,NJ
Lumen Newark,Lumen,Newark,Newark,United States,165 Halsey St,NJ
Lumen Newark 1,Lumen,Newark,Newark,United States,504 Interchange Blvd,NJ
DataVerge NJ,DataVerge,Jersey City,Hudson County,United States,111 Town Square Place,NJ
Csquare - New York EWR1,Csquare,Jersey City,Hudson County,United States,210 Hudson Street,NJ
One Evertrust Plaza,Unknown Company,Jersey City,Hudson County,United States,1 Evertrust Plaza,NJ
QTS Jersey City 1 DC1,QTS Data Centers,Jersey City,Hudson County,United States,95 Christopher Columbus Dr,NJ
Lumen Jersey City,Lumen,Jersey City,Hudson County,United States,1 Evertrust Plaza,NJ
CoreSite Orlando (OR1),CoreSite,Orlando,Orlando,United States,9701 S. John Young Parkway,FL
Cogent Data Center - Orlando,"Cogent Communications, Inc.",Orlando,Orlando,United States,17401 Wewahootee Rd,FL
Thrive US - Winter Haven,Thrive,Winter Haven,Orlando,United States,200 Avenue B NW,FL
Signal Hill Telecom Center,"SH OTC, LLC",Orlando,Orlando,United States,440 W Kennedy Blvd,FL
Corserva Orlando,Corserva,Orlando,Orlando,United States,8251 Presidents Drive,FL
Smart City Metro,"Smart City Holdings, LLC",Orlando,Orlando,United States,1101 N Keller Rd,FL
Lumen Orlando,Lumen,Orlando,Orlando,United States,380 South Lakew Destiny Drive,FL
Lumen Orlando 3,Lumen,Oak Ridge,Orlando,United States,7003 Presidents Dr,FL
Lumen Orlando 2,Lumen,Orlando,Orlando,United States,510 W. Columbia Street,FL
36 NE 2nd St (MIA10),Digital Realty,Miami,Miami,United States,36 NE 2nd Street,FL
Hivelocity - Miami 1,Hivelocity,Miami,Miami,United States,50 NE 9th St,FL
RadiusDC Miami I,RadiusDC,Miami,Miami,United States,11300 NW 25th Street,FL
Metobloks Miami MB01,Metrobloks,Miami,Miami,United States,500 NW 137th Ave,FL
NetcroHosting,NetcroHosting,Miami,Miami,United States,36 NE 2nd St,FL
QTS Miami 1 DC1,QTS Data Centers,Miami,Miami,United States,11234 NW 20th St.,FL
CoreSite Miami (MI2),CoreSite,Doral,Miami,United States,2100 NW 84th Ave,FL
Equinix MI6,Equinix,Doral,Miami,United States,"1525 NW 98th Court, International Corporate Park",FL
DataBank MIA1 - Downtown Miami,DataBank,Miami,Miami,United States,36 NE 2nd St,FL
Iron Mountain Data Centers MIA-1,Iron Mountain Data Centers,Miami,Miami,United States,2925 NW 120th Terrace,FL
Navegalo Miami Data Center,Navegalo,Miami,Miami,United States,36 NE 2nd Street,FL
EdgeConneX Miami - EDCMIA02,EdgeConneX,Miami Gardens,Miami,United States,475 NE 185th St.,FL
Net Data,Nettalk .Com Inc.,Miami,Miami,United States,1080 NW 163rd Drive,FL
NocRoom Miami Colocation and VPS,NocRoom Miami Colocation VPS,Miami,Miami,United States,36 NE 2nd Street,FL
Raeden Miami,Raeden,Miami,Miami,United States,"New World Tower, 100 Biscayne Blvd",FL
Aptum Miami,Aptum,Miami,Miami,United States,2300 NW 89th Pl,FL
South Reach Networks,South Reach Networks,Miami,Miami,United States,36 NE 2nd Street,FL
Cogent Data Center - Hollywood,"Cogent Communications, Inc.",Pembroke Park,Miami,United States,3924 Pembroke Rd,FL
Stealth-ISS Dedicated Server Store,Stealth - ISS Inc.,Miami,Miami,United States,1953 NW 22nd Street,FL
iM Critical Miami Data Center,iM Critical,Miami,Miami,United States,100 NE 80th Terrace,FL
Nettogo Data Center,Nettogo,Miami,Miami,United States,11560 SW 120 St,FL
Lumen Miami 5,Lumen,Miami,Miami,United States,1109 NW 22nd St,FL
Lumen Miami 4,Lumen,Miami,Miami,United States,50 NE 9th St,FL
IPXON Miami,IPXON Networks,Miami,Miami,United States,50 NE 9th St,FL
CSN-1 Bonita Springs,Telconet,Bonita Springs,Miami,United States,within Costa del Este,FL
Verizon Miami,Verizon Communications Inc.,Miami,Miami,United States,16563 NW 15th Ave,FL
Lumen Miami,Lumen,Miami,Miami,United States,49 N.W. 5th Street,FL
Lumen Miami 3,Lumen,Miami,Miami,United States,200 SE First Street,FL
OneColo Tampa,OneColo,Tampa,Tampa,United States,400 N Tampa St,FL
Csquare - Tampa TPA1-A,Csquare,Tampa,Tampa,United States,9310 Florida Palm Dr.,FL
E Solutions Data Center,WOW Business/E Solutions,Tampa,Tampa,United States,400 North Tampa Street,FL
Carrier Core Data Center,Carrier Core LLC,Tampa,Tampa,United States,655 N Franklin St,FL
Data Canopy - Tampa,Data Canopy,Tampa,Tampa,United States,412 E Madison Ave,FL
Data Canopy - Tampa Franklin,Data Canopy,Tampa,Tampa,United States,655 N Franklin St,FL
AceHost Tampa Data Center,Acehost,Tampa,Tampa,United States,412 E Madison St,FL
Bohler Places LLC Fort Meade,Unknown Company,Fort Meade,Tampa,United States,Co Rd 700,FL
Lumen Tampa 1,Lumen,Tampa,Tampa,United States,7909 Woodland Center Blvd,FL
Verizon Tampa,Verizon Communications Inc.,Tampa,Tampa,United States,5904-A Hampton Oaks Pkwy,FL
Lumen Tampa 4,Lumen,Tampa,Tampa,United States,400 North Tampa Street,FL
Lumen Tampa 3,Lumen,Tampa,Tampa,United States,1700 N 25th Street,FL
Lumen Tampa 2,Lumen,Tampa,Tampa,United States,59007 Hampton Oaks Parkway,FL
Flexential Jacksonville Data Center,Flexential,Jacksonville,Jacksonville,United States,4905 Belfort Road,FL
ScaleMatrix Jacksonville,ScaleMatrix,Jacksonville,Jacksonville,United States,8324 Baymeadows Way,FL
SBA Edge Jacksonville,SBA Edge,Jacksonville,Jacksonville,United States,800 Water Street,FL
American Tower EDC Jacksonville,American Tower Corporation,Jacksonville Beach,Jacksonville,United States,325 17th Ave N,FL
Windstream Jacksonville,Windstream,Jacksonville,Jacksonville,United States,421 W. Church St.,FL
DC BLOX Palm Coast,DC BLOX Inc.,Palm Coast,Jacksonville,United States,1035 Town Center Blvd,FL
SBA Edge JaxNAP,SBA Edge,Jacksonville,Jacksonville,United States,421 West Church Street,FL
Gainesville Data Center,Acceleration,Gainesville,Gainesville,United States,2511 NW 41st Street,FL
Cogent Data Center - Omaha,"Cogent Communications, Inc.",Omaha,Omaha,United States,810 S 7th St,NE
LightEdge - Omaha,LightEdge,Papillion,Omaha,United States,1148 American Parkway,NE
LoCoCoLo,"Power PRotection Products, Inc.",Omaha,Omaha,United States,1205 S 75th St,NE
IP Pathways Omaha,IP Pathways,Omaha,Omaha,United States,5940 S 118th Circle,NE
Lumen Bellevue,Lumen,Bellevue,Omaha,United States,1514 Chandler Road West,NE
Google Omaha Campus,Google,Omaha,Omaha,United States,11110 State St,NE
Google Omaha - Building 3,Google,Omaha,Omaha,United States,11110 State St,NE
Windstream Omaha,Windstream,Omaha,Omaha,United States,1721 St Marys Ave,NE
Google Omaha - Building 1,Google,Omaha,Omaha,United States,11110 State St,NE
Google Omaha - Building 2,Google,Omaha,Omaha,United States,11110 State St,NE
Google Omaha - Building 4,Google,Omaha,Omaha,United States,11110 State St,NE
Lumen Omaha 1,Lumen,Omaha,Omaha,United States,6805 Pine St,NE
AAIM Nebraska 1,AAIM Data Centers,Aurora,Lincoln,United States,1428 Kremer Ave,IL
DataBank MCI2 - Pine Ridge,DataBank,Kansas City,Kansas City KS,United States,10605 W 84th Terrace,MO
DataBank MCI1 - Kansas City - South Lake,DataBank,Kansas City,Kansas City KS,United States,15721 College Boulevard,MO
Red Wolf DCD Properties LLC,Unknown Company,Kansas City,Kansas City KS,United States,13000 Parallel Pkwy,MO
3601 N 12th St,PowerTransitions,Kansas City,Kansas City KS,United States,3601 N 12th St,MO
Cogent Data Center - Elkridge,"Cogent Communications, Inc.",Elkridge,Baltimore,United States,6050 Race Rd,MD
AiNET CyberNAP,AiNET,Glen Burnie,Baltimore,United States,7900 Ritchie Hwy,MD
DataBank - 111 Market Pl,DataBank,Baltimore,Baltimore,United States,111 Market Pl,MD
Expedient Owings Mills,Expedient Data Centers,Baltimore,Baltimore,United States,11155 Red Run,MD
Expedient Tide Point,Expedient Data Centers,Baltimore,Baltimore,United States,1050 Hull Street,MD
InfraDMS BAL01,InfraDMS,Baltimore,Baltimore,United States,1 South St,MD
DataBank BWI1 - Downtown Baltimore,DataBank,Baltimore,Baltimore,United States,300 West Lexington Street,MD
1500 Woodlawn Drive,Unknown Company,Baltimore,Baltimore,United States,1500 Woodlawn Dr,MD
Comcast Nottingham,Comcast,Nottingham,Baltimore,United States,8031 Corporate Dr,MD
9800 South Eternal Rings Drive,GI Partners,Laurel,Baltimore,United States,"9800 S Eternal Rings Dr, , MD , EE. UU.",MD
7665 Sandy Farm Road,GI Partners,Severn,Baltimore,United States,7665 Sandy Farm Rd,MD
Lumen Baltimore,Lumen,Baltimore,Baltimore,United States,300 West Lexington Street,MD
Candler Building,Unknown Company,Baltimore,Baltimore,United States,111 Market Place,MD
Flexential Cincinnati Data Center,Flexential,Hamilton,Cincinnati,United States,5307 Muhlhauser Rd,OH
"DartPoints Cincinnati, OH - CVG01",DartPoints,Cincinnati,Cincinnati,United States,302 West Third Street,OH
CyrusOne CIN2 - Cincinnati,CyrusOne Data Centers,Cincinnati,Cincinnati,United States,229 West 7th St.,OH
CyrusOne CIN97 - Cincinnati,CyrusOne Data Centers,Blue Ash,Cincinnati,United States,4600 McAuley Place,OH
CyrusOne CIN4 - Hamilton,CyrusOne Data Centers,Hamilton,Cincinnati,United States,103 Knightsbridge Drive,OH
CyrusOne CIN3 - Mason,CyrusOne Data Centers,Cincinnati,Cincinnati,United States,4800 Parkway Drive,OH
CenterGrid - Hamilton,CenterGrid,Hamilton,Cincinnati,United States,101 Knightsbridge Dr,OH
LightHouse CLT01,LightHouse Data Centers,Hamilton,Cincinnati,United States,1380 University Blvd,OH
Prologis Project Mila Campus,Prologis,Trenton,Cincinnati,United States,Woodsdale Rd & Kennel Rd,OH
I74 Wired Data Center,I74 Wired,Cincinnati,Cincinnati,United States,2300 Montana Ave,OH
Encore Technologies NOR1,Encore Technologies,Cincinnati,Cincinnati,United States,4620 Wesley Ave,OH
Encore Technologies BLU1,Encore Technologies,Blue Ash,Cincinnati,United States,11515 Grooms Rd,OH
Buck Canyon Data Center,Unknown Company,Sprigg Township,Cincinnati,United States,Ginger Ridge Rd,OH
Prologis Project Mila DC3,Prologis,Trenton,Cincinnati,United States,Woodsdale Rd & Kennel Rd,OH
Prologis Project Mila DC1,Prologis,Trenton,Cincinnati,United States,Woodsdale Rd & Kennel Rd,OH
Prologis Project Mila DC2,Prologis,Trenton,Cincinnati,United States,Woodsdale Rd & Kennel Rd,OH
Prologis Project Mila DC4,Prologis,Trenton,Cincinnati,United States,Woodsdale Rd & Kennel Rd,OH
DataBank - 334 Gest St,DataBank,Cincinnati,Cincinnati,United States,334 Gest St,OH
Lumen Cincinnati 3,Lumen,Cincinnati,Cincinnati,United States,1428 W. 8th St,OH
Lumen Cincinnati 1,Lumen,Cincinnati,Cincinnati,United States,400 Pike Street,OH
Lumen Cincinnati 2,Lumen,West Chester,Cincinnati,United States,9490 Meridian Way,OH
Cologix COL5,Cologix,Lewis Center,Columbus,United States,6787 Green Meadows Drive,OH
Cologix Johnstown Campus,Cologix,Johnstown,Columbus,United States,12017 Duncan Plains Rd,OH
WeConnect Community Data Center,City of Westerville - WeConnect,Westerville,Columbus,United States,35 Collegeview Road,OH
"DartPoints Dublin, OH - CMH01",DartPoints,Dublin,Columbus,United States,565 Metro Place South,OH
Edged Columbus,Edged Energy,New Albany,Columbus,United States,6525 New Albany Rd E,OH
Compugen New Albany Data Center,Compugen Inc.,New Albany,Columbus,United States,7000 Souder Road,OH
Csquare - Columbus CMH1-A,Csquare,North Lewis Center,Columbus,United States,8180 Green Meadows Dr N,OH
QTS New Albany 2 DC2,QTS Data Centers,New Albany,Columbus,United States,675 Beech Road SW,OH
Expedient Upper Arlington,Expedient Data Centers,Columbus,Columbus,United States,"5000 Arllington Centre Blvd, Building One",OH
CENTRA Columbus (CMH1),CENTRA,Columbus,Columbus,United States,180 E Broad St,OH
Resilience CMH II,Overwatch Capital,Canal Winchester,Columbus,United States,"within Canal Winchester, OH",OH
Crown Castle Columbus (OH1),CROWN CASTLE,Columbus,Columbus,United States,101 E Town St,OH
STACK Infrastructure NAL01A,STACK INFRASTRUCTURE,New Albany,Columbus,United States,7300 Souder Rd,OH
STACK Infrastructure NAL01B,STACK INFRASTRUCTURE,New Albany,Columbus,United States,7300 Souder Rd,OH
Vantage OH2 - Millersport,Vantage Data Centers,Millersport,Columbus,United States,State Route 204 and State Route 37,OH
ICS Corporate Center,ICS,Columbus,Columbus,United States,175 South Third Street,OH
226 North Fifth Street,Hackman Capital Partners,Columbus,Columbus,United States,226 North Fifth Street,OH
ICS Main POP,ICS,Columbus,Columbus,United States,226 North Fifth Street,OH
Amazon AWS - 11793 Vans Valley,Amazon AWS,Galena,Columbus,United States,11793 Vans Valley Rd,OH
Microsoft - Beech Rd NW & Fitzwilliam Ln,Microsoft,New Albany,Columbus,United States,Beech Rd NW & Fitzwilliam Ln,OH
Amazon AWS CMH - Industrial Parkway Campus,Amazon AWS,Plain City,Columbus,United States,8619 Industrial Parkway,OH
Amazon AWS CMH - Crosby Campus,Amazon AWS,Dublin,Columbus,United States,6645-6685 Crosby Court,OH
Amazon AWS CMH - Project Cosmo Bldg B,Amazon AWS,Marysville,Columbus,United States,14684 Industrial Pkwy,OH
Amazon AWS CMH - Newton Campus,Amazon AWS,Johnstown,Columbus,United States,2575-2875 Newton Court,OH
Amazon AWS CMH - Hayden Campus,Amazon AWS,Hilliard,Columbus,United States,5109-5125 Hayden Run Rd,OH
Amazon AWS CMH - Scioto Campus,Amazon AWS,Hilliard,Columbus,United States,4120-4188 Scioto Darby Creek Rd,OH
Amazon AWS CMH - Project Cosmo Campus,Amazon AWS,Marysville,Columbus,United States,14684 Industrial Pkwy,OH
Amazon AWS CMH - Cosgray Campus,Amazon AWS,Hilliard,Columbus,United States,4600-4636 Cosgray Rd,OH
Amazon AWS CMH - Project Cosmo Bldg A,Amazon AWS,Marysville,Columbus,United States,14684 Industrial Pkwy,OH
Amazon AWS CMH - Beech South Campus,Amazon AWS,Johnstown,Columbus,United States,2540-2580 Beech Rd,OH
Amazon AWS CMH - Warner Campus,Amazon AWS,Plain City,Columbus,United States,8567 Warner Road,OH
Amazon AWS CMH - Beech North Campus,Amazon AWS,Johnstown,Columbus,United States,2890-2970 Beech Road,OH
Google New Albany Data Center,Google,New Albany,Columbus,United States,1101 Beech Rd SW,OH
LexisNexis Hilliard,LexisNexis,Hilliard,Columbus,United States,5000 Britton Pkwy,OH
Amazon AWS CMH - 4636 Cosgray,Amazon AWS,Hilliard,Columbus,United States,4636 Cosgray Rd,OH
Aligned - Conesville Industrial Park,Aligned Data Centers,Conesville,Columbus,United States,"Conesville Industrial Park, 47201 Co Rd 273",OH
Amazon AWS CMH - Beech North B,Amazon AWS,Johnstown,Columbus,United States,2890-2970 Beech Road,OH
Meta Prometheus - Building 2,Meta,Etna,Columbus,United States,1 Community Cir,OH
Amazon AWS CMH - 6655 Crosby,Amazon AWS,Dublin,Columbus,United States,6655 Crosby Court,OH
Meta Prometheus - Building 5,Meta,Etna,Columbus,United States,5 Community Cir,OH
Amazon AWS CMH - Beech North C,Amazon AWS,Johnstown,Columbus,United States,2890-2970 Beech Road,OH
Amazon AWS CMH - 8567 Warner A,Amazon AWS,Plain City,Columbus,United States,8567 Warner Road,OH
Google Johnstown,Google,Johnstown,Columbus,United States,2565 Harrison Rd NW,OH
3439-3445 Clover Valley Road,Meta,Johnstown,Columbus,United States,3439-3445 Clover Valley Rd,OH
Amazon AWS CMH - 6675 Crosby,Amazon AWS,Dublin,Columbus,United States,6675 Crosby Court,OH
Amazon AWS CMH - Beech North D,Amazon AWS,Johnstown,Columbus,United States,2890-2970 Beech Road,OH
Amazon AWS CMH - 2540 Beech,Amazon AWS,Johnstown,Columbus,United States,2540 Beech Rd,OH
Amazon AWS CMH - 5117 Hayden,Amazon AWS,Hilliard,Columbus,United States,5117 Hayden Run Rd,OH
Amazon AWS CMH - 5125 Hayden,Amazon AWS,Hilliard,Columbus,United States,5125 Hayden Run Rd,OH
Amazon AWS CMH - 8567 Warner B,Amazon AWS,Plain City,Columbus,United States,8567 Warner Road,OH
QTS New Albany 3,QTS Data Centers,New Albany,Columbus,United States,6140 Babbitt Rd,OH
Refugee Rd SW,Microsoft,Pataskala,Columbus,United States,Refugee Rd SW,OH
Amazon AWS CMH - 2550 Beech,Amazon AWS,Johnstown,Columbus,United States,2550 Beech Rd,OH
CyrusOne COL1 - New Albany,CyrusOne Data Centers,Johnstown,Columbus,United States,12181 Jug St,OH
Amazon AWS CMH - 5113 Hayden,Amazon AWS,Hilliard,Columbus,United States,5113 Hayden Run Rd,OH
Amazon AWS CMH - 8567 Warner D,Amazon AWS,Plain City,Columbus,United States,8567 Warner Road,OH
Amazon AWS CMH - 2560 Beech,Amazon AWS,Johnstown,Columbus,United States,2560 Beech Rd,OH
4500 Beech Rd NW,KARIS Critical,Johnstown,Columbus,United States,4500 Beech Rd NW,OH
Amazon AWS CMH - 2580 Beech,Amazon AWS,Johnstown,Columbus,United States,2580 Beech Rd,OH
Amazon AWS CMH - Scioto F,Amazon AWS,Hilliard,Columbus,United States,4120-4188 Scioto Darby Creek Rd,OH
Meta Prometheus - Building 1,Meta,Etna,Columbus,United States,1 Community Cir,OH
Amazon AWS CMH - 6685 Crosby,Amazon AWS,Dublin,Columbus,United States,6685 Crosby Court,OH
Amazon AWS CMH - 2570 Beech,Amazon AWS,Johnstown,Columbus,United States,2570 Beech Rd,OH
Amazon AWS CMH - 6665 Crosby,Amazon AWS,Dublin,Columbus,United States,6665 Crosby Court,OH
Amazon AWS CMH - 8619 Industrial C,Amazon AWS,Plain City,Columbus,United States,8619 Industrial Parkway,OH
Amazon AWS CMH - 6645 Crosby,Amazon AWS,Dublin,Columbus,United States,6645 Crosby Court,OH
Amazon AWS CMH - Beech North E,Amazon AWS,Johnstown,Columbus,United States,2890-2970 Beech Road,OH
Amazon AWS CMH - 2775 Newton,Amazon AWS,Johnstown,Columbus,United States,2775 Newton Court,OH
Meta Prometheus - Building 6,Meta,Etna,Columbus,United States,5 Community Cir,OH
Amazon AWS CMH - Scioto E,Amazon AWS,Hilliard,Columbus,United States,4120-4188 Scioto Darby Creek Rd,OH
Meta Prometheus - Building 8,Meta,Etna,Columbus,United States,7 Community Cir,OH
Compass New Albany,Compass Datacenters,New Albany,Columbus,United States,6625 New Albany Rd E,OH
Meta Prometheus - Building 7,Meta,Etna,Columbus,United States,7 Community Cir,OH
Google Lockbourne Data Center,Google,Lockbourne,Columbus,United States,5076 S High St,OH
Amazon AWS CMH - 5109 Hayden,Amazon AWS,Hilliard,Columbus,United States,5109 Hayden Run Rd,OH
Amazon AWS CMH - Beech North A,Amazon AWS,Johnstown,Columbus,United States,2890-2970 Beech Road,OH
Amazon AWS CMH - Scioto B,Amazon AWS,Hilliard,Columbus,United States,4120-4188 Scioto Darby Creek Rd,OH
Amazon AWS CMH - Scioto A,Amazon AWS,Hilliard,Columbus,United States,4120-4188 Scioto Darby Creek Rd,OH
Amazon AWS CMH - 4612 Cosgray,Amazon AWS,Hilliard,Columbus,United States,4612 Cosgray Rd,OH
Amazon AWS CMH - Scioto G,Amazon AWS,Hilliard,Columbus,United States,4120-4188 Scioto Darby Creek Rd,OH
Amazon AWS CMH - 4600 Cosgray,Amazon AWS,Hilliard,Columbus,United States,4600 Cosgray Rd,OH
Amazon AWS CMH - 8619 Industrial D,Amazon AWS,Plain City,Columbus,United States,8619 Industrial Parkway,OH
Meta Prometheus - Building 3,Meta,Etna,Columbus,United States,3 Community Cir,OH
Windstream Columbus,Windstream,Columbus,Columbus,United States,180 E Broad St,OH
Meta Prometheus - Building 4,Meta,Etna,Columbus,United States,3 Community Cir,OH
Amazon AWS CMH - 8619 Industrial B,Amazon AWS,Plain City,Columbus,United States,8619 Industrial Parkway,OH
Meta Prometheus Campus,Meta,Etna,Columbus,United States,1 Community Cir,OH
Amazon AWS CMH - Scioto D,Amazon AWS,Hilliard,Columbus,United States,4120-4188 Scioto Darby Creek Rd,OH
Microsoft - Thornwood Dr SW,Microsoft,Heath,Columbus,United States,Thornwood Dr SW & Hallie Ln Rd,OH
3000-3007 Etna Pkwy,Microsoft,Pataskala,Columbus,United States,3000-3007 Etna Pkwy,OH
Google Lancaster Data Center,Google,Lancaster,Columbus,United States,105 Whiley Rd,OH
Amazon AWS CMH - 8567 Warner C,Amazon AWS,Plain City,Columbus,United States,8567 Warner Road,OH
Microsoft - 129 N High St,Microsoft,Hebron,Columbus,United States,129 N High St,OH
Amazon AWS CMH - Scioto C,Amazon AWS,Hilliard,Columbus,United States,4120-4188 Scioto Darby Creek Rd,OH
Amazon AWS CMH - 4624 Cosgray,Amazon AWS,Hilliard,Columbus,United States,4624 Cosgray Rd,OH
QTS New Albany 2 DC1,QTS Data Centers,New Albany,Columbus,United States,785 Beech Road SW,OH
Amazon AWS CMH - 5121 Hayden,Amazon AWS,Hilliard,Columbus,United States,5121 Hayden Run Rd,OH
Amazon AWS CMH - 2675 Newton,Amazon AWS,Johnstown,Columbus,United States,2675 Newton Court,OH
Aligned - 6770 Mink St,Aligned Data Centers,Pataskala,Columbus,United States,6770 Mink St SW,OH
Amazon AWS CMH - 8619 Industrial A,Amazon AWS,Plain City,Columbus,United States,8619 Industrial Parkway,OH
Lumen Columbus 2,Lumen,Columbus,Columbus,United States,226 North Fifth Street,OH
Borden Building,Unknown Company,Columbus,Columbus,United States,180 E Broad St,OH
EdgeConneX New Albany - Phase II,EdgeConneX,Johnstown,Columbus,United States,Clover Vly Rd NW,OH
EdgeConneX New Albany - Phase I,EdgeConneX,Johnstown,Columbus,United States,9850 Innovation Campus Wy,OH
Vantage OH1 - New Albany Campus,Vantage Data Centers,Johnstown,Columbus,United States,3325-3205 Horizon Court,OH
DataBank - 251 Neilston St,DataBank,Columbus,Columbus,United States,251 Neilston St,OH
Lumen Columbus,Lumen,Columbus,Columbus,United States,226 North Fifth Street,OH
Vantage OH1 - Building 2,Vantage Data Centers,Johnstown,Columbus,United States,3205 Horizon Court,OH
Lumen Columbus 1,Lumen,Columbus,Columbus,United States,266 North 5th St,OH
QTS New Albany 1 DC1,QTS Data Centers,New Albany,Columbus,United States,1235 Beech Rd SW,OH
Vantage OH1 - Building 3,Vantage Data Centers,Johnstown,Columbus,United States,3205 Horizon Court,OH
QTS New Albany 1 DC2,QTS Data Centers,New Albany,Columbus,United States,1225 Beech Rd SW,OH
Amazon AWS CMH - 2875 Newton,Amazon AWS,Johnstown,Columbus,United States,2875 Newton Court,OH
Vantage OH1 - Building 1,Vantage Data Centers,Johnstown,Columbus,United States,3325 Horizon Court,OH
Amazon AWS CMH - 2575 Newton,Amazon AWS,Johnstown,Columbus,United States,2575 Newton Court,OH
Hostrunway Columbus,Hostrunway,Blacklick,Columbus,United States,within 2 km from the city,OH
Ark Data Centers Independence,Ark Data Centers,Independence,Cleveland,United States,7500 E Pleasant Valley Rd,OH
Fusion Connect - Cleveland,Fusion Connect,Cleveland,Cleveland,United States,1621 Euclid Ave,OH
Keith Building,K&D Real Estate Services,Cleveland,Cleveland,United States,1621 Euclid Avenue,OH
Aligned NEO-01,Aligned Data Centers,Sandusky,Cleveland,United States,2509 Hayes Ave,OH
Expedient Garfield Heights 2,Expedient Data Centers,Cleveland,Cleveland,United States,15248 NEO Parkway,OH
NCS Richmond Heights,NCS Datacom,Richmond Heights,Cleveland,United States,26391 Curtiss Wright Pkwy,OH
Brightspeed Lorain,Brightspeed,Lorain,Cleveland,United States,203 W 9th St,OH
Expedient Lewis Center,Expedient Data Centers,Lewis Center,Cleveland,United States,281 E Powell Rd,OH
Everstream Parma Data Center,Everstream,Parma,Cleveland,United States,12875 Corporate Dr,OH
Bay Pointe Data Center,Bay Pointe,Richfield,Cleveland,United States,2662 Brecksville Rd,OH
Windstream Cleveland,Windstream,Cleveland,Cleveland,United States,200 W Prospect Ave,OH
Expedient Garfield Heights 1,Expedient Data Centers,Cleveland,Cleveland,United States,15166 NEO Parkway,OH
Mangobay Cleveland,Mango Bay Internet,Brooklyn Heights,Cleveland,United States,1277 E Schaaf Rd,OH
Sterling Telecom Office Building,"Sterling Telecom Office Building, LLC",Cleveland,Cleveland,United States,1255 Euclid Avenue,OH
Lumen Cleveland 3,Lumen,Cleveland,Cleveland,United States,1621 Euclid Avenue,OH
Lumen Cleveland 1,Lumen,Cleveland,Cleveland,United States,4000 Chester Ave,OH
Lumen Cleveland 2,Lumen,Cleveland,Cleveland,United States,1228 Euclid,OH
Crown Castle Hartford,CROWN CASTLE,Hartford,Hartford,United States,960 Main St,CT
132 Griffin Road North,Atlas Capital Group,Bloomfield,Hartford,United States,132 Griffin Rd N,CT
NWI Networks Data Center,"New Wave Industries, Inc.",Newington,Hartford,United States,135 Day St,CT
The Computer Company Inc.,The Computer Company Inc.,Cromwell,Hartford,United States,15 Commerce Drive,CT
Lumen Hartford 1,Lumen,Hartford,Hartford,United States,155 Locust Street,CT
Data Suites,Data Suites,Murfreesboro,Nashville,United States,1020 W College St,TN
RadiusDC Nashville I,RadiusDC,Nashville,Nashville,United States,2902 Brick Church Pike,TN
Csquare - Nashville,Csquare,Gallatin,Nashville,United States,1398 Gateway Dr.,TN
Meta Gallatin Campus,Meta,Gallatin,Nashville,United States,1 Meta Lp,TN
Meta Gallatin - Building 5,Meta,Gallatin,Nashville,United States,Meta Lp,TN
Cogent Data Center - Nashville,"Cogent Communications, Inc.",Nashville,Nashville,United States,338 Woodycrest Ave,TN
DataBank - 209 10th Ave South,DataBank,Nashville,Nashville,United States,209 10th Ave South,TN
Windstream Nashville,Windstream,Nashville,Nashville,United States,940 3rd Ave North,TN
Scipio Technologies NREP,Scipio Technologies,Nashville,Nashville,United States,within the city of Nashville,TN
Meta Gallatin - Building 3,Meta,Gallatin,Nashville,United States,Meta Lp,TN
Meta Gallatin - Building 1,Meta,Gallatin,Nashville,United States,Meta Lp,TN
Meta Gallatin - Building 2,Meta,Gallatin,Nashville,United States,Meta Lp,TN
Meta Gallatin - Building 6,Meta,Gallatin,Nashville,United States,Meta Lp,TN
Meta Gallatin - Building 4,Meta,Gallatin,Nashville,United States,Meta Lp,TN
Windstream Brentwood,Windstream,Brentwood,Nashville,United States,105 Westwood Pl,TN
Lumen Nashville 1,Lumen,Nashville,Nashville,United States,2990 Sidco Drive,TN
Lumen Nashville 3,Lumen,Nashville,Nashville,United States,2208 9th Ave North,TN
Lumen Nashville 2,Lumen,Nashville,Nashville,United States,2530 Perimeter Place Drive,TN
Lumen Berry Hill,Lumen,Berry Hill,Nashville,United States,708 Melrose Ave,TN
EdgeConneX Memphis - EDCMEM01,EdgeConneX,Memphis,Memphis,United States,"4005 S Mendenhall Rd, Unit #6",TN
Collierville Enterprise Data Center,Aphorio Carter,Collierville,Memphis,United States,9 FedEx Pkwy,TN
DataBank MEM1 - Memphis,DataBank,Memphis,Memphis,United States,7620 Appling Center Dr,TN
The STEM Practice Memphis,The STEM Practice,Memphis,Memphis,United States,1341 Sycamore View Rd,TN
Connect Memphis,Connect Data Centers by Oppidan,Memphis,Memphis,United States,3900 S Mendenhall Rd,TN
5CDC Memphis - MEM01,5C Group Inc.,Memphis,Memphis,United States,4280 Getwell Rd,TN
5414 Tulane Road,xAI Corp,Memphis,Memphis,United States,5414 Tulane Rd,TN
Verizon Memphis,Verizon Communications Inc.,Memphis,Memphis,United States,5127 Truse Rd,TN
xAI Colossus 1,xAI Corp,Memphis,Memphis,United States,3231 Riverport Rd,TN
Sentinel TN-1,Sentinel Datacenters,Memphis,Memphis,United States,3180 Players Ln,TN
xAI Colossus 2,xAI Corp,Whitehaven,Memphis,United States,5400 Tulane Rd,TN
Lumen Memphis 1,Lumen,Memphis,Memphis,United States,3993 Crowfarn Drive,TN
TenHats Knoxville,TenHats,Knoxville,Knoxville,United States,550 Fort Summit Way,TN
Scipio Technologies Knoxville,Scipio Technologies,Knoxville,Knoxville,United States,500 W. Summit Hill,TN
CleanSpark Mountain City,CleanSpark,Mountain City,Knoxville,United States,178 Rainbow Rd,TN
CleanSpark New Tazewell,CleanSpark,New Tazewell,Knoxville,United States,3750 Tennessee-33,TN
Windstream Knoxville,Windstream,Knoxville,Knoxville,United States,2333 Lovell Rd,TN
CleanSpark Jellico,CleanSpark,Jellico,Knoxville,United States,131-181 Douglas Ln,TN
CleanSpark Lenoir City,CleanSpark,Lenoir City,Knoxville,United States,14250 Hickory Creek Rd l,TN
CleanSpark Winfield,CleanSpark,Winfield,Knoxville,United States,708 Pine Grove Rd,TN
Bitdeer Tennessee,Bitdeer Technologies Group,Knoxville,Knoxville,United States,5101 S National Dr,TN
PORTS Technology Campus - Phase 2,SB Energy,,OH,United States,,OH
GW Ranch,Pacifico Energy,,TX,United States,,TX
Nexus Data Centers Hubbard Data Center,Nexus Data Centers,,TX,United States,,TX
New Era Lea Data Center,New Era Energy,,NM,United States,,NM
Monarch Compute Campus - Phase 2,American Intelligence & Power,,WV,United States,,WV
Fermi - Phase 3 (SMR/Expansion),Fermi America,,TX,United States,,TX
Homer City Energy Campus,Homer City Redevelopment,,PA,United States,,PA
Fermi - Phase 2 (Nuclear),Fermi America,,TX,United States,,TX
Tract Caldwell Valley,Tract,,TX,United States,,TX
High Performance Compute Data Center Campus,Joule Capital Partners,,UT,United States,,UT
Aligned Shippingport Data Center,Aligned,,PA,United States,,PA
Sailfish Comanche Circle,Sailfish Digital Ventures,,TX,United States,,TX
Hyperion - Phase 2,Meta,,LA,United States,,LA
Vermaland La Osa Data Center Campus,Vermaland,,AZ,United States,,AZ
Gainseville Data Center,Microsoft,,VA,United States,,VA
North Creek Tech Campus,Amazon,,VA,United States,,VA
Microsoft Pecos Data Center,Microsoft,,TX,United States,,TX
Tract Virginia Highlands,Tract,,NV,United States,,NV
AWS Hobart,Amazon,,IN,United States,,IN
Tract Hanover,Tract,,VA,United States,,VA
Stargate - Project Jupiter,Stack Infrastructure,,NM,United States,,NM
Birchwood AWS,Amazon,,VA,United States,,VA
George Washington Village Data Center,Garrett Development Corporation,,VA,United States,,VA
Fermi - Phase 1 (Gas),Fermi America,,TX,United States,,TX
Monarch Compute Campus - Phase 1,American Intelligence & Power,,WV,United States,,WV
Eneus Energy Cameron Data Center,Eneus Energy,,TX,United States,,TX
Delta Gigasite,Fibernet,,UT,United States,,UT
Hyperion - Phase 1,Meta,,LA,United States,,LA
Google Southeast Nebraska Data Center,Google,,NE,United States,,NE
Provident Data Center Texas,Provident Data Centers,,TX,United States,,TX
Tract Buckeye,Tract,,AZ,United States,,AZ
Crusoe WY Campus,Crusoe,,WY,United States,,WY
Project Cardinal Data Center,Pioneer Development,,IL,United States,,IL
AWS New Carlisle - Expansion,Amazon,,IN,United States,,IN
Tract Pole Canyon,Tract,,UT,United States,,UT
LC Campus,CloudHQ,,VA,United States,,VA
Fundamental Ridgeline Data Center,Fundamental Data LLC,,WV,United States,,WV
IREN Oklahoma,IREN,,OK,United States,,OK
Colossus 2,xAI,,TN,United States,,TN
Digital Gateway (Compass),Compass Datacenters,,VA,United States,,VA
Crusoe Victoria Data Center,Crusoe,,TX,United States,,TX
Wilderness Crossing,Amazon,,VA,United States,,VA
Casper Data Center,Prometheus Hyperscale,,WY,United States,,WY
Gouldsboro Data Center,1778 Rich Pike LLC,,PA,United States,,PA
Project Horizon Phase 2,Poolside,,TX,United States,,TX
Takanock Goshen Data Center,Takanock,,IN,United States,,IN
Digital Gateway (QTS),QTS,,VA,United States,,VA
Hassayampa Ranch Data Center,Arizona Land Consulting,,AZ,United States,,AZ
Antelope Data Center,Pronghorn Development LLP,,UT,United States,,UT
Fairwater 1 - Mount Pleasant,Microsoft,,WI,United States,,WI
Stargate - Frontier,Vantage Data Centers,,TX,United States,,TX
Stargate - Michigan Data Center,Related Digital,,MI,United States,,MI
PAX – Pennsylvania Digital I,PowerHouse,,PA,United States,,PA
PowerHouse Grand Prairie - Phase 2,PowerHouse,,TX,United States,,TX
Spring Valley Technology Park,Active Infrastructure,,VA,United States,,VA
Talen Energy Montour Data Center,Talen Energy,,PA,United States,,PA
Zenith Volts Roswell Data Center,Zenith Volts,,NM,United States,,NM
Tract South Valley,Tract,,NV,United States,,NV
Oasis Dahlgren West Data Center,Oasis Digital Properties,,VA,United States,,VA
CloudBurst San Marcos Data Center,CloudBurst,,TX,United States,,TX
MSB Matrix Data Center Phase 2,MSB Global Services,,TX,United States,,TX
Google Monrovia Data Center,Google,,IN,United States,,IN
Project Washington Campus,Starwood Digital Ventures,,DE,United States,,DE
Bilateral Energy Knox Ranch Data Center,Bilateral Energy LLC,,TX,United States,,TX
Project Zodiac - Phase 2,Google,,IN,United States,,IN
EdgeCore Shannon Hill Campus,EdgeCore,,VA,United States,,VA
Stack Infrastructure Stafford Campus,Stack Infrastructure,,VA,United States,,VA
Madison Data Centers,Amazon,,MS,United States,,MS
Goodnight Campus,Crusoe,,TX,United States,,TX
InfraKey Lacy Lakeview Data Center,InfraKey Capital,,TX,United States,,TX
Treetop Development Data Center,Donovan Drive Holdings LLC,,NY,United States,,NY
Abilene Stargate Campus - Phase 2,Crusoe,,TX,United States,,TX
Huntley Page Data Center,Huntley LLC,,AZ,United States,,AZ
Meta El Paso Data Center,Meta,,TX,United States,,TX
Tract Morris Data Center,Tract,,IL,United States,,IL
Chesapeake Data,TeraWulf,,MD,United States,,MD
Lebanon Data Center,Meta,,IN,United States,,IN
Western Lands,Digital Realty,,VA,United States,,VA
Peterson Stafford Data Center,Stack Infrastructure,,VA,United States,,VA
Project Cannoli,Google,,MI,United States,,MI
Project Jarvis,,,FL,United States,,FL
Tract Altoona,Tract,,IA,United States,,IA
Microsoft Granger Data Center,Microsoft,,IN,United States,,IN
AWS Susquehanna Data Center,Amazon,,PA,United States,,PA
Robena Data Center,International Electric Power of Pittsburgh,,PA,United States,,PA
Hansen Farm Data Center,Microsoft,,VA,United States,,VA
Stargate - Lighthouse,Vantage Data Centers,,WI,United States,,WI
Kingsboro Data Center Campus,Energy Storage Solutions,,NC,United States,,NC
Pine Ridge Technology Center,Eagle Rock Partners LLC,,GA,United States,,GA
Project Sail,Prologis,,GA,United States,,GA
Mountain Road Technology Park,Tract,,VA,United States,,VA
Prologis Shelbyville Data Center,Prologis,,IN,United States,,IN
Crusoe Abilene Microsoft AI Factory,Crusoe,,TX,United States,,TX
Google Wilbarger County Data Center,Google,,TX,United States,,TX
Meitner Data Center,Google,,TX,United States,,TX
Tract Peru Shelf,Tract,,NV,United States,,NV
Helios,Galaxy Digital,,TX,United States,,TX
MSB Matrix Data Center Phase 1,MSB Global Services,,TX,United States,,TX
Viridian Janesville GM Plant Data Center,Viridian Acquisitions LLC,,WI,United States,,WI
Vantage Millersport Campus,Vantage Data Centers,,OH,United States,,OH
Cologix Johnstown OH Campus,Cologix,,OH,United States,,OH
PORTS Technology Campus - Phase 1,SB Energy,,OH,United States,,OH
Mattameade Tech Campus,Amazon,,VA,United States,,VA
Cielo Hudson Data Center,Cielo Digital Infrastructure,,CO,United States,,CO
QTS Phoenix 3 Campus,QTS,,AZ,United States,,AZ
IREN Childress (Bitcoin mining),IREN,,TX,United States,,TX
Tract Applewhite,Tract,,TX,United States,,TX
Tract Sapphire,Tract,,NV,United States,,NV
CyrusOne Springfield Data Center,CyrusOne,,IL,United States,,IL
QTS: Big Cedar Industrial Center,QTS,,IA,United States,,IA
Bristolville 25 Lordstown Data Center,Bristolville 25 Developer,,OH,United States,,OH
PowerHouse 95 - Phase 2,PowerHouse,,VA,United States,,VA
AWS Comanche Peak Campus,Amazon,,TX,United States,,TX
CyrusOne Yorkville Campus Phase 1,CyrusOne,,IL,United States,,IL
Project Spectrum,Amazon,,TX,United States,,TX
Penzance Bedington Intelligence Center,Penzance Management,,WV,United States,,WV
Gibson County Data Center,,,IN,United States,,IN
DCD Kansas Data Center,Red Wolf DCD Properties,,KS,United States,,KS
SAT Campus,CloudHQ,,TX,United States,,TX
Vantage IN Data Center,Vantage Data Centers,,IN,United States,,IN
Cedar Rapids Data Center,Google,,IA,United States,,IA
PowerCampus Austin,Skybox,,TX,United States,,TX
Breaker Street Data Center,Catalyst Commercial Development,,PA,United States,,PA
Hut 8 River Bend Campus,Hut 8,,LA,United States,,LA
GigaPop Red Oak,Lincoln Property Company,,TX,United States,,TX
La Porte Data Center,Microsoft,,IN,United States,,IN
AWS New Carlisle - Phase 1,Amazon,,IN,United States,,IN
Taho Reno 2 and 3,Switch,,NV,United States,,NV
Sentinel Hebron Data Center,Sentinel Data Centers,,IN,United States,,IN
Compass Datacenters: MS,Compass Datacenters,,MS,United States,,MS
Stack Infrastructure DFW02,Stack Infrastructure,,TX,United States,,TX
Van Wert Data Center,Thor Equities,,OH,United States,,OH
PowerHouse Grand Prairie - Phase 1,PowerHouse,,TX,United States,,TX
Henrico Data Center,Meta,,VA,United States,,VA
Zediker Station Data Center,CNX Resources,,PA,United States,,PA
Quantica Big Sky Data Center,Quantica Infrastructure,,MT,United States,,MT
Western Hospitality Childersburg Data Center,Western Hospitality Partners,,AL,United States,,AL
Tract Medina Technology Park,Tract,,TX,United States,,TX
Cielo Minooka Data Center,Cielo Digital Infrastructure,,IL,United States,,IL
Cloverleaf Troy Data Center,Cloverleaf Infrastructure,,IL,United States,,IL
Cielo Mustang Ridge Data Center,Cielo Digital Infrastructure,,TX,United States,,TX
Gemini Data Center Sioux Falls,Gemini Data Center SD LLC,,SD,United States,,SD
Cielo Kansas City Data Center,Cielo Digital Infrastructure,,MO,United States,,MO
New Haven Data Center,,,IN,United States,,IN
Project Horizon Phase 1,Poolside,,TX,United States,,TX
Davis-Monthan AFB Data Center,US Government,,AZ,United States,,AZ
Hut 8 Latham Data Center,Hut 8,,IL,United States,,IL
Five 9s Digital Aliquippa Data Center,Fezzik Energy,,PA,United States,,PA
DFW11 (Red Oak Campus),DataBank,,TX,United States,,TX
DFW12 (Red Oak Campus),DataBank,,TX,United States,,TX
Justified Data,TeraWulf,,KY,United States,,KY
PowerHouse Hobart,PowerHouse,,IN,United States,,IN
EdgeCore Mesa: PH03,EdgeCore,,AZ,United States,,AZ
Balico: Pittslyvania County,Balico,,VA,United States,,VA
Cosner Tech Campus,Amazon,,VA,United States,,VA
75 South Data Center Campus,Industrial VI Enterprises / Hillwood,,GA,United States,,GA
Microsoft Project Ginger East,Microsoft,,IA,United States,,IA
North Country Data Center,North Country Colocation Services,,NY,United States,,NY
Applied Digital SD Campus,Applied Digital,,SD,United States,,SD
Terra Data Center,Terra Ventures,,CA,United States,,CA
Microsoft Van Meter,Microsoft,,IA,United States,,IA
Jeffersonville Data Center,Meta,,IN,United States,,IN
PowerHouse Louisville,PowerHouse,,KY,United States,,KY
Digital Realty Charlotte Campus,Digital Realty,,NC,United States,,NC
Lake Hawkeye,TeraWulf,,NY,United States,,NY
Southwest Crossing Data Center,Ryan Companies,,AZ,United States,,AZ
Project Azalea Data Center,Williams Brothers Development,,GA,United States,,GA
Project Zodiac - Phase 1,Google,,IN,United States,,IN
Pampa Natural Gas Data Center,APR Energy,,TX,United States,,TX
Geronimo Power Data Center,Geronimo Power,,MN,United States,,MN
Project Pyramid,Google,,AR,United States,,AR
CyrusOne DFW10,CyrusOne,,TX,United States,,TX
Brazil Data Center,,,IN,United States,,IN
Core Scientific: Denton 1,Core Scientific,,TX,United States,,TX
AWS Becker,Amazon,,MN,United States,,MN
MCC Campus,CloudHQ,,VA,United States,,VA
CyrusOne Freestone Data Center,CyrusOne,,TX,United States,,TX
Fontus Data Centre Project,Westbridge Renewable Energy,,CO,United States,,CO
Powhatan Technology Park,Province Group,,VA,United States,,VA
East Wenatchee Campus,Microsoft,,WA,United States,,WA
DFW - Red Oak,Compass Datacenters,,TX,United States,,TX
"Lake Mariner - CB-3, CB-4 & CB-5",TeraWulf,,NY,United States,,NY
Cielo Clarksville Data Center,Cielo Digital Infrastructure,,TN,United States,,TN
Fairwater 2 - Atlanta,Microsoft,,GA,United States,,GA
Panther Creek - Phase 1,T5 Data Centers,,PA,United States,,PA
Hillcrest Campus,Microsoft,,VA,United States,,VA
Imperial Valley AI Data Center,Google,,CA,United States,,CA
Becker Data Center,Microsoft,,MN,United States,,MN
Project Steamboat - Fulton Data Center,Microsoft,,GA,United States,,GA
Lake Mariner expansion,TeraWulf,,NY,United States,,NY
Marble Hill Data Center,,,IN,United States,,IN
Rosemount Data Center,Meta,,MN,United States,,MN
Related Digital Cheyenne Data Center,Related Digital,,WY,United States,,WY
Chirisa Technology Parks: DDC Campus,Chirisa Technology Parks,,VA,United States,,VA
Novva Mesa Arizona,Novva,,AZ,United States,,AZ
Black Pearl Bitcoin mining,Cipher Mining,,TX,United States,,TX
Council Bluffs Data Center - Campus 2 West,Google,,IA,United States,,IA
Archer: Dallas Campus,Archer Datacenters,,TX,United States,,TX
Data City,Energy Abundance Development Corporation,,TX,United States,,TX
Coal Creek Data Center,Rainbow Energy,,ND,United States,,ND
Nebius NJ Data Center,Nebius,,NJ,United States,,NJ
Calvano: Wichita Falls City,Calvano Development,,TX,United States,,TX
Polaris Forge 2,Applied Digital,,ND,United States,,ND
PowerCampus Dallas,Skybox,,TX,United States,,TX
Cielo New Lenox Data Center,Cielo Digital Infrastructure,,IL,United States,,IL
T5@ATL IV,T5 Data Centers,,GA,United States,,GA
T5@ATL III,T5 Data Centers,,GA,United States,,GA
Cielo Cherokee County Campus,Cielo Digital Infrastructure,,SC,United States,,SC
PowerHouse Charlotte,PowerHouse,,NC,United States,,NC
Rowan Temple Data Center,Rowan Digital Infrastructure,,TX,United States,,TX
Cielo Haines City Data Center,Cielo Digital Infrastructure,,FL,United States,,FL
Cielo Chisago Data Center,Cielo Digital Infrastructure,,MN,United States,,MN
Ranalli Lysander Data Center,Ranalli Super DC LLC,,NY,United States,,NY
CleanSpark Brazoria Data Center,CleanSpark,,TX,United States,,TX
Dickerson Data Center,Atmosphere Data Centers,,MD,United States,,MD
Rowan Cinco Data Center,Rowan Digital Infrastructure,,TX,United States,,TX
Avaio Digital Appomattox,Avaio Digital Partners,,VA,United States,,VA
Province Group,Province Group,,VA,United States,,VA
Greenlin Park data center,JK Land Holdings,,VA,United States,,VA
MDC Campus,CloudHQ,,VA,United States,,VA
Richmond Campus (Menlo Digital),Menlo Digital,,VA,United States,,VA
PowerHouse 1600 Digital Drive,PowerHouse,,VA,United States,,VA
NE Edge Millstone Data Center,NE Edge,,CT,United States,,CT
Stargate - Milam Campus,SB Energy,,TX,United States,,TX
PowerHouse 95 - Phase 1,PowerHouse,,VA,United States,,VA
SDC VA-04,SDC Capital Partners,,VA,United States,,VA
SDC VA-05,SDC Capital Partners,,VA,United States,,VA
Ashburn Data Center Campus VA3,Vantage Data Centers,,VA,United States,,VA
CleanSpark Houston Data Center,CleanSpark,,TX,United States,,TX
CleanSpark Austin County Data Center,CleanSpark,,TX,United States,,TX
Stream Data Center: Phoenix I-VII,Stream Data Centers,,AZ,United States,,AZ
Colossus 1,xAI,,TN,United States,,TN
QTS Atlanta 1,QTS,,GA,United States,,GA
Boyd Farms Data Center,Microsoft,,NC,United States,,NC
Stover North Data Center,Microsoft,,NC,United States,,NC
Lyle Creek Data Center,Microsoft,,NC,United States,,NC
Arcola Pacific Campus,PowerHouse,,VA,United States,,VA
Aligned Quantum Frederick campus,Aligned,,MD,United States,,MD
DFW III-I,Compass Datacenters,,TX,United States,,TX
CoreWeave Digital Crossroads Data Center,Decennial Group,,IN,United States,,IN
Phoenix Campus (Menlo Digital),Menlo Digital,,AZ,United States,,AZ
ORD Campus,CloudHQ,,IL,United States,,IL
QTS Fayetteville,QTS,,GA,United States,,GA
Texas Critical Ector Data Center,Texas Critical Data Centers,,TX,United States,,TX
CoreWeave Kenilworth Campus,CoreWeave,,NJ,United States,,NJ
Core Scientific: Cottonwood 1 & 2,Core Scientific,,TX,United States,,TX
Stream Data Center: Genesse County,Stream Data Centers,,NY,United States,,NY
Southeast Data Center campus,QTS,,GA,United States,,GA
Stingray,Cipher Mining,,TX,United States,,TX
Sabey Indianapolis Data Center,Sabey,,IN,United States,,IN
River Park,"River Park Industrial, LLC",,GA,United States,,GA
Stack Infrastructure PHX02 Campus,Stack Infrastructure,,AZ,United States,,AZ
Crow Holdings / CleanArc Dallas Campus,CleanArc Data Centers,,TX,United States,,TX
QTS Richmond 1,QTS,,VA,United States,,VA
QTS Richmond 3,QTS,,VA,United States,,VA
Stream Data Center: GA,Stream Data Centers,,GA,United States,,GA
Stream Data Center: Wilmer II Hyperscale Campus (DFW C),Stream Data Centers,,TX,United States,,TX
Prime Data Centers: Phoenix Campus,Prime Data Centers,,AZ,United States,,AZ
Bauxite Data Center 1,Rowan Digital Infrastructure,,MD,United States,,MD
Tract Peru Ridge,Tract,,NV,United States,,NV
Stack Infrastructure PHX01 Campus,Stack Infrastructure,,AZ,United States,,AZ
Reno Data Center Campus: NV1,Vantage Data Centers,,NV,United States,,NV
DC Blox - ATL East Data Center,DC Blox,,GA,United States,,GA
CLP Campus,CloudHQ,,VA,United States,,VA
Phoenix - Goodyear,Compass Datacenters,,AZ,United States,,AZ
QTS Phoenix II Campus,QTS,,AZ,United States,,AZ
Microsoft Project Ginger West,Microsoft,,IA,United States,,IA
Ashburn Data Center Campus VA1,Vantage Data Centers,,VA,United States,,VA
Hut 8 Vega Campus,Hut 8,,TX,United States,,TX
Pioneer Park (Phase 1 and 2),DataNovaX,,TX,United States,,TX
EdgeConneX ATL11-13,EdgeConneX,,GA,United States,,GA
PowerHouse Irving,PowerHouse,,TX,United States,,TX
Chicago (Hoffman Estates),Compass Datacenters,,IL,United States,,IL
T5 @ Augusta,T5 Data Centers,,GA,United States,,GA
MSP Campus,CloudHQ,,MN,United States,,MN
AREP Powerhouse Las Colinas,American Real Estate Partners,,TX,United States,,TX
PowerHouse Reno,PowerHouse,,NV,United States,,NV
Stream Data Center: San Antonio III - VII,Stream Data Centers,,TX,United States,,TX
Applied Digital Adair Data Center,Applied Digital,,IA,United States,,IA
Abilene Stargate Campus - Phase 1,Crusoe,,TX,United States,,TX
Prominent Jarell Data Center,Prominent Property Group,,TX,United States,,TX
Fort Worth Data Center,Meta,,TX,United States,,TX
Eagle Rock Jones County Data Center,Eagle Rock Partners LLC,,GA,United States,,GA
Chirisa Technology Parks: CTP 04/05/06,Chirisa Technology Parks,,VA,United States,,VA
Iron Mountain White Oak Technology Park (RCH1-RCH2-RCH3),Iron Mountain,,VA,United States,,VA
EdgeConneX Ashville Data Center,EdgeConneX,,OH,United States,,OH
Culpeper Campus Data Center (IAD 5 and IAD6),DataBank,,VA,United States,,VA
New Albany Data Center Campus: OH1,Vantage Data Centers,,OH,United States,,OH
Vantage VA4,Vantage Data Centers,,VA,United States,,VA
QTS Manassas DC1-DC6,QTS,,VA,United States,,VA
Soluna Project Rosa,Soluna Holdings,,TX,United States,,TX
IAD 01-04,Microsoft,,VA,United States,,VA
QTS Hillsboro 2,QTS,,OR,United States,,OR
Clayton Commerce III Data Center,TA Realty / EdgeconneX,,GA,United States,,GA
Aligned Phoenix PHX 01/02/03,Aligned,,AZ,United States,,AZ
DC Blox - ATL West Data Center,DC Blox,,GA,United States,,GA
Cheswick/Springdale AI Data Center Redevelopment,Davidson Kempner Capital Management,,PA,United States,,PA
QTS Richmond 2,QTS,,VA,United States,,VA
Phoenix Data Center Campus: AZ1,Vantage Data Centers,,AZ,United States,,AZ
Project Lufkin Data Center,Amp Z,,TX,United States,,TX
PowerHouse Arcola,PowerHouse,,VA,United States,,VA
Townsite Solar 2 Boulder City Data Center,Townsite Solar 2 LLC,,NV,United States,,NV
Core Scientific: Dalton 4,Core Scientific,,GA,United States,,GA
Abernathy Data Center (Fluidstack / Anthropic),TeraWulf,,TX,United States,,TX
Soluna Project Kati,Soluna Holdings,,TX,United States,,TX
Colossus 3,xAI,,MS,United States,,MS
Stack Infrastructure ATL02 Lithia Springs Data Center,Stack Infrastructure,,GA,United States,,GA
Northlake Chicago CH1,Microsoft,,IL,United States,,IL
Temple Data Center,Meta,,TX,United States,,TX
Stack Infrastructure NVA05 Campus,Stack Infrastructure,,VA,United States,,VA
Avaio Digital Leo,Avaio Digital Partners,,AR,United States,,AR
Cielo Des Moines Data Center,Cielo Digital Infrastructure,,IA,United States,,IA
Security Land Baltimore Data Center,Security Land and Development,,MD,United States,,MD
Papillion Data Center - Phase 2,Google,,NE,United States,,NE
"Core Scientific: Calvert 1, 2 & 3",Core Scientific,,KY,United States,,KY
Polaris Forge 1 Campus - Phase 3,Applied Digital,,ND,United States,,ND
Polaris Forge 1 Campus - Phase 2,Applied Digital,,ND,United States,,ND
Microsoft Project Osmium,Microsoft,,IA,United States,,IA
FO Permian Partners Data Center,FO Permian Partners / HiVolt Energy,,TX,United States,,TX
Scannell Monticello Data Center,Scannell Properties,,MN,United States,,MN
Soluna Project Gladys,Soluna Holdings,,TX,United States,,TX
Sterling Data Center (Menlo Digital),Menlo Digital,,VA,United States,,VA
New Albany 1,QTS,,OH,United States,,OH
Core Scientific: Dalton 3,Core Scientific,,GA,United States,,GA
Tahoe Reno 1,Switch,,NV,United States,,NV
Gainesville Crossing Data Campus Building 4 and 5,Corscale,,VA,United States,,VA
Council Bluffs Data Center - Campus 2 East,Google,,IA,United States,,IA
Tract Pony Express,Tract,,UT,United States,,UT
EdgeConneX New Albany Campus,EdgeConneX,,OH,United States,,OH
Chirisa Technology Parks: CTP02 and CTP03,Chirisa Technology Parks,,VA,United States,,VA
Northern Data: Maysville,Northern Data,,GA,United States,,GA
ASH1,Cologix,,VA,United States,,VA
Aligned Ashburn IAD 02,Aligned,,VA,United States,,VA
Los Lunas Data Center,Meta,,NM,United States,,NM
West Jordan Campus - Phase 1,Novva,,UT,United States,,UT
Soluna Project Hedy,Soluna Holdings,,TX,United States,,TX
Archer: Minneapolis Campus,Archer Datacenters,,MN,United States,,MN
Taurus Data Center Hub,Avaio Digital Partners,,MS,United States,,MS
EdgeConneX PHX11,EdgeConneX,,AZ,United States,,AZ
EdgeCore  AS01 and AS02,EdgeCore,,VA,United States,,VA
Microsoft Project Ruthenium,Microsoft,,IA,United States,,IA
MMM Acquisitions Data Center,MMM Acquisitions,,GA,United States,,GA
Phoenix - El Mirage,Compass Datacenters,,AZ,United States,,AZ
Core Scientific: Marble 1,Core Scientific,,NC,United States,,NC
Soluna Project Ellen,Soluna Holdings,,TX,United States,,TX
Amazon ATL 16,Digital Realty,,GA,United States,,GA
Amazon ATL 15,Digital Realty,,GA,United States,,GA
Evoque TN campus (including expansion),Centersquare (formerly Evoque),,TN,United States,,TN
Papillion Data Center - Phase 1,Google,,NE,United States,,NE
Core Scientific: Grand Forks 1,Core Scientific,,ND,United States,,ND
Aligned Salt Lake SLC 03,Aligned,,UT,United States,,UT
Las Vegas Campus - Phase 1,Novva,,NV,United States,,NV
Metrobloks Southfield Data Center,Metrobloks,,MI,United States,,MI
Soluna Project Fei,Soluna Holdings,,TX,United States,,TX
QTS Hillsboro 3,QTS,,OR,United States,,OR
Crane PDX01 Data Center,Crane Data Centers,,OR,United States,,OR
Thor Equities Augusta Data Center,Thor Equities,,MI,United States,,MI
Edwards AFB Data Center,,,CA,United States,,CA
GotSpace Bozrah Data Center,GotSpace,,CT,United States,,CT
Ameresco NAS Lemoore Data Center,CyrusOne,,CA,United States,,CA
Polaris Forge 1 Campus - Phase 1,Applied Digital,,ND,United States,,ND
Machine Investment Group: Harrison Pike,Machine Investment Group,,PA,United States,,PA
Edged ATL01-02,Edged,,GA,United States,,GA
Hamilton Innovation Center,Logistix Property Group,,OH,United States,,OH
Core Scientific: Muskogee 1,Core Scientific,,OK,United States,,OK
Atlantic Station,Skybox,,TX,United States,,TX
Alviso-Milpitas San Jose Campus,Microsoft,,CA,United States,,CA
WhiteFiber Madison Data Center,Bit Digital,,NC,United States,,NC
SJDC 04,Microsoft,,CA,United States,,CA
Goodman San Jose Data Center,Goodman Group,,CA,United States,,CA
Stack Infrastructure POR03 Expansion,Stack Infrastructure,,OR,United States,,OR
Ashburn Data Center Campus VA2,Vantage Data Centers,,VA,United States,,VA
Iron Mountain VA-3,Iron Mountain,,VA,United States,,VA
NTT Ashburn VA11,NTT,,VA,United States,,VA
Aligned Data Centers: NEO-01,Aligned,,OH,United States,,OH
Project Rita,,,GA,United States,,GA
QTS Chicago (including building 2 expansion),QTS,,IL,United States,,IL
Serverfarm Covington,Serverfarm,,GA,United States,,GA
CyrusOne DFW1,CyrusOne,,TX,United States,,TX
PNJ-01 / -02,Chirisa Technology Parks,,NJ,United States,,NJ
QTS San Antonio,QTS,,TX,United States,,TX
Stream Data Center: DFW VIII –X,Stream Data Centers,,TX,United States,,TX
COL6,Cologix,,OH,United States,,OH
Quincy Data Center Campus: WA1,Vantage Data Centers,,WA,United States,,WA
New Albany 2,QTS,,OH,United States,,OH
Santa Clara Data Center CA1,Vantage Data Centers,,CA,United States,,CA
QTS Ashburn 2 DC1,QTS,,VA,United States,,VA
QTS Irving  DFW2-DC1 & 2,QTS,,TX,United States,,TX
Project Annie data center,Soluna Holdings,,TX,United States,,TX
Metrobloks Indianapolis Data Center,Metrobloks,,IN,United States,,IN
West Jordan Campus - Phase 2,Novva,,UT,United States,,UT
Santa Clara Data Center CA2,Vantage Data Centers,,CA,United States,,CA
Edged Chicago ORD01-2,Edged,,IL,United States,,IL
Aligned Hillsboro PDX-01,Aligned,,OR,United States,,OR
Stack Infrastructure NVA06 Campus,Stack Infrastructure,,VA,United States,,VA
Lithia Springs Campus Data Center: ATL6,DataBank,,GA,United States,,GA
Prime Data Centers: ORD01-01,Prime Data Centers,,IL,United States,,IL
West Jordan Campus - Phase 3,Novva,,UT,United States,,UT
Aligned Ashburn IAD 03,Aligned,,VA,United States,,VA
Gainesville Crossing Data Campus Building 1,Corscale,,VA,United States,,VA
Gainesville Crossing Data Campus Building 2,Corscale,,VA,United States,,VA
QTS Fort Worth,QTS,,TX,United States,,TX
QTS East Windsor,QTS,,NJ,United States,,NJ
CyrusOne DFW7,CyrusOne,,TX,United States,,TX
Lake Mariner - CB-1 and CB-2,TeraWulf,,NY,United States,,NY
NTT Hillsboro HI2,NTT,,OR,United States,,OR
QTS Piscataway,QTS,,NJ,United States,,NJ
Santa Clara Data Center CA3,Vantage Data Centers,,CA,United States,,CA
Altoona Data Center,Meta,,IA,United States,,IA
PowerHouse CTP-02,PowerHouse,,VA,United States,,VA
Greenidge Generation: Data Journey,Data Journey,,SC,United States,,SC
PowerHouse ABX-1,PowerHouse,,VA,United States,,VA
Aligned Ashburn IAD 01,Aligned,,VA,United States,,VA
Skybox Santa Clara,Skybox,,CA,United States,,CA
Novva Tahoe Reno,Novva,,NV,United States,,NV
Red Oak Data Center: DFW9,DataBank,,TX,United States,,TX
PowerHouse CTP-03,PowerHouse,,VA,United States,,VA
Henderson Data Center,Google,,NV,United States,,NV
Deep Atomic INL Data Center,Deep Atomic,,ID,United States,,ID
1977 Saturn Data Center,HMC Capital,,CA,United States,,CA
Digihost: AL Site: Phase 1 and 2,US Data Centers,,AL,United States,,AL
Sabey Ashburn Building A,Sabey,,VA,United States,,VA
Prime Data Centers: ORD01-02,Prime Data Centers,,IL,United States,,IL
Digital Realty PHX15,Digital Realty,,AZ,United States,,AZ
Gainesville Crossing Data Campus Building 3,Corscale,,VA,United States,,VA
DC Blox - Birmingham Expansion,DC Blox,,AL,United States,,AL
Prime Data Centers: ORD01-03,Prime Data Centers,,IL,United States,,IL
Raeden Project Taurus,Raeden,,CO,United States,,CO
Apple Mesa Global Data Command Center,Apple,,AZ,United States,,AZ
IREN Horizon 3,IREN,,TX,United States,,TX
IREN Horizon 4,IREN,,TX,United States,,TX
Cloud Centers Lisle Data Center,Cloud Centers,,IL,United States,,IL
COL4,Cologix,,OH,United States,,OH
IREN Horizon 2,IREN,,TX,United States,,TX
Amazon Gilroy Data Center,Amazon,,CA,United States,,CA
PhoenixNAP PHX02,PhoenixNAP,,AZ,United States,,AZ
Jumping Bison Greensburg Data Center,Jumping Bison LLC,,IN,United States,,IN
Jet.AI Moapa Data Center,Jet.AI,,NV,United States,,NV
Core Scientific: Dalton 1 & 2,Core Scientific,,GA,United States,,GA
BluSky AI Delta Data Center,BluSky AI,,UT,United States,,UT
Centersquare ORD2,Centersquare (formerly Evoque),,IL,United States,,IL
CyrusOne DFW3-5,CyrusOne,,TX,United States,,TX
QTS Suwanee 1,QTS,,GA,United States,,GA
Hut 8 Project 4,Hut 8,,IL,United States,,IL
Sabey Butte Data Center,Sabey,,MT,United States,,MT
Sunnyvale Site (Menlo Digital),Menlo Digital,,CA,United States,,CA
Lithia Springs Campus Data Center: ATL5,DataBank,,GA,United States,,GA
Iron Mountain AZP-2,Iron Mountain,,AZ,United States,,AZ
Aligned Salt Lake SLC 02,Aligned,,UT,United States,,UT
CyrusOne HOU4,CyrusOne,,TX,United States,,TX
Yondr Loudoun Campus Phase 1,Yondr,,VA,United States,,VA
Prime Data Centers: DFW04-03.01,Prime Data Centers,,TX,United States,,TX
Prime Data Centers: DFW04-01.01,Prime Data Centers,,TX,United States,,TX
Prime Data Centers: DFW04-02.01,Prime Data Centers,,TX,United States,,TX
Herndon Data Center (Menlo Digital),Menlo Digital,,VA,United States,,VA
MD-DC1 Data Center,Menlo Digital,,VA,United States,,VA
Viridien Brenham Data Center,Viridien,,TX,United States,,TX
DC Blox: Camp Hall,DC Blox,,SC,United States,,SC
CyrusOne HOU3,CyrusOne,,TX,United States,,TX
Stream Data Center: DFW VII – Garland,Stream Data Centers,,TX,United States,,TX
QTS Irving  DFW2-DC3,QTS,,TX,United States,,TX
SJC Campus,CloudHQ,,CA,United States,,CA
Edged ATL01-03,Edged,,GA,United States,,GA
Plano Data Center: DFW8,DataBank,,TX,United States,,TX
Buena Vista AI Factory,NewYork GreenCloud,,CA,United States,,CA
Iron Mountain AZP-1,Iron Mountain,,AZ,United States,,AZ
Iron Mountain VA-5,Iron Mountain,,VA,United States,,VA
LGA3 data center,DataBank,,NY,United States,,NY
Patmos: Kansas City,Patmos,,MO,United States,,MO
Centersquare DFW1,Centersquare (formerly Evoque),,TX,United States,,TX
Colorado Springs Campus - Phase 1,Novva,,CO,United States,,CO
South Fulton Data Center: ATL 4,DataBank,,GA,United States,,GA
EdgeConneX POR03-04,EdgeConneX,,OR,United States,,OR
CyrusOne SAT2-4,CyrusOne,,TX,United States,,TX
NTT Phoenix PH2,NTT,,AZ,United States,,AZ
NTT Phoenix PH3,NTT,,AZ,United States,,AZ
Iron Mountain VA-7,Iron Mountain,,VA,United States,,VA
Chicago III Data Center,T5 Data Centers,,IL,United States,,IL
NTT Dallas TX4,NTT,,TX,United States,,TX
NTT Phoenix PH4,NTT,,AZ,United States,,AZ
Aligned Hillsboro PDX-02,Aligned,,OR,United States,,OR
T5 CHI V Data Center,T5 Data Centers,,IL,United States,,IL
Iron Mountain AZP-3,Iron Mountain,,AZ,United States,,AZ
Iron Mountain VA-2,Iron Mountain,,VA,United States,,VA
Karis Critical New Albany Data Center,Karis Critical,,OH,United States,,OH
Iron Mountain CHI-1,Iron Mountain,,IL,United States,,IL
Aligned ORD-01 Data Center,Aligned,,IL,United States,,IL
Aligned ORD-02 Data Center,Aligned,,IL,United States,,IL
NTT Chicago CH1,NTT,,IL,United States,,IL
NTT Hillsboro HI1,NTT,,OR,United States,,OR
Novva San Francisco,Novva,,CA,United States,,CA
NTT Phoenix PH1,NTT,,AZ,United States,,AZ
NTT Chicago CH2,NTT,,IL,United States,,IL
Aligned Salt Lake SLC 01,Aligned,,UT,United States,,UT
CoreSite SV9,CoreSite,,CA,United States,,CA
Centersquare IAD1: 45901 Nokes,Centersquare (formerly Evoque),,VA,United States,,VA
GI Partners Chicago Data Center,GI Partners,,IL,United States,,IL
Prime Data Centers: Los Angeles,Prime Data Centers,,CA,United States,,CA
NTT Chicago CH3,NTT,,IL,United States,,IL
Stream Data Center: Chicago II Data Center,Stream Data Centers,,IL,United States,,IL
Serverfarm CH1,Serverfarm,,IL,United States,,IL
Iron Mountain VA-4,Iron Mountain,,VA,United States,,VA
QTS Phoenix Van Buren,QTS,,AZ,United States,,AZ
NTT Dallas TX2,NTT,,TX,United States,,TX
Data Center Building TX11,Vantage Data Centers,,TX,United States,,TX
Digital Realty Vernon Data Center,Digital Realty,,CA,United States,,CA
NTT Ashburn VA5,NTT,,VA,United States,,VA
Digital Realty PHX10,Digital Realty,,AZ,United States,,AZ
NTT Ashburn VA4,NTT,,VA,United States,,VA
Iron Mountain VA-6,Iron Mountain,,VA,United States,,VA
Prineville Data Center,Meta,,OR,United States,,OR
Skybox Austin Data Center 1,Skybox,,TX,United States,,TX
Skybox Chicago,Skybox,,IL,United States,,IL
COL1 and COL2,Cologix,,OH,United States,,OH
Forest City Data Center,Meta,,NC,United States,,NC
Iron Mountain NJE-1,Iron Mountain,,NJ,United States,,NJ
Blueprint Projects: Taylor City,Blueprint Projects,,TX,United States,,TX
PhoenixNAP PHX01,PhoenixNAP,,AZ,United States,,AZ
YLO-01 & 02,Chirisa Technology Parks,,IL,United States,,IL
Centersquare LAX4,Centersquare (formerly Evoque),,CA,United States,,CA
QTS Ashburn 1 DC2,QTS,,VA,United States,,VA
Centersquare ATL1,Centersquare (formerly Evoque),,GA,United States,,GA
Chirisa Technology Parks: CTP01,Chirisa Technology Parks,,VA,United States,,VA
CyrusOne DFW2,CyrusOne,,TX,United States,,TX
Edged ATL01-01,Edged,,GA,United States,,GA
SkyBox Houston 1,Skybox,,TX,United States,,TX
NTT Sacramento CA2,NTT,,CA,United States,,CA
Centersquare EWR2,Centersquare (formerly Evoque),,NJ,United States,,NJ
COL5,Cologix,,OH,United States,,OH
Richardson Data Center,KDC Real Estate Development,,TX,United States,,TX
Stack Infrastructure POR03B,Stack Infrastructure,,OR,United States,,OR
Lambda Kansas Data Center,Lambda,,MO,United States,,MO
Stack Infrastructure POR03D,Stack Infrastructure,,OR,United States,,OR
Edged DFW Data Center,Edged,,TX,United States,,TX
CyrusOne AUS3,CyrusOne,,TX,United States,,TX
Stack Infrastructure POR03C,Stack Infrastructure,,OR,United States,,OR
DG06 Data Center,Deep Green,,MI,United States,,MI
Edged Chicago ORD01-1,Edged,,IL,United States,,IL
EdgeConneX CHI01,EdgeConneX,,IL,United States,,IL
TRG Houston Data Center,TRG,,TX,United States,,TX
Radius AllPoints Data Center,Radius Data Centers,,IN,United States,,IN
Stack Infrastructure POR03A,Stack Infrastructure,,OR,United States,,OR
Douglasville 1 data center,Flexential,,GA,United States,,GA
Tierpoint Valley Forge Data Center,Tierpoint,,PA,United States,,PA
ColoCrossing: LA01,ColoCrossing,,CA,United States,,CA
Granite Point Data Center: SLC6,DataBank,,UT,United States,,UT
HostDime Maitland Data Center,HostDime,,FL,United States,,FL
Equinix SV12 San Jose,Equinix,,CA,United States,,CA
Qumulus AI Denton Data Center,Qumulus AI,,TX,United States,,TX
Summit Ridge Data Center,Data Center Power Company,,UT,United States,,UT
Athena Studios Conversion,Reynolds Capital,,GA,United States,,GA
Quantum Connect Ashburn,PowerHouse,,VA,United States,,VA
5C Data Centers PHX01,5C Data Centers,,AZ,United States,,AZ
QTS Hillsboro 1,QTS,,OR,United States,,OR
Sangha West Texas Site,Sangha Renewables,,TX,United States,,TX
Orangeburg Data Center: LGA 4,DataBank,,NY,United States,,NY
Raeden: Gateway Research Park,ImpactData,,NC,United States,,NC
Colovore: RN01,Colovore,,NV,United States,,NV
DPO WI,Digital Power Optimization,,WI,United States,,WI
Orangeburg Data Center: LGA 3,DataBank,,NY,United States,,NY
HPC data center,Northern Data,,PA,United States,,PA
COL3,Cologix,,OH,United States,,OH
Green Bay Data Center,Ark Data Centers,,WI,United States,,WI
Core Scientific: Austin 1,Core Scientific,,TX,United States,,TX
Centersquare DEN1,Centersquare (formerly Evoque),,CO,United States,,CO
Centersquare LAX3,Centersquare (formerly Evoque),,CA,United States,,CA
Centersquare SFO2,Centersquare (formerly Evoque),,CA,United States,,CA
Centersquare SEA3,Centersquare (formerly Evoque),,WA,United States,,WA
DC Blox: Myrtle Beach Data Center,DC Blox,,SC,United States,,SC
EdgeConneX DEN02,EdgeConneX,,CO,United States,,CO
Global AI Windsor Data Center,Global AI,,CO,United States,,CO
CyrusOne Chicago,CyrusOne,,IL,United States,,IL
Prime Data Centers:  McClellan Business Park Phase 2,Prime Data Centers,,CA,United States,,CA
Centersquare EWR3,Centersquare (formerly Evoque),,NJ,United States,,NJ
Tierpoint Fort Worth Data Center – Dallas,Tierpoint,,TX,United States,,TX
CyrusOne SAT5-6,CyrusOne,,TX,United States,,TX
CoreSite DE3 Data Center,CoreSite,,CO,United States,,CO
Centersquare SEA1,Centersquare (formerly Evoque),,WA,United States,,WA
Centersquare IAD2,Centersquare (formerly Evoque),,VA,United States,,VA
Stack Infrastructure NVA01,Stack Infrastructure,,VA,United States,,VA
Centersquare PHX1,Centersquare (formerly Evoque),,AZ,United States,,AZ
NTT Silicon Valley SV1,NTT,,CA,United States,,CA
Centersquare SFO1,Centersquare (formerly Evoque),,CA,United States,,CA
Centersquare SFO3,Centersquare (formerly Evoque),,CA,United States,,CA
Core Scientific: AUBix (Auburn 1),Core Scientific,,AL,United States,,AL
Data Center Building TX21,Vantage Data Centers,,TX,United States,,TX
Centersquare BOS1,Centersquare (formerly Evoque),,MA,United States,,MA
Tierpoint: Allentown - TekPark Data Center,Tierpoint,,PA,United States,,PA
NTT Ashburn VA3,NTT,,VA,United States,,VA
Iron Mountain WPA-1,Iron Mountain,,PA,United States,,PA
Westway Park I Data Center: HOU 1,DataBank,,TX,United States,,TX
NTT Dallas TX1,NTT,,TX,United States,,TX
Iron Mountain MIA-1,Iron Mountain,,FL,United States,,FL
Centennial II Data Center DEN5,DataBank,,CO,United States,,CO
Centersquare LAX5,Centersquare (formerly Evoque),,CA,United States,,CA
Metrobloks Miami Data Center,Metrobloks,,FL,United States,,FL
Project Apollo,,,FL,United States,,FL
Centersquare BOS4,Centersquare (formerly Evoque),,MA,United States,,MA
Stream Data Center: Chicago I Data Center,Stream Data Centers,,IL,United States,,IL
Centersquare ORD4,Centersquare (formerly Evoque),,IL,United States,,IL
QTS Colorado Springs,QTS,,CO,United States,,CO
Tierpoint Boston - Marlborough Data Center,Tierpoint,,MA,United States,,MA
NTT Ashburn VA2,NTT,,VA,United States,,VA
Plano Data Center: DFW3,DataBank,,TX,United States,,TX
Iron Mountain DEN-1,Iron Mountain,,CO,United States,,CO
Centersquare PHX3,Centersquare (formerly Evoque),,AZ,United States,,AZ
NTT Sacramento CA3,NTT,,CA,United States,,CA
Stream Data Center: Santa Clara I-II,Stream Data Centers,,CA,United States,,CA
NTT Ashburn VA1,NTT,,VA,United States,,VA
NTT Sacramento CA1,NTT,,CA,United States,,CA
Lynnwood,Chirisa Technology Parks,,WA,United States,,WA
South Lake Campus Data Center MCI3,DataBank,,KS,United States,,KS
DartPoints GSP01,DartPoints,,SC,United States,,SC
Edged Des Moines,Edged,,IA,United States,,IA
Ashburn Campus Data Center: IAD1,DataBank,,VA,United States,,VA
Nashville I,Radius Data Centers,,TN,United States,,TN
RNO2 Data Center,Centra,,NV,United States,,NV
Stack Infrastructure ATL01B Alpharetta,Stack Infrastructure,,GA,United States,,GA
Centersquare EWR5,Centersquare (formerly Evoque),,NJ,United States,,NJ
Iron Mountain VA-1,Iron Mountain,,VA,United States,,VA
Centersquare TPA1,Centersquare (formerly Evoque),,FL,United States,,FL
Centersquare ORD1,Centersquare (formerly Evoque),,IL,United States,,IL
Centersquare DFW2,Centersquare (formerly Evoque),,TX,United States,,TX
MSP1 Data Center,Centra,,MN,United States,,MN
Prime Data Centers: San Jose,Prime Data Centers,,CA,United States,,CA
Centersquare IAD4 21571 Beaumeade Circle,Centersquare (formerly Evoque),,VA,United States,,VA
Stream Data Center: Santa Clara VI,Stream Data Centers,,CA,United States,,CA
DC Blox - High Point Data Center,DC Blox,,NC,United States,,NC
Tierpoint Seattle Data Center,Tierpoint,,WA,United States,,WA
Centersquare DFW3,Centersquare (formerly Evoque),,TX,United States,,TX
Centersquare MSP1,Centersquare (formerly Evoque),,MN,United States,,MN
Tierpoint Omaha - Midlands Data Center,Tierpoint,,NE,United States,,NE
Aligned Dallas DFW01-02,Aligned,,TX,United States,,TX
Granite Point Data Center: SLC5,DataBank,,UT,United States,,UT
Stream Data Center: San Antonio II – Westover Hills,Stream Data Centers,,TX,United States,,TX
Tierpoint Raleigh Data Center,Tierpoint,,NC,United States,,NC
CyrusOne SAT1,CyrusOne,,TX,United States,,TX
Prime Data Centers: 1231 Comstack,Prime Data Centers,,CA,United States,,CA
Ezell Drive Campu,Amazon,,TX,United States,,TX
SV1,Cologix,,CA,United States,,CA
Centersquare SFO4,Centersquare (formerly Evoque),,CA,United States,,CA
Prime Data Centers: 1111 Comstack,Prime Data Centers,,CA,United States,,CA
SJC01 Silicon Valley,Colovore,,CA,United States,,CA
SJC02 Silicon Valley,Colovore,,CA,United States,,CA
Prime Data Centers: SJC03,Prime Data Centers,,CA,United States,,CA
CyrusOne AUS2,CyrusOne,,TX,United States,,TX
Westway Park II Data Center: HOU 2,DataBank,,TX,United States,,TX
Brooklyn Park Data Center MSP3,DataBank,,MN,United States,,MN
Chicago Tri-State Data Center ORD4,DataBank,,IL,United States,,IL
EdgeConneX ATL02,EdgeConneX,,GA,United States,,GA
BluSky AI Milford Campus,BluSky AI,,UT,United States,,UT
Tierpoint Oklahoma City Data OKC 2,Tierpoint,,OK,United States,,OK
Prime Data Centers:  McClellan Business Park Phase 1,Prime Data Centers,,CA,United States,,CA
Stream Data Center: Houston I,Stream Data Centers,,TX,United States,,TX
Centersquare CMH1,Centersquare (formerly Evoque),,OH,United States,,OH
Tierpoint St. Louis - Locust Data Center,Tierpoint,,MO,United States,,MO
Centersquare SEA2,Centersquare (formerly Evoque),,WA,United States,,WA
Irvine Data Center: SNA2,DataBank,,CA,United States,,CA
Tierpoint Raleigh - RTP Data Center,Tierpoint,,NC,United States,,NC
QTS Santa Clara,QTS,,CA,United States,,CA
EdgeConneX CHI02,EdgeConneX,,IL,United States,,IL
Stack Infrastructure ATL01A Alpharetta,Stack Infrastructure,,GA,United States,,GA
Stream Data Center: Minneapolis I,Stream Data Centers,,MN,United States,,MN
Downtown Dallas Data Center: DFW1,DataBank,,TX,United States,,TX
Stream Data Center: Austin I,Stream Data Centers,,TX,United States,,TX
Centersquare DEN2,Centersquare (formerly Evoque),,CO,United States,,CO
Granite Point Data Center: SLC3,DataBank,,UT,United States,,UT
San Diego World Trade Data Center: SAN1,DataBank,,CA,United States,,CA
Tierpoint New York - Hawthorne Data Centers HWT,Tierpoint,,NY,United States,,NY
LAX01,Goodman Group,,CA,United States,,CA
EdgeConneX MIA02,EdgeConneX,,FL,United States,,FL
Atlanta West End Data Center: ATL 3,DataBank,,GA,United States,,GA
North Dallas Data Center: DFW2,DataBank,,TX,United States,,TX
Centersquare ABQ1,Centersquare (formerly Evoque),,NM,United States,,NM
Iron Mountain AZS-1,Iron Mountain,,AZ,United States,,AZ
EdgeConneX POR02,EdgeConneX,,OR,United States,,OR
Tierpoint Omaha - Bellevue Data Center,Tierpoint,,NE,United States,,NE
LiquidCool Aroostook Data Center,LiquidCool Data Center,,ME,United States,,ME
Tierpoint Lenexa Data Center,Tierpoint,,KS,United States,,KS
Stack Infrastructure POR01,Stack Infrastructure,,OR,United States,,OR
EdgeConneX PHX01,EdgeConneX,,AZ,United States,,AZ
Ashburn Campus Data Center: IAD4,DataBank,,VA,United States,,VA
Oppidan MN Data Center,Oppidan,,MN,United States,,MN
5MW Temple Data Center,Oppidan,,TX,United States,,TX
Oppidan 5MW Data Center,Oppidan,,TX,United States,,TX
Tierpoint Boston - Andover Data Center,Tierpoint,,MA,United States,,MA
NNJ3,Cologix,,NJ,United States,,NJ
Tierpoint Philadelphia Data Center,Tierpoint,,PA,United States,,PA
Provo Data Center,,,UT,United States,,UT
Tierpoint Lehigh Valley Data Center,Tierpoint,,PA,United States,,PA
Centersquare IAD3,Centersquare (formerly Evoque),,VA,United States,,VA
Summit Park Data Center: PIT 2,DataBank,,PA,United States,,PA
Tierpoint Charlotte - Center Park Data Cente,Tierpoint,,NC,United States,,NC
Pioneer IA5 Site,DIGTB,,IA,United States,,IA
Midtown Atlanta Data Center: ATL1,DataBank,,GA,United States,,GA
EdgeConneX SEA01,EdgeConneX,,WA,United States,,WA
DC Blox - Birmingham Data Center,DC Blox,,AL,United States,,AL
Tierpoint Spokane Data Centers SPO01/02,Tierpoint,,WA,United States,,WA
Tierpoint Nashville Data Center,Tierpoint,,TN,United States,,TN
Tierpoint Chicago Data Center (Polk St.),Tierpoint,,IL,United States,,IL
Tierpoint Little Rock Data Center,Tierpoint,,AR,United States,,AR
Tierpoint Dallas Data Center,Tierpoint,,TX,United States,,TX
Tierpoint Tulsa - State Farm,Tierpoint,,OK,United States,,OK
Westway Park III Data Center: HOU 3,DataBank,,TX,United States,,TX
Houston Galleria Data Center: HOU 5,DataBank,,TX,United States,,TX
East Twin Cities Data Cente MSP2,DataBank,,MN,United States,,MN
Tierpoint Charlotte - North Myers Data Center,Tierpoint,,NC,United States,,NC
QTS Ashburn Moran,QTS,,VA,United States,,VA
Tierpoint New York - Hawthorne Data Centers HW2,Tierpoint,,NY,United States,,NY
Iron Mountain BOS-1,Iron Mountain,,MA,United States,,MA
Botique Data Center,Donato Solar,,IL,United States,,IL
QTS Sacramento,QTS,,CA,United States,,CA
EdgeConneX SVC01,EdgeConneX,,CA,United States,,CA
Las Vegas Data Center: LAS1,DataBank,,NV,United States,,NV
Granite Point Data Center: SLC4,DataBank,,UT,United States,,UT
Centennial Data Cente DEN2,DataBank,,CO,United States,,CO
Dallas Empire Central Data Center: DFW4,DataBank,,TX,United States,,TX
Tierpoint Dallas - Allen Data Center,Tierpoint,,TX,United States,,TX
Iron Mountain KCM-1,Iron Mountain,,MO,United States,,MO
Tierpoint St. Louis - Millpark Data Center,Tierpoint,,MO,United States,,MO
Tierpoint Chicago Data Center (West),Tierpoint,,IL,United States,,IL
Downtown Indianapolis Data Center IND02,DataBank,,IN,United States,,IN
American Tower Indianapolis Data Center,American Tower,,IN,United States,,IN
Atlanta West End Data Center: ATL 2,DataBank,,GA,United States,,GA
Tierpoint Jacksonville Data Center,Tierpoint,,FL,United States,,FL
Databank: McLean Data Center IAD2,DataBank,,VA,United States,,VA
Piscataway Data Center: EWR2,DataBank,,NJ,United States,,NJ
DC Blox: Greensville Data Center,DC Blox,,SC,United States,,SC
EdgeConneX DET01,EdgeConneX,,MI,United States,,MI
Mount Prospect Data Cente: ORD3,DataBank,,IL,United States,,IL
Tierpoint Milwaukee Data Center,Tierpoint,,WI,United States,,WI
MIN4,Cologix,,MN,United States,,MN
DAL1,Cologix,,TX,United States,,TX
Tierpoint Oklahoma City Data OKC,Tierpoint,,OK,United States,,OK
EdgeConneX DEN01,EdgeConneX,,CO,United States,,CO
Granite Point Data Center: SLC2,DataBank,,UT,United States,,UT
Tierpoint Spokane Data Centers SPO03,Tierpoint,,WA,United States,,WA
Silicon Valley Data Center: SFO1,DataBank,,CA,United States,,CA
Irvine Data Center: SNA1,DataBank,,CA,United States,,CA
EdgeConneX POR01,EdgeConneX,,OR,United States,,OR
SeaTac Data Center: SEA2,DataBank,,WA,United States,,WA
EdgeConneX ATL01,EdgeConneX,,GA,United States,,GA
Pine Ridge Data Center MCI2,DataBank,,KS,United States,,KS
EdgeConneX HOU01,EdgeConneX,,TX,United States,,TX
EdgeConneX MIA01,EdgeConneX,,FL,United States,,FL
Tierpoint Tulsa - Archer Data Center,Tierpoint,,OK,United States,,OK
Tierpoint Sioux Falls - East Data Center,Tierpoint,,SD,United States,,SD
Downtown Pittsburgh Data Center: PIT1,DataBank,,PA,United States,,PA
DC Blox - Huntville Data Center,DC Blox,,AL,United States,,AL
MIN5,Cologix,,MN,United States,,MN
Downtown Chicago Metro Data Center ORD2,DataBank,,IL,United States,,IL
Downtown Miami Data Center: MIA 1,DataBank,,FL,United States,,FL
Stream Data Center: Minneapolis I!,Stream Data Centers,,MN,United States,,MN
Tierpoint Baltimore Data Center,Tierpoint,,MD,United States,,MD
Tierpoint Bethlehem Data Center,Tierpoint,,PA,United States,,PA
Downtown Newark Data Center: EWR1,DataBank,,NJ,United States,,NJ
Downtown Indianapolis Data Center IND01,DataBank,,IN,United States,,IN
QTS Miami,QTS,,FL,United States,,FL
EdgeConneX BOS01,EdgeConneX,,MA,United States,,MA
Tierpoint St. Louis - Olive Data Center,Tierpoint,,MO,United States,,MO
DAL3,Cologix,,TX,United States,,TX
DAL2,Cologix,,TX,United States,,TX
Sequitor Edge Rapid City,Sequitor Edge,,SD,United States,,SD
Englewood Data Center DEN1,DataBank,,CO,United States,,CO
Downtown Denver Data Center DEN3,DataBank,,CO,United States,,CO
Los Angeles One Wilshire Data Center: LAX1,DataBank,,CA,United States,,CA
EdgeConneX SAC01,EdgeConneX,,CA,United States,,CA
Downtown New York City Data Center: LGA 1,DataBank,,NY,United States,,NY
EdgeConneX LAS01,EdgeConneX,,NV,United States,,NV
EdgeConneX SLC01,EdgeConneX,,UT,United States,,UT
Downtown Salt Lake City Data Center: SLC1,DataBank,,UT,United States,,UT
Westminster Data Center DEN4,DataBank,,CO,United States,,CO
Waco Data Center ACT1,DataBank,,TX,United States,,TX
Dallas Infomart Data Center: DFW5,DataBank,,TX,United States,,TX
Dallas Love Field Data Center DFW6,DataBank,,TX,United States,,TX
Tierpoint Sioux Falls - West Data Center,Tierpoint,,SD,United States,,SD
Dallas LBJ Data Center DFW7,DataBank,,TX,United States,,TX
DSM1,Cologix,,IA,United States,,IA
EdgeConneX MSP01,EdgeConneX,,MN,United States,,MN
West Twin Cities Data Cente MSP1,DataBank,,MN,United States,,MN
Downtown Minneapolis Data Cente MSP4,DataBank,,MN,United States,,MN
MIN1,Cologix,,MN,United States,,MN
MIN3,Cologix,,MN,United States,,MN
DSM2,Cologix,,IA,United States,,IA
EdgeConneX MEM01,EdgeConneX,,TN,United States,,TN
EdgeConneX SLI01,EdgeConneX,,LA,United States,,LA
EdgeConneX MAD01,EdgeConneX,,WI,United States,,WI
Downtown Chicago Loop Data Center: ORD1,DataBank,,IL,United States,,IL
EdgeConneX NAS01,EdgeConneX,,TN,United States,,TN
DC Blox - Chattanooga Data Center,DC Blox,,TN,United States,,TN
Iron Mountain OHS-1,Iron Mountain,,OH,United States,,OH
JAX2,Cologix,,FL,United States,,FL
EdgeConneX JAX01,EdgeConneX,,FL,United States,,FL
EdgeConneX PIT01,EdgeConneX,,PA,United States,,PA
Edge data center RA1,American Tower,,NC,United States,,NC
Tierpoint Waterbury Data Center,Tierpoint,,CT,United States,,CT
EdgeConneX RIC01,EdgeConneX,,VA,United States,,VA
Tierpoint Baltimore - BWI Data Center,Tierpoint,,MD,United States,,MD
Downtown New York City Data Center: LGA 2,DataBank,,NY,United States,,NY
EdgeConneX NOR01,EdgeConneX,,VA,United States,,VA
Downtown Boston Data Center: BOS1,DataBank,,MA,United States,,MA
Lower Mount Bethel Tech Center,Peron Development / J.G. Petrucci,,PA,United States,,PA
Caledonia Campus (Oak Creek),Microsoft,,WI,United States,,WI
Louisa County Campus 3,Amazon,,VA,United States,,VA
Local Zone Edge Seattle,OVHcloud,,WA,United States,,WA
Stream Data Center: Santa Clara V,Stream Data Centers,,CA,United States,,CA
Santa Clara SV Campus,Microsoft,,CA,United States,,CA
Stream Data Center: Santa Clara III,Stream Data Centers,,CA,United States,,CA
Stream Data Center: Santa Clara IV,Stream Data Centers,,CA,United States,,CA
Brush Mountain Blacksburg,BRUSH MOUNTAIN DATA CENTER LLC,,VA,United States,,VA
Stream Data Center: DFW III,Stream Data Centers,,TX,United States,,TX
Stack Infrastructure POR02,Stack Infrastructure,,OR,United States,,OR
Stream Data Center: DFW II,Stream Data Centers,,TX,United States,,TX
Stream Data Center: DFW I,Stream Data Centers,,TX,United States,,TX
The Dalles Data Center,Google,,OR,United States,,OR
Quincy Columbia Campus,Microsoft,,WA,United States,,WA
Tahoe-Reno Industrial Center Campus,Google,,NV,United States,,NV
Amazon: PDX80,Amazon,,OR,United States,,OR
Eagle Mountain Data Center,Meta,,UT,United States,,UT
Aligned Salt Lake SLC 04,Aligned,,UT,United States,,UT
Mesa Data Center,Meta,,AZ,United States,,AZ
BBT Midland Data Center,BBT,,TX,United States,,TX
Texas Research Park (SAT46),Microsoft,,TX,United States,,TX
TTX Data Center,TTX,,TX,United States,,TX
Arlington Data Center,D.R. Horton,,TX,United States,,TX
Midlothian Campus,Google,,TX,United States,,TX
Prime Data Centers: DFW01-02,Prime Data Centers,,TX,United States,,TX
CyrusOne DFW6,CyrusOne,,TX,United States,,TX
Viawest Shiloh Data Center,Viawest,,TX,United States,,TX
Stream Data Center: DFW IV,Stream Data Centers,,TX,United States,,TX
Cisco Allen Data Centter,Cisco,,TX,United States,,TX
DFW II A,Compass Datacenters,,TX,United States,,TX
Project Gold Garland,Digital Realty,,TX,United States,,TX
Rellis Campus Data and Research Center,Rellis Campus Data and Research Center,,TX,United States,,TX
Sarpy Data Center (Papillion),Meta,,NE,United States,,NE
QTS Manassas DC 2,QTS,,VA,United States,,VA
Westover Link campus (SAT15/SAT16),Microsoft,,TX,United States,,TX
DFW DFW I-II,Compass Datacenters,,TX,United States,,TX
DPN Data Center,Galaxy Digital,,TX,United States,,TX
Omaha Campus - Phase 1,Google,,NE,United States,,NE
Council Bluffs Data Center - Campus 1,Google,,IA,United States,,IA
Disney Digital Data Center 3,Disney,,TX,United States,,TX
Pryor Creek Campus,Google,,OK,United States,,OK
Microsoft Project Mountain,Microsoft,,IA,United States,,IA
Microsoft Project Alluvion,Microsoft,,IA,United States,,IA
MIN2,Cologix,,MN,United States,,MN
DeKalb Data Center,Meta,,IL,United States,,IL
Clarksville Data Center,Google,,TN,United States,,TN
Huntsville Data Center,Meta,,AL,United States,,AL
Gallatin Data Center,Meta,,TN,United States,,TN
Jackson County Data Center,Google,,AL,United States,,AL
Pyramid Data Center Campus: Phase 1,Switch,,MI,United States,,MI
Douglas County Campus,Google,,GA,United States,,GA
Stanton Springs Data Center,Meta,,GA,United States,,GA
Columbus Data Center - Phase 1,Google,,OH,United States,,OH
Duffield Premier Data Center Site,ONEPARTNER LLC,,VA,United States,,VA
New Albany Data Center - Phase 1,Google,,OH,United States,,OH
New Albany Data Center - Phase 3,Meta,,OH,United States,,OH
New Albany Data Center - Phase 2,Meta,,OH,United States,,OH
Lancaster Data Center - Phase 1,Google,,OH,United States,,OH
DP Facilities: Mineral Gap,DP FACILITIES INC SOUTH LLC,,VA,United States,,VA
LAK1,Cologix,,FL,United States,,FL
JAX1,Cologix,,FL,United States,,FL
Lenoir Data Center,Google,,NC,United States,,NC
Apple NC Campus,Apple,,NC,United States,,NC
ACC7 Digital Realty,ALSHAIN VENTURES LLC,,VA,United States,,VA
Berkeley County (Moncks Corner) Campus,Google,,SC,United States,,SC
Boydton Campus,Microsoft,,VA,United States,,VA
Middletown Data Center,Middletown Data Center LLC,,VA,United States,,VA
SWIFT,,,VA,United States,,VA
Equinix,Equinix,,VA,United States,,VA
DATA CENTER VINT HILL,DB Data Center Vint Hill LLC,,VA,United States,,VA
DC 11 DE LLC (Amazon),DC 11 DE LLC (Amazon),,VA,United States,,VA
PORPOISE VENTURES LLC (Digital Realty Trust),PORPOISE VENTURES LLC (Digital Realty Trust),,VA,United States,,VA
NOVA MANGO FARMS LLC,NOVA MANGO FARMS LLC,,VA,United States,,VA
GCDC PURCHASER PHASE 1 LLC,GCDC PURCHASER PHASE 1 LLC,,VA,United States,,VA
Cavalier Innsbrook Data Center,HIGHWOODS PROP,,VA,United States,,VA
SES AMERICOM INC,SES AMERICOM INC,,VA,United States,,VA
24244 QUAIL RIDGE LN,Amazon,,VA,United States,,VA
Quail Ridge C - D,Amazon,,VA,United States,,VA
DC 12 14 DE LLC (Amazon),DC 12 14 DE LLC (Amazon),,VA,United States,,VA
COPT DC 19 LLC,COPT DC 19 LLC,,VA,United States,,VA
GI TC 7510 MASON KING CT LLC (Amazon),GI TC 7510 MASON KING CT LLC (Amazon),,VA,United States,,VA
Hayden Technologies Loudoun Data Center,Hayden Technologies,,VA,United States,,VA
MANASSAS TECHNOLOGY PARTNERS LLC (Amazon),MANASSAS TECHNOLOGY PARTNERS LLC (Amazon),,VA,United States,,VA
IAD 1,Compass Datacenters,,VA,United States,,VA
POWERLOFT @ INNOVATION I,POWERLOFT @ INNOVATION I,,VA,United States,,VA
Thomasson Barn Rd. Campus,Amazon,,VA,United States,,VA
COPT DC INNOVATION LLC,COPT DC INNOVATION LLC,,VA,United States,,VA
WHEELER SURVEY COMPANY,WHEELER SURVEY COMPANY LLC,,VA,United States,,VA
Fadeley Campus,Amazon,,VA,United States,,VA
Innovation Drive (IAD‑104/105/106 cluster),Amazon,,VA,United States,,VA
MANASSAS NCP LLC,MANASSAS NCP LLC,,VA,United States,,VA
Freedom Center Blvd. / Hornbaker corridor,Amazon,,VA,United States,,VA
QTS Manassas DC 5,QTS,,VA,United States,,VA
MCI COMMUNICATION SERVICES LLC VERIZON GLOBAL REAL ESTATE,MCI COMMUNICATION SERVICES LLC VERIZON GLOBAL REAL ESTATE,,VA,United States,,VA
EQUINIX LLC,Equinix,,VA,United States,,VA
Tanner Way campus (IAD‑101/102/103/100),Amazon,,VA,United States,,VA
NV-9 CYRUSONE,C1 NORTHERN VIRGINIA - STERLING IX LLC,,VA,United States,,VA
ABTEEN VENTURES LLC (CloudHQ),ABTEEN VENTURES LLC (CloudHQ),,VA,United States,,VA
BOURZOU VENTURES LLC (CloudHQ),BOURZOU VENTURES LLC (CloudHQ),,VA,United States,,VA
PROLOGIS-EXCHANGE 43461 OLD OX ROAD,PROLOGIS-EXCHANGE 43461 OLD OX ROAD LLC,,VA,United States,,VA
IAD 18 AMAZON,Amazon,,VA,United States,,VA
MANUCHEHR VENTURES LLC,MANUCHEHR VENTURES LLC,,VA,United States,,VA
AWS IAD61-IAD63 South Riding,Amazon,,VA,United States,,VA
IAD44,Digital Realty,,VA,United States,,VA
IAD14,Digital Realty,,VA,United States,,VA
43831 DEVIN SHAFRON DR,Digital Realty,,VA,United States,,VA
IAD24,DIGITAL LOUDOUN II LLC,,VA,United States,,VA
IAD12,Digital Realty,,VA,United States,,VA
AWS H&M Property,Amazon,,VA,United States,,VA
DIGITAL-GCEAR1 ASHBURN,GI TC DEVIN SHAFRON LLC,,VA,United States,,VA
Ashburn Campus Data Center: IAD3,DataBank,,VA,United States,,VA
IAD3 DataBank,ZCOLO LLC,,VA,United States,,VA
IAD Digital Loudoun Plaza,Digital Realty,,VA,United States,,VA
Red Rum Dr Campus Sabey Data Centers,INTERGATE ASHBURN I LLC,,VA,United States,,VA
Sutton Bay,Amazon,,VA,United States,,VA
EQUINEX DC13,Equinix,,VA,United States,,VA
CHANTILLY TECHNOLOGY PARTNERS,CHANTILLY TECHNOLOGY PARTNERS LLC,,VA,United States,,VA
DULLES BERRY LC4,CloudHQ,,VA,United States,,VA
SDC ASHBURN I,SDC ASHBURN ALPHA I LLC,,VA,United States,,VA
BLUE SLING ACC 9,BLUE SLING ACC 9 LLC,,VA,United States,,VA
IAD Round Table Campus Digital Realty,DIGITAL LOUDOUN 3 LLC,,VA,United States,,VA
DIGITAL REALTY ACC10,BLUE SLING ACC 10 LLC,,VA,United States,,VA
ACC5 ACC6 Digital Realty,FOX PROPERTIES LLC,,VA,United States,,VA
44621 WAXPOOL RD,KAVEH VENTURES LLC,,VA,United States,,VA
21955 LOUDOUN COUNTY PKWY,CloudHQ,,VA,United States,,VA
ACC4 Digital Realty,GRIZZLY VENTURES LLC,,VA,United States,,VA
TFG INDEPENDENCE CENTER I PROPERTY,TFG INDEPENDENCE CENTER I PROPERTY LLC,,VA,United States,,VA
COPT STONECROFT,COPT STONECROFT LLC,,VA,United States,,VA
44470 Chilum Place,Equinix,,VA,United States,,VA
44520 HASTINGS DR,QUILL EQUITY LLC,,VA,United States,,VA
Filigree Ct Campus,Equinix,,VA,United States,,VA
CLOUD HQ LC3,LOHRASP VENTURES LLC,,VA,United States,,VA
DC 8 9 10 DE,DC 8 9 10 DE LLC,,VA,United States,,VA
44490 CHILUM PL,BLUE SLING ACC 2 LLC,,VA,United States,,VA
"IAD 41, IAD 42, BLDG P",DIGITAL LOUDOUN 3 LLC,,VA,United States,,VA
QTS Ashburn 2 DC2,QTS,,VA,United States,,VA
EQUINIX DC21,Equinix,,VA,United States,,VA
AWS Westfax A,Amazon,,VA,United States,,VA
Amazon Web Services Mallory,Amazon,,VA,United States,,VA
Lee Road Property,Lee Road Property LLC,,VA,United States,,VA
AWS Westfax B,Amazon,,VA,United States,,VA
21310 BEAUMEADE CIR,BEAUMEADE DC BUILDING LLC,,VA,United States,,VA
Centersquare IAD4 21561 Beaumeade Circle,Centersquare (formerly Evoque),,VA,United States,,VA
21320 BEAUMEADE CIR,BEAUMEADE DC BUILDING LLC,,VA,United States,,VA
H5 CAPITAL-ASHBURN,ASHBURN DATA PROPERTY OWNER LP,,VA,United States,,VA
DIGITAL LOUDOUN IV,DIGITAL LOUDOUN IV LLC,,VA,United States,,VA
BCORE COPT DC-15,BCORE COPT DC-15 LLC,,VA,United States,,VA
IAD114,BEAUMEADE LC PHASE III LLC,,VA,United States,,VA
44790 PERFORMANCE CIR,Equinix,,VA,United States,,VA
PowerHouse/AREP ABX-1,AREP BEAUMEADE LLC,,VA,United States,,VA
IAD76,FR RANDOLPH DRIVE LLC,,VA,United States,,VA
BEAUMEADE LC PHASE III LLC,BEAUMEADE LC PHASE III LLC,,VA,United States,,VA
DCT DULLES PHASE II,DCT DULLES PHASE II LLC,,VA,United States,,VA
DATA CENTER BUILDING C,DCT DULLES PHASE II LLC,,VA,United States,,VA
FR SUMMIT AWS,FR SUMMIT LLC,,VA,United States,,VA
VISA USA INC,Visa,,VA,United States,,VA
VERISIGN INC,VERISIGN INC,,VA,United States,,VA
MCP 22745 & 22755 RELOCATION DRIVE,MCP 22745 & 22755 RELOCATION DRIVE LLC,,VA,United States,,VA
DCT DULLES DOWNS,DCT DULLES DOWNS LLC,,VA,United States,,VA
SENTINEL ASHBURN II,GI TC LOUDOUN LLC,,VA,United States,,VA
21641 CHARLES VIEW DR,Amazon,,VA,United States,,VA
PROLOGIS,Prologis,,VA,United States,,VA
Pixel Factory,PIXEL FACTORY DEVELOPMENT LLC,,VA,United States,,VA
22370 KIPPER DR AWS,Amazon,,VA,United States,,VA
22350 KIPPER DR AWS,Amazon,,VA,United States,,VA
1304 SQUIRE CT,ELECTRIC BUILDING LLC,,VA,United States,,VA
DIGITAL STERLING PREMIER,DIGITAL STERLING PREMIER LLC,,VA,United States,,VA
DC 21/IAD 98,BCORE COPT DC-21 LLC,,VA,United States,,VA
GI TC 45360 SEVERN WAY LLC,GI TC 45360 SEVERN WAY LLC,,VA,United States,,VA
MECP3 ASHBURN 3 LLC,MECP3 ASHBURN 3 LLC,,VA,United States,,VA
MECP2 ASHBURN 2 LLC,MECP2 ASHBURN 2 LLC,,VA,United States,,VA
MECP1 ASHBURN 1 LLC,MECP1 ASHBURN 1 LLC,,VA,United States,,VA
22945 INTERNATIONAL DR AWS,Amazon,,VA,United States,,VA
Perspecta Datacenter Campus,Amazon,,VA,United States,,VA
NV-4 CYRUSONE LLC,C1 NORTHERN VIRGINIA - STERLING IV LLC,,VA,United States,,VA
23005 INTERNATIONAL DR,DULLES NCP II LLC,,VA,United States,,VA
DULLES NCP LLC,DULLES NCP LLC,,VA,United States,,VA
MARIES TECH PARK LLC,Amazon,,VA,United States,,VA
WATERSIDE AWS,WATERSIDE I LLC,,VA,United States,,VA
Centersquare IAD1: 45845 Nokes,Centersquare (formerly Evoque),,VA,United States,,VA
C1 NORTHERN VA - STERLING I-III,CyrusOne,,VA,United States,,VA
NV-8 CYRUSONE,C1 NORTHERN VIRGINIA - STERLING VIII LLC,,VA,United States,,VA
Centersquare IAD1: 21110 Ridgetop,Centersquare (formerly Evoque),,VA,United States,,VA
CPUS STERLING LP,CPUS STERLING LP,,VA,United States,,VA
BIT HOLDINGS FIFTY-FOUR,BIT HOLDINGS FIFTY-FOUR INC,,VA,United States,,VA
Equinix DC 97,LDI PROPCO 2 LLC,,VA,United States,,VA
Coresite 12100 SV & 12098 SV,CoreSite,,VA,United States,,VA
SUNRISE TECHNOLOGY PARK,CoreSite,,VA,United States,,VA
Virginia Information Technologies Agency,SLK GLOBAL SOLUTIONS AMERICA,,VA,United States,,VA
RDC-1807 MICHAEL FARADAY COURT,RDC-1807 MICHAEL FARADAY COURT LLC,,VA,United States,,VA
Digital Fortress: Richmond,Chirisa Technology Parks,,VA,United States,,VA
LEMUR PROPERTIES LLC,Digital Realty,,VA,United States,,VA
Bank of America,Bank of America,,VA,United States,,VA
6200 Technology Blvd,Meta,,VA,United States,,VA
701 Technology Blvd,Meta,,VA,United States,,VA
Tysons Enterprise West,Equinix,,VA,United States,,VA
Valo Park,TAMARES 7950 OWNER LLC,,VA,United States,,VA
Northrop Grummon Systems Corporation,Northrop Grumman Systems Corporation,,VA,United States,,VA
Roosevelt Building,YOSEMITE DC ASSETS LLC,,VA,United States,,VA
VA 95 BUILDING NINE LP,VA 95 BUILDING NINE LP,,VA,United States,,VA
Northrop Grumman Systems Corporation,Northrop Grumman Systems Corporation,,VA,United States,,VA
Globalinx Virginia Beach,LANDING 888 LLC,,VA,United States,,VA
Telxius Cable Landing Station Virginia Beach,Telxius,,VA,United States,,VA
NNJ2,Cologix,,NJ,United States,,NJ
NNJ4,Cologix,,NJ,United States,,NJ
GI Partners: Nutley,GI Partners,,NJ,United States,,NJ
WI Meta Data Center,Meta,,WI,United States,,WI
SAT93 & SAT94 Microsoft,Microsoft,,TX,United States,,TX
Google Botetourt Center Campus,Google,,VA,United States,,VA
MOC-1,,,SC,United States,,SC
Irving Data Center,Microsoft,,TX,United States,,TX
Project Spalding,Montana Property Group LLC,,GA,United States,,GA
Kansas City Northland Campus,Google,,MO,United States,,MO
Hickman Property Data Center,East Village Dothan,,GA,United States,,GA
Data Center THM1A,,,TX,United States,,TX
Kroozin at SH-249,Altaf Makanojiya,,TX,United States,,TX
EdgeConneX AUS02,EdgeConneX,,TX,United States,,TX
QTS Wisconsin,QTS,,WI,United States,,WI
EdgeCore Dulles,EdgeCore,,VA,United States,,VA
LBA Realty San Jose DCs,LBA Realty,,CA,United States,,CA
Webb Data Center,Ellis Partners,,NV,United States,,NV
Percheron Data Center,Rowan Green Data,,OR,United States,,OR
Gemstone Technology Park,Diode Ventures,,ID,United States,,ID
Kuna Data Center,Meta,,ID,United States,,ID
Switch AI Factories,Switch,,NV,United States,,NV
Aligned Phoenix PHX 05,Aligned,,AZ,United States,,AZ
Aligned Phoenix PHX 06,Aligned,,AZ,United States,,AZ
NTT Phoenix PH5,NTT,,AZ,United States,,AZ
NTT Pacific Proving Technology Park (DH1-DH7),NTT,,AZ,United States,,AZ
NTT Phoenix PH6,NTT,,AZ,United States,,AZ
NTT Phoenix PH7,NTT,,AZ,United States,,AZ
Project Blue Data Center,Beale Infrastructure,,AZ,United States,,AZ
University of Texas,University of Texas,,TX,United States,,TX
Cheyenne Data Center,Meta,,WY,United States,,WY
Aurum Bismarck Campus,Aurum Capital Ventures,,ND,United States,,ND
SAT 81 Data Center,Microsoft,,TX,United States,,TX
SAT40 Data Center,Microsoft,,TX,United States,,TX
Wiseman Boulevard campus (SAT14 cluster),Microsoft,,TX,United States,,TX
Castroville Hwy 90 campus (SAT89 & SAT90),Microsoft,,TX,United States,,TX
EX West Green Data Center,Corporate Office Properties Trust,,TX,United States,,TX
"American Tower Data Center - Highway 90
",American Tower,,TX,United States,,TX
Sabey Austin Data Center,Sabey,,TX,United States,,TX
Project Raptor,Colovore,,TX,United States,,TX
ACS Fort Worth,ACS DC Hicks Field Road,,TX,United States,,TX
Black Mountain: Forest Hill,Black Mountain,,TX,United States,,TX
Aligned Dallas DFW03,Aligned,,TX,United States,,TX
Sharka Data Center - Building 4,Google,,TX,United States,,TX
Google Stillwater,Google,,OK,United States,,OK
QTS Irving  DFW2-DC5,QTS,,TX,United States,,TX
QTS Irving  DFW2-DC4,QTS,,TX,United States,,TX
Red Oak Campus,Google,,TX,United States,,TX
Danik Data Center,Mahesh Patel,,TX,United States,,TX
Red Oak Data Center: DFW10,DataBank,,TX,United States,,TX
NTT Dallas TX3,NTT,,TX,United States,,TX
Prime Data Centers: DFW02-01,Prime Data Centers,,TX,United States,,TX
Prime Data Centers: DFW02-02,Prime Data Centers,,TX,United States,,TX
Prime Data Centers: DFW02-03,Prime Data Centers,,TX,United States,,TX
Lincoln Hyperscale Campus - Phase 2,Google,,NE,United States,,NE
Lincoln Hyperscale Campus - Phase 1,Google,,NE,United States,,NE
Aligned Dallas DFW04,Aligned,,TX,United States,,TX
Digital Commerce Park One,Cawley Partners,,TX,United States,,TX
Omaha Campus - Phase 2,Google,,NE,United States,,NE
Project Clydesdale,Quartz Mountain Properties LLC,,OK,United States,,OK
Highlander SM One Data Center,Highlander SM One,,TX,United States,,TX
Project Lola,Edged,,IA,United States,,IA
Project Anthem,,,OK,United States,,OK
Willis Data Center,Comcast,,TX,United States,,TX
Jarvis Media Group: Montgomery Data Center,Jarvis Media Group,,TX,United States,,TX
QTS: New Century Commerce Center,Van Trust Real Estate,,KS,United States,,KS
Oppidan MN Technology Park,Oppidan,,MN,United States,,MN
Conway CIty Data Center,"ForgeLight Ventures, LLC",,AR,United States,,AR
Clayco St Charles Data Center,Clayco,,MO,United States,,MO
Project Groot,,,AR,United States,,AR
Degas Beaver Dam Data Center,Degas LLC,,WI,United States,,WI
Oppidan: Carol Stream,Oppidan,,IL,United States,,IL
Kenosha Campus,Microsoft,,WI,United States,,WI
Stream Data Center: Chicago III-V Data Center,Stream Data Centers,,IL,United States,,IL
Scott Greenberg Chicago Data Center,Scott Greenberg,,IL,United States,,IL
Merrillville Commerce Center,Wylie Capital,,IN,United States,,IN
Karis Critical: Merrillville,Karis Critical,,IN,United States,,IN
Merrillville Technology Park,Province Group,,IN,United States,,IN
Provident Realty: Burns Harbor,Provident Realty,,IN,United States,,IN
Logistic Land Alabama Data Center,Logistic Land Investments LLC,,AL,United States,,AL
Nebius Birmingham Data Center,Nebius,,AL,United States,,AL
Montgomery Data Center,Meta,,AL,United States,,AL
Project Flo,Google,,IN,United States,,IN
Pyramid Data Center Campus: Phase 2,Switch,,MI,United States,,MI
Project Lincoln,Western Hospitality Partners,,KY,United States,,KY
Floyd County TBD,,,GA,United States,,GA
Project Springbank,Atlas Development,,GA,United States,,GA
Avemore,Atlas Development,,GA,United States,,GA
Switch KEEP 2.0 Atlanta North Campus,Switch,,GA,United States,,GA
Central Coweta Industrial Phase II,Central Coweta Industrial,,GA,United States,,GA
Project Peach,North Coweta Investors,,GA,United States,,GA
Palmetto Data Center,Microsoft,,GA,United States,,GA
Vantage Data Center - Doughlasville,Vantage Data Centers,,GA,United States,,GA
Douglasville Data Center,Microsoft,,GA,United States,,GA
Rock House Road Data Center Site,Taylor Mathis / c/o Mike Irby,,GA,United States,,GA
Fairburn Technology Center,Bohannon Road Venture,,GA,United States,,GA
Vantage Data Center - Westlake,Vantage Data Centers,,GA,United States,,GA
ATL11,Burr Computer Environments,,GA,United States,,GA
Stonewall Tell Data Center,RSC Investment Management,,GA,United States,,GA
Vantage Data Center - Stacks Rd,Vantage Data Centers,,GA,United States,,GA
Project Excalibur,National Acquisition Company,,GA,United States,,GA
East Point Data Center,Microsoft,,GA,United States,,GA
ATL03/Red Oak,TA Realty,,GA,United States,,GA
PCC-DeKalb,PCC-DeKalb LLC,,GA,United States,,GA
Southeast Property Hampton GA,Southeast Property Holdings,,GA,United States,,GA
0 Rocky Creek,Red Wolf DCD Properties,,GA,United States,,GA
Strickland Tract,Red Wolf DCD Properties,,GA,United States,,GA
Spalding County Data Center Campus,Spalding Investments LLC,,GA,United States,,GA
Rockdale Technology Park 1,SDP Acquisitions,,GA,United States,,GA
Project Rockforge,MMM Acquisitions,,GA,United States,,GA
Howell Township Hyperscale Data Center,Randee LLC,,MI,United States,,MI
Rumble Technology Park,Rum Creek DevCo,,GA,United States,,GA
0 Social Circle Parkway,Sailfish Investors,,GA,United States,,GA
Social Circle Technology Park,SC Infrastructure,,GA,United States,,GA
Newton County Technological Park: 9 buildings,TPA Group,,GA,United States,,GA
Bowling Green Data Center,Meta,,OH,United States,,OH
University of Michigan Textile Road Data Center,University of Michigan,,MI,United States,,MI
Columbus Data Center - Phase 2,Google,,OH,United States,,OH
Scott County Regional Business & Technology Park,SCOTT COUNTY INDUSTRIAL DEV.,,VA,United States,,VA
New Albany Data Center - Phase 5,Meta,,OH,United States,,OH
White Oak Technology Park GA,Trammell Crow Company,,GA,United States,,GA
Project Eisenhower,Eagle South,,GA,United States,,GA
Aligned Data Centers: CMH-02 Conesville Industrial Park,Aligned,,OH,United States,,OH
Aiken Data Center,Meta,,SC,United States,,SC
Fort Meade Florida Campus,Bohler Places LLC,,FL,United States,,FL
Dorchester County Google Center,Google,,SC,United States,,SC
Greenfield,Google,,VA,United States,,VA
AWS Sunbury,Amazon,,OH,United States,,OH
Lakeside Commerce Park,Microsoft,,VA,United States,,VA
Skipwith Road Campus: LYH03,Microsoft,,VA,United States,,VA
Ridge Road Campus,Microsoft,,VA,United States,,VA
Project Tallmadge (Takanock),Takanock,,VA,United States,,VA
Heartland Innovative Technology (HIT) Park,Prince Edward County Industrial Development Authority,,VA,United States,,VA
Copper Ridge,Copper Ridge Culpeper LLC,,VA,United States,,VA
CloudHQ,CloudHQ,,VA,United States,,VA
Keyser Farm,"Red Ace, Keyser Family",,VA,United States,,VA
Cielo Digital Infrastructure,Cielo Digital Infrastructure,,VA,United States,,VA
AttoTek,"AttoTek, David Martin",,VA,United States,,VA
Marvell Development Data Center,Amazon,,VA,United States,,VA
Lake Anna Tech Campus,Amazon,,VA,United States,,VA
Convergent Technology Park,Convergent VA LLC,,VA,United States,,VA
SAMX Data Center,SAMX Data,,VA,United States,,VA
Gigaland Remington,Gigaland Data Centers,,VA,United States,,VA
Upper Magnolia,,,VA,United States,,VA
Maple Tree Farm,,,VA,United States,,VA
Upper Magnolia Green West Tract A and Tract B,CARNES W S INC,,VA,United States,,VA
Upper Magnolia Green East,ECONOMIC DEV AUTH CO OF CHFLD,,VA,United States,,VA
Watkins Centre South,WATKINS LAND LLC,,VA,United States,,VA
Watkins Centre,,,VA,United States,,VA
Vint Hill Corners,Vint Hill Corners LLC,,VA,United States,,VA
OVHcloud Data Center Expansion,OVHcloud,,VA,United States,,VA
Downtown Seattle Data Center: SEA1,DataBank,,WA,United States,,WA
Warrenton Amazon Data Center,Amazon,,VA,United States,,VA
Vint Hill Technology Campus,Blue Rock I LLC,,VA,United States,,VA
Catlett Data Center Park,Catlett Station II LLC,,VA,United States,,VA
Gardner Property,Delaware Land LLC,,VA,United States,,VA
Village Place at Gainesville Technology Park,CTP-I LLC,,VA,United States,,VA
John Marshall CommonsTech Park,CTP-1 LLC,,VA,United States,,VA
NTT I-66 and Route 29 Technology Park,NTT,,VA,United States,,VA
Hunter Property,LHR GAINESVILLE LLC,,VA,United States,,VA
Gainsville Campus,Amazon,,VA,United States,,VA
PROJECT INDUSTRY,INDUSTRIAL PARK COURT LLC,,VA,United States,,VA
Clubhouse Drive,Chuck Khun,,VA,United States,,VA
Delvin Technology Park,"STANLEY MARTIN HOMES, LLC",,VA,United States,,VA
Bristow Campus,Microsoft,,VA,United States,,VA
Sharpless Enterprises LLC,Sharpless Enterprises LLC,,VA,United States,,VA
Orme Farm Rezoning,Van Metre Communities LLC/Roy Barnett,,VA,United States,,VA
Project Well,WELLINGTON ROAD PROPERTY LLC,,VA,United States,,VA
Oaklawn,Keane Enterprises,,VA,United States,,VA
IAD11 and IAD12,Microsoft,,VA,United States,,VA
South Point Phase II LLC,South Point Phase II LLC,,VA,United States,,VA
42139 REEDS FARM LN,Amazon,,VA,United States,,VA
TA Realty 20491 Goose Landing Lane,"Mitsubishi Estate, NOVA 1 OWNER LLC",,VA,United States,,VA
Valco Data Center Park,Valco Carolie County,,VA,United States,,VA
Hiddenwood Assemblage,"WALSH, COLUCCI, LUBELEY & WALS, Michael Romeo",,VA,United States,,VA
Stack Infrastructure Bristow Campus,Stack Infrastructure,,VA,United States,,VA
Leesburg Gateway,Google,,VA,United States,,VA
University Blvd. Campus,Microsoft,,VA,United States,,VA
9001 Hornbaker Rd,MJV ASSOCIATES LLC,,VA,United States,,VA
Tuscarora Crossing Landbay 3,BlackChamber Group,,VA,United States,,VA
Luck Stone West Pit,"CHARLIE WINDLE, Luck Stone Corporation",,VA,United States,,VA
Dulles Trade Center West,10 Trade West Drive LLC/Charles S Kuhn Manager,,VA,United States,,VA
Alligned Data Centers (Balls Ford),PROPCO LLC,,VA,United States,,VA
Innovation On The Parkway PRA,"University Blvd, LLC",,VA,United States,,VA
Villages at Leesburg,SPRINGFIELD EAST LC,,VA,United States,,VA
Stoneview,8625 WELLINGTON ROAD LLC,,VA,United States,,VA
Stack Infrastructure Fredericksburg Planned,Stack Infrastructure,,VA,United States,,VA
DC-4,QTS,,VA,United States,,VA
Mid-Atlantic Advanced Manufacturing Center,Arup Americas Inc,,VA,United States,,VA
Wellington Road PRA,TPC WELLINGTON EAST LC,,VA,United States,,VA
INNOVATION EXECUTIVE CENTER DC-3,QTS,,VA,United States,,VA
Ashwood Addition,"CASHVAD VENTURES LLC, PCL 1A  (CloudHQ)",,VA,United States,,VA
Belmont Innovation Campus,LOUDOUN GC LLC,,VA,United States,,VA
Digital Second Manassas,DIGITAL CARVER BRICKYARD LLC,,VA,United States,,VA
Manassas Corporate Center MCC-7 PRA,UNICORN INTERESTS LLC,,VA,United States,,VA
19508 Freedom Trail Road,JK Land Holdings,,VA,United States,,VA
Airport Gateway Commerce Center,"UNICORN INTERESTS LLC, PCL F1",,VA,United States,,VA
"UNICORN INTERESTS LLC, PCL C1",UNICORN INTERESTS LLC,,VA,United States,,VA
Northwoods Property,Amazon,,VA,United States,,VA
MCC5,"UNICORN INTERESTS LLC, CLOUD HQ",,VA,United States,,VA
Blaisdell Property Data Center,TC Blaisdell of Delaware,,VA,United States,,VA
Hunter's Ridge,Hunters Ridge LLC,,VA,United States,,VA
Bauxite Data Center 3,Rowan Digital Infrastructure,,MD,United States,,MD
Enon Road Technologies,ENON RD LLC,,VA,United States,,VA
Firefox Dulles,Brian Clifford/DLA PIPER LLP (US),,VA,United States,,VA
Zebra East,"WALSH, COLUCCI, LUBELEY & WALS / MINCHEW RANDALL J.",,VA,United States,,VA
Bauxite Data Center 2,Rowan Digital Infrastructure,,MD,United States,,MD
"PARKSTONE TECH PARK, LLC","PARKSTONE TECH PARK, LLC",,VA,United States,,VA
PDCREF 2 Chantilly,PDCREF 2 CHANTILLY LLC,,VA,United States,,VA
Carter's Store Tech Campus,Amazon,,VA,United States,,VA
AVION DATA CENTER,Amazon,,VA,United States,,VA
21455 Beaumeade Circle,Equinix,,VA,United States,,VA
Cranes Corner Data Center,GAM 403 MOUNTAIN LLC,,VA,United States,,VA
Ironhorse East Ashland,"Harris and Douglass Properties, LLC",,VA,United States,,VA
,Tradeport Ashland Land LLC,,VA,United States,,VA
Prologis NOVA 1,Prologis,,VA,United States,,VA
113 EXECUTIVE DR Prologis,Prologis,,VA,United States,,VA
Parsons Business Park (Dumfries Rd.),Amazon,,VA,United States,,VA
PARSONS BUSINESS PARK LLC,PARSONS BUSINESS PARK LLC,,VA,United States,,VA
Seefried Expansion,ASHTON YASSUDA,,VA,United States,,VA
Summit Crossing Tech Campus,Amazon,,VA,United States,,VA
PROLOGIS PARK GATEWAY II,Prologis,,VA,United States,,VA
Austin Ridge Logisitics Center,NP AUSTIN RIDGE LLC,,VA,United States,,VA
DULLES NORTH CORPORATE PARK 8,John Collich/BF SAUL REAL ESTATE INVESTMENT,,VA,United States,,VA
Accokeek Center,"A.I., INC",,VA,United States,,VA
Dulles 2000 Redevelopment,BCG JV Sterling LLC; Phil Tager,,VA,United States,,VA
Renaissance Technology Park,Amazon,,VA,United States,,VA
Azalea,BWS Enterprises,,VA,United States,,VA
Potomac Technology Park,Plaza Realty Management Inc,,VA,United States,,VA
MECP 1 ASHBURN 2 LLC,EdgeCore,,VA,United States,,VA
Mid-County Industrial Park,MINNIEVILLE CAPITAL ACQUISITION,,VA,United States,,VA
Loudoun Commerce Center,Amazon,,VA,United States,,VA
Manekin Plaza,Amazon,,VA,United States,,VA
Old Potomac Church Data Center,Amazon,,VA,United States,,VA
Project Tropical,Meta,,VA,United States,,VA
AWS Loisdale Station,Amazon,,VA,United States,,VA
Roxbury Technology Park,Diode Ventures,,VA,United States,,VA
Green Energy Center,Green Energy Partners,,VA,United States,,VA
Machine Investment Group: Greenfield Rd,Machine Investment Group,,PA,United States,,PA
Globalinx VA,Globalinx Data Centers,,VA,United States,,VA
Wildcat Ridge AI Data Center,Archbald Ventures,,PA,United States,,PA
Princeton Nurseries,WRV Nurseries South Brunswick,,NJ,United States,,NJ
Prism ON3,Prism Capital Partners,,NJ,United States,,NJ
Atlas Capital Group: CT,Atlas Capital Group,,CT,United States,,CT
Mesa Campus - Redhawk 1,Google,,AZ,United States,,AZ
Mesa Campus - Redhawk 2,Google,,AZ,United States,,AZ
Amazon Project Cosmos.,Amazon,,OH,United States,,OH
Science Applications International Corp (SAIC),DISCOVERY SQUARE LLC,,VA,United States,,VA
Zone5,Fair Holdings Llc,,VA,United States,,VA
ALEXANDRIA TECHNOLOGY CENTER,QTS,,VA,United States,,VA
Digital Filigree,Digital Realty,,VA,United States,,VA
22165 BEAUMEADE CIR,Equinix,,VA,United States,,VA
Dulles 28 Motorplex,BlackChamber Group,,VA,United States,,VA
22660 Executive Dr Prologis,Prologis,,VA,United States,,VA
Paragon Park Lot 3B,BlackChamber Group,,VA,United States,,VA
Atlantic Crossing,ATLANTIC CROSSING LLC,,VA,United States,,VA
EdgeConneX SDG01,EdgeConneX,,CA,United States,,CA
Austin Data Center: AUS1,DataBank,,TX,United States,,TX
Memphis Data Center MEM1,DataBank,,TN,United States,,TN
EdgeConneX TAL01,EdgeConneX,,FL,United States,,FL
Downtown Cleveland Data Center: CLE1,DataBank,,OH,United States,,OH
Downtown Philadelphia Data Center: PHL1,DataBank,,PA,United States,,PA
Amazon Falls Data Center,Amazon,,PA,United States,,PA
Viridian Briarwood Data Center,Viridian Partners,,PA,United States,,PA
KCI-29 Data Center,PORT KC,,MO,United States,,MO
Frattalone Monticello Data Center,Frattalone,,MN,United States,,MN
Project Blue Marlin,Amazon,,NC,United States,,NC
Archbald Lackawanna Data Center,Archbald I,,PA,United States,,PA
Project Cherry Blossom,Cloverleaf Infrastructure,,MI,United States,,MI
Amazon Bristow Data Center,Amazon,,VA,United States,,VA
Project Peanut,Google,,VA,United States,,VA
J5 Piqua Data Center,J5 LLC,,OH,United States,,OH
CRG Festus Data Center,CRG,,MO,United States,,MO
Google Muskogee County Campus,Google,,OK,United States,,OK
Hermantown Data Center,Harmony Group,,MN,United States,,MN
Compass Stateville Data Center,Compass Datacenters,,NC,United States,,NC
Eagle Rock Partners Colleton County Data Center,Eagle Rock Partners LLC,,SC,United States,,SC
Hobart Devco Data Center,Hobart Devco,,IN,United States,,IN
Prologis Butler Data Center,Prologis,,OH,United States,,OH
Crusoe Springfield Data Center,Crusoe,,OH,United States,,OH
Microsoft Gaines Township Data Center,Microsoft,,MI,United States,,MI
Project Skyway - Phase 1,Google,,MN,United States,,MN
Anthropic New York Data Center,Anthropic / Fluidstack,,NY,United States,,NY
AWS Douglas County Data Center,Amazon,,GA,United States,,GA
AWS Butts County Data Center,Amazon,,GA,United States,,GA
Tract Cannon Falls Data Center,Tract,,MN,United States,,MN
Sand Springs Data Center,,,OK,United States,,OK
Microsoft Castroville,Microsoft,,TX,United States,,TX
Quantum Campus,Google,,TX,United States,,TX
Project Baccara,Takanock,,AZ,United States,,AZ
Stargate - Lordstown Campus,Oracle,,OH,United States,,OH
Haskell County Campus,Google,,TX,United States,,TX
Specialized Campus,Amazon,,OR,United States,,OR
Litespeed Campus,Amazon,,OR,United States,,OR
Pivot Campus,Amazon,,OR,United States,,OR
Gray Campus,Amazon,,OR,United States,,OR
Google Little Rock Data Center,Google,,AR,United States,,AR
Fairwater Expansion - Durand Ave,Microsoft,,WI,United States,,WI
Fairwater Expansion - International Dr,Microsoft,,WI,United States,,WI
Cassville Data Center,,,WI,United States,,WI
LBT Sugarloaf Data Center,LBT Investment Group LLC,,PA,United States,,PA
Microsoft Hebron Data Center,Microsoft,,OH,United States,,OH
Microsoft New Albany Data Center,Microsoft,,OH,United States,,OH
Amazon/Stack Louisiana Data Center Campus,Stack Infrastructure,,LA,United States,,LA
Person County Mega Park Data Center,Microsoft,,NC,United States,,NC
Wolcott Data Center,,,IN,United States,,IN
Kingsbury Data Center,,,IN,United States,,IN
Wylie Capital Hobart Data Center,Wylie Capital,,IN,United States,,IN
Phoenix Investments Michigan City Data Center,Phoenix Investments,,IN,United States,,IN
New Carlisle Data Center,,,IN,United States,,IN
Dale Data Center,,,IN,United States,,IN
York 2 Energy Center Data Center,Energy Capital Partners,,PA,United States,,PA
Project Laurel Data Center,MCD 7 LLC,,PA,United States,,PA
Project Flex Data Center,Verrus,,MI,United States,,MI
Klondike Wyalusing Data Center,New Fortress Energy,,PA,United States,,PA
Petawatt Massena Data Center,Petawatt Holdings,,NY,United States,,NY
IBM Poughkeepsie Quantum Data Center,IBM,,NY,United States,,NY
Brookhaven Logistics Center,Unknown,,NY,United States,,NY
Willowbend Little Rock Data Center,Willowbend Capital,,AR,United States,,AR
Serverfarm Clarksville Data Center,Serverfarm,,AR,United States,,AR
Project Tango Loxahatchee,,,FL,United States,,FL
Columbia County Technology Park,Trammell Crow Company,,GA,United States,,GA
QTS Blakely Data Center,QTS,,GA,United States,,GA
AWS Covington Data Center,Amazon,,GA,United States,,GA
TXLAAR Bossier Parish Data Center,TXLAAR LLC,,LA,United States,,LA
State Line Project Data Center,TXLAAR LLC,,LA,United States,,LA
Beale Project Pilot Data Center,Beale Infrastructure,,KS,United States,,KS
CyrusOne Yorkville Campus Phase 2,CyrusOne,,IL,United States,,IL
Western Hospitality Peoria Data Center,Western Hospitality Partners,,IL,United States,,IL
Microsoft Rome Data Center,Microsoft,,GA,United States,,GA
Karis Critical DeKalb Campus,Karis Critical,,IL,United States,,IL
Gail Technology Effingham Data Center,Gail Technology,,IL,United States,,IL
Nexstar Elk Grove Data Center,Nexstar Media Group,,IL,United States,,IL
Amazon Lamar County Data Center,Amazon,,GA,United States,,GA
Trammell Crow Forsyth Campus,Trammell Crow Company,,GA,United States,,GA
US Internet Minneapolis Data Center,US Internet,,MN,United States,,MN
Project Kestrel Data Center,Shenandoah Computing,,MO,United States,,MO
Project Green Data Center,Amazon,,MO,United States,,MO
Project Spade Data Center,Google,,MO,United States,,MO
Alterra Marshall Technology Center,Alterra Development,,MI,United States,,MI
Wiscasset Data Center,,,ME,United States,,ME
Prologis 32 Mile Technical Campus,Prologis,,MI,United States,,MI
Comcast Clinton Data Center,Comcast,,NJ,United States,,NJ
DartPoints Cincinnati Data Center,DartPoints,,OH,United States,,OH
QTS Augusta,QTS,,GA,United States,,GA
AWS Kline Township Data Center,Amazon,,PA,United States,,PA
Amazon Project Galaxy,Amazon,,OH,United States,,OH
Google Lima Data Center,Google,,OH,United States,,OH
QTS York County,QTS,,SC,United States,,SC
QTS South Dallas,QTS,,TX,United States,,TX
QTS Eagle Mountain,QTS,,UT,United States,,UT
Provident Dauphin Highlands Data Center,Provident Realty,,PA,United States,,PA
Beale Project Atlas,Beale Infrastructure,,OK,United States,,OK
Google Project Spring,Google,,OK,United States,,OK
Strata AI Center of Excellence,Strata Expanse,,OH,United States,,OH
Google Franklin Furnace Data Center,Google,,OH,United States,,OH
Beale Project Mustang,Beale Infrastructure,,OK,United States,,OK
CloudHQ Berks 61 Campus,CloudHQ,,PA,United States,,PA
Fairview Crossroads Data Center,Fairview Crossroads LLC,,PA,United States,,PA
Atlas Industrial Data Center,CDE Acquisitions,,PA,United States,,PA
Brewster Mountain Top Data Center,Brewster Land Company,,PA,United States,,PA
SunCap McKees Rocks Data Center,SunCap Property Group,,PA,United States,,PA
Pitt Race Data Center,,,PA,United States,,PA
Mele Brothers Penn Forest Data Center,Mele Brothers Realty,,PA,United States,,PA
Terra Nexus Ventures Data Center,Terra Nexus Ventures,,SC,United States,,SC
Urban Story Ventures Data Center,Urban Story Ventures,,TN,United States,,TN
Equinix DA12,Equinix,,TX,United States,,TX
Lancaster Data Center - Phase 2,Google,,OH,United States,,OH
Prison Road Campus,Microsoft,,VA,United States,,VA
Project Pumpkin 2A,Google,,TX,United States,,TX
AWS Rockfish,Amazon,,TX,United States,,TX
Plaza 500,Starwood Capital Group,,VA,United States,,VA
TELOS Data Center,JK Land Holdings,,VA,United States,,VA
Gateway Commerce Center,Four Points LLC,,VA,United States,,VA
Skybox San Angelo Campus,Skybox,,TX,United States,,TX
Coachella Valley Technology Center,Stronghold Power,,CA,United States,,CA
Forest Lane Data Center,Real Estate Pursuits 2 LC,,VA,United States,,VA
Sisson North,Peterson Companies,,VA,United States,,VA
King George Technology Center,Green Energy Ventures,,VA,United States,,VA
Dahlgren West,Potomac Development Group,,VA,United States,,VA
Caroline Center for Innovation North,,,VA,United States,,VA
Thornberry Data Center Campus,Thornberry LLC,,VA,United States,,VA
Atlas Agro Data Center Campus,Atlas Agro,,WA,United States,,WA
Adams Fork Harless Data Center Energy Campus,TransGas Development LLC,,WV,United States,,WV
Alpha Technologies Huntington Data Center,Alpha Technologies,,WV,United States,,WV
QTS Kearneysville,QTS,,WV,United States,,WV
NETL Computational Science & Engineering Center,National Energy Technology Laboratory,,WV,United States,,WV
Microsoft Azure Cheyenne,Microsoft,,WY,United States,,WY
Fortescue Buckeye Data Center,Fortescue,,AZ,United States,,AZ
Project Pumpkin,,,GA,United States,,GA
HyscaleIX Nashville Carrier Hotel,H5 Data Centers / Novacap,,TN,United States,,TN
HyscaleIX Tampa Carrier Hotel,H5 Data Centers / Novacap,,FL,United States,,FL
Culpeper Technology Campus,Peterson Companies,,VA,United States,,VA
Black Mountain Power San Antonio,Black Mountain,,TX,United States,,TX
New Albany Data Center - Phase 4,Meta,,OH,United States,,OH
Google Stonewall Campus,Google,,VA,United States,,VA
Google Bristow Campus,Google,,VA,United States,,VA
Google Putnam County Data Center,Google,,WV,United States,,WV
Inch & Co South Annville Data Center Campus,Inch & Co. / Eastern Land & Resources,,PA,United States,,PA
Zydeco Hutto Data Center,Zydeco,,TX,United States,,TX
Digital Realty Adair Park Carrier Hotel,Digital Realty,,GA,United States,,GA
AWS Calvert Cliffs Data Center Campus,Amazon,,MD,United States,,MD
DC Blox Indianapolis Data Center,DC Blox,,IN,United States,,IN
Thor Equities Urbana Data Center,Thor Equities / Form8tion,,OH,United States,,OH
